"","end","start","value","id","disease","location","duration","url","name","full_name","admin_level_name","parent","centroid_lat_long","longitude","latitude","disease_name"
"102446886.103",1994-09-20,1994-09-19,0,102446886,"35","102446886","P1D","http://aido.bsvgateway.org/api/locations/102446886/","India","India","Country","http://aido.bsvgateway.org/api/locations/20359812/",22.8879524743579,79.615721549001,22.8879524743579,"Plague"
"102446886.104",1994-09-21,1994-09-20,17,102446886,"35","102446886","P1D","http://aido.bsvgateway.org/api/locations/102446886/","India","India","Country","http://aido.bsvgateway.org/api/locations/20359812/",79.615721549001,79.615721549001,22.8879524743579,"Plague"
"102446886.105",1994-09-22,1994-09-21,36,102446886,"35","102446886","P1D","http://aido.bsvgateway.org/api/locations/102446886/","India","India","Country","http://aido.bsvgateway.org/api/locations/20359812/",22.8879524743579,79.615721549001,22.8879524743579,"Plague"
"102446886.106",1994-09-23,1994-09-22,121,102446886,"35","102446886","P1D","http://aido.bsvgateway.org/api/locations/102446886/","India","India","Country","http://aido.bsvgateway.org/api/locations/20359812/",79.615721549001,79.615721549001,22.8879524743579,"Plague"
"102446886.107",1994-09-24,1994-09-23,153,102446886,"35","102446886","P1D","http://aido.bsvgateway.org/api/locations/102446886/","India","India","Country","http://aido.bsvgateway.org/api/locations/20359812/",22.8879524743579,79.615721549001,22.8879524743579,"Plague"
"102446886.108",1994-09-25,1994-09-24,0,102446886,"35","102446886","P1D","http://aido.bsvgateway.org/api/locations/102446886/","India","India","Country","http://aido.bsvgateway.org/api/locations/20359812/",79.615721549001,79.615721549001,22.8879524743579,"Plague"
"102446886.109",1994-09-26,1994-09-25,133,102446886,"35","102446886","P1D","http://aido.bsvgateway.org/api/locations/102446886/","India","India","Country","http://aido.bsvgateway.org/api/locations/20359812/",22.8879524743579,79.615721549001,22.8879524743579,"Plague"
"102446886.110",2002-01-31,2002-01-30,0,102446886,"35","102446886","P1D","http://aido.bsvgateway.org/api/locations/102446886/","India","India","Country","http://aido.bsvgateway.org/api/locations/20359812/",79.615721549001,79.615721549001,22.8879524743579,"Plague"
"102446886.111",2002-02-01,2002-01-31,0,102446886,"35","102446886","P1D","http://aido.bsvgateway.org/api/locations/102446886/","India","India","Country","http://aido.bsvgateway.org/api/locations/20359812/",22.8879524743579,79.615721549001,22.8879524743579,"Plague"
"102446886.112",2002-02-02,2002-02-01,0,102446886,"35","102446886","P1D","http://aido.bsvgateway.org/api/locations/102446886/","India","India","Country","http://aido.bsvgateway.org/api/locations/20359812/",79.615721549001,79.615721549001,22.8879524743579,"Plague"
"102446886.113",2002-02-03,2002-02-02,1,102446886,"35","102446886","P1D","http://aido.bsvgateway.org/api/locations/102446886/","India","India","Country","http://aido.bsvgateway.org/api/locations/20359812/",22.8879524743579,79.615721549001,22.8879524743579,"Plague"
"102446886.114",2002-02-04,2002-02-03,0,102446886,"35","102446886","P1D","http://aido.bsvgateway.org/api/locations/102446886/","India","India","Country","http://aido.bsvgateway.org/api/locations/20359812/",79.615721549001,79.615721549001,22.8879524743579,"Plague"
"102446886.115",2002-02-05,2002-02-04,0,102446886,"35","102446886","P1D","http://aido.bsvgateway.org/api/locations/102446886/","India","India","Country","http://aido.bsvgateway.org/api/locations/20359812/",22.8879524743579,79.615721549001,22.8879524743579,"Plague"
"102446886.116",2002-02-06,2002-02-05,0,102446886,"35","102446886","P1D","http://aido.bsvgateway.org/api/locations/102446886/","India","India","Country","http://aido.bsvgateway.org/api/locations/20359812/",79.615721549001,79.615721549001,22.8879524743579,"Plague"
"102446886.117",2002-02-07,2002-02-06,1,102446886,"35","102446886","P1D","http://aido.bsvgateway.org/api/locations/102446886/","India","India","Country","http://aido.bsvgateway.org/api/locations/20359812/",22.8879524743579,79.615721549001,22.8879524743579,"Plague"
"102446886.118",2002-02-08,2002-02-07,1,102446886,"35","102446886","P1D","http://aido.bsvgateway.org/api/locations/102446886/","India","India","Country","http://aido.bsvgateway.org/api/locations/20359812/",79.615721549001,79.615721549001,22.8879524743579,"Plague"
"102446886.119",2002-02-09,2002-02-08,1,102446886,"35","102446886","P1D","http://aido.bsvgateway.org/api/locations/102446886/","India","India","Country","http://aido.bsvgateway.org/api/locations/20359812/",22.8879524743579,79.615721549001,22.8879524743579,"Plague"
"102446886.120",2002-02-10,2002-02-09,2,102446886,"35","102446886","P1D","http://aido.bsvgateway.org/api/locations/102446886/","India","India","Country","http://aido.bsvgateway.org/api/locations/20359812/",79.615721549001,79.615721549001,22.8879524743579,"Plague"
"102446886.121",2002-02-11,2002-02-10,3,102446886,"35","102446886","P1D","http://aido.bsvgateway.org/api/locations/102446886/","India","India","Country","http://aido.bsvgateway.org/api/locations/20359812/",22.8879524743579,79.615721549001,22.8879524743579,"Plague"
"102446886.122",2002-02-12,2002-02-11,3,102446886,"35","102446886","P1D","http://aido.bsvgateway.org/api/locations/102446886/","India","India","Country","http://aido.bsvgateway.org/api/locations/20359812/",79.615721549001,79.615721549001,22.8879524743579,"Plague"
"102446886.123",2002-02-13,2002-02-12,4,102446886,"35","102446886","P1D","http://aido.bsvgateway.org/api/locations/102446886/","India","India","Country","http://aido.bsvgateway.org/api/locations/20359812/",22.8879524743579,79.615721549001,22.8879524743579,"Plague"
"102446886.124",2002-02-14,2002-02-13,0,102446886,"35","102446886","P1D","http://aido.bsvgateway.org/api/locations/102446886/","India","India","Country","http://aido.bsvgateway.org/api/locations/20359812/",79.615721549001,79.615721549001,22.8879524743579,"Plague"
"126406511.143",2003-06-02,2003-06-01,0,126406511,"35","126406511","P1D","http://aido.bsvgateway.org/api/locations/126406511/","Oran","Oran, Algeria","State","http://aido.bsvgateway.org/api/locations/226303214/",35.629657430082,-0.632056723392724,35.629657430082,"Plague"
"126406511.144",2003-06-03,2003-06-02,0,126406511,"35","126406511","P1D","http://aido.bsvgateway.org/api/locations/126406511/","Oran","Oran, Algeria","State","http://aido.bsvgateway.org/api/locations/226303214/",-0.632056723392724,-0.632056723392724,35.629657430082,"Plague"
"126406511.145",2003-06-04,2003-06-03,0,126406511,"35","126406511","P1D","http://aido.bsvgateway.org/api/locations/126406511/","Oran","Oran, Algeria","State","http://aido.bsvgateway.org/api/locations/226303214/",35.629657430082,-0.632056723392724,35.629657430082,"Plague"
"126406511.146",2003-06-05,2003-06-04,1,126406511,"35","126406511","P1D","http://aido.bsvgateway.org/api/locations/126406511/","Oran","Oran, Algeria","State","http://aido.bsvgateway.org/api/locations/226303214/",-0.632056723392724,-0.632056723392724,35.629657430082,"Plague"
"126406511.147",2003-06-06,2003-06-05,0,126406511,"35","126406511","P1D","http://aido.bsvgateway.org/api/locations/126406511/","Oran","Oran, Algeria","State","http://aido.bsvgateway.org/api/locations/226303214/",35.629657430082,-0.632056723392724,35.629657430082,"Plague"
"126406511.148",2003-06-07,2003-06-06,0,126406511,"35","126406511","P1D","http://aido.bsvgateway.org/api/locations/126406511/","Oran","Oran, Algeria","State","http://aido.bsvgateway.org/api/locations/226303214/",-0.632056723392724,-0.632056723392724,35.629657430082,"Plague"
"126406511.149",2003-06-08,2003-06-07,0,126406511,"35","126406511","P1D","http://aido.bsvgateway.org/api/locations/126406511/","Oran","Oran, Algeria","State","http://aido.bsvgateway.org/api/locations/226303214/",35.629657430082,-0.632056723392724,35.629657430082,"Plague"
"126406511.150",2003-06-09,2003-06-08,0,126406511,"35","126406511","P1D","http://aido.bsvgateway.org/api/locations/126406511/","Oran","Oran, Algeria","State","http://aido.bsvgateway.org/api/locations/226303214/",-0.632056723392724,-0.632056723392724,35.629657430082,"Plague"
"126406511.151",2003-06-10,2003-06-09,1,126406511,"35","126406511","P1D","http://aido.bsvgateway.org/api/locations/126406511/","Oran","Oran, Algeria","State","http://aido.bsvgateway.org/api/locations/226303214/",35.629657430082,-0.632056723392724,35.629657430082,"Plague"
"126406511.152",2003-06-11,2003-06-10,0,126406511,"35","126406511","P1D","http://aido.bsvgateway.org/api/locations/126406511/","Oran","Oran, Algeria","State","http://aido.bsvgateway.org/api/locations/226303214/",-0.632056723392724,-0.632056723392724,35.629657430082,"Plague"
"126406511.153",2003-06-12,2003-06-11,0,126406511,"35","126406511","P1D","http://aido.bsvgateway.org/api/locations/126406511/","Oran","Oran, Algeria","State","http://aido.bsvgateway.org/api/locations/226303214/",35.629657430082,-0.632056723392724,35.629657430082,"Plague"
"126406511.154",2003-06-13,2003-06-12,0,126406511,"35","126406511","P1D","http://aido.bsvgateway.org/api/locations/126406511/","Oran","Oran, Algeria","State","http://aido.bsvgateway.org/api/locations/226303214/",-0.632056723392724,-0.632056723392724,35.629657430082,"Plague"
"126406511.155",2003-06-14,2003-06-13,1,126406511,"35","126406511","P1D","http://aido.bsvgateway.org/api/locations/126406511/","Oran","Oran, Algeria","State","http://aido.bsvgateway.org/api/locations/226303214/",35.629657430082,-0.632056723392724,35.629657430082,"Plague"
"126406511.156",2003-06-15,2003-06-14,1,126406511,"35","126406511","P1D","http://aido.bsvgateway.org/api/locations/126406511/","Oran","Oran, Algeria","State","http://aido.bsvgateway.org/api/locations/226303214/",-0.632056723392724,-0.632056723392724,35.629657430082,"Plague"
"126406511.157",2003-06-16,2003-06-15,1,126406511,"35","126406511","P1D","http://aido.bsvgateway.org/api/locations/126406511/","Oran","Oran, Algeria","State","http://aido.bsvgateway.org/api/locations/226303214/",35.629657430082,-0.632056723392724,35.629657430082,"Plague"
"126406511.158",2003-06-17,2003-06-16,1,126406511,"35","126406511","P1D","http://aido.bsvgateway.org/api/locations/126406511/","Oran","Oran, Algeria","State","http://aido.bsvgateway.org/api/locations/226303214/",-0.632056723392724,-0.632056723392724,35.629657430082,"Plague"
"126406511.159",2003-06-18,2003-06-17,2,126406511,"35","126406511","P1D","http://aido.bsvgateway.org/api/locations/126406511/","Oran","Oran, Algeria","State","http://aido.bsvgateway.org/api/locations/226303214/",35.629657430082,-0.632056723392724,35.629657430082,"Plague"
"126406511.160",2003-06-19,2003-06-18,0,126406511,"35","126406511","P1D","http://aido.bsvgateway.org/api/locations/126406511/","Oran","Oran, Algeria","State","http://aido.bsvgateway.org/api/locations/226303214/",-0.632056723392724,-0.632056723392724,35.629657430082,"Plague"
"126406511.161",2003-06-20,2003-06-19,1,126406511,"35","126406511","P1D","http://aido.bsvgateway.org/api/locations/126406511/","Oran","Oran, Algeria","State","http://aido.bsvgateway.org/api/locations/226303214/",35.629657430082,-0.632056723392724,35.629657430082,"Plague"
"126406511.162",2003-06-21,2003-06-20,0,126406511,"35","126406511","P1D","http://aido.bsvgateway.org/api/locations/126406511/","Oran","Oran, Algeria","State","http://aido.bsvgateway.org/api/locations/226303214/",-0.632056723392724,-0.632056723392724,35.629657430082,"Plague"
"126406511.163",2003-06-22,2003-06-21,1,126406511,"35","126406511","P1D","http://aido.bsvgateway.org/api/locations/126406511/","Oran","Oran, Algeria","State","http://aido.bsvgateway.org/api/locations/226303214/",35.629657430082,-0.632056723392724,35.629657430082,"Plague"
"126406511.164",2003-06-23,2003-06-22,0,126406511,"35","126406511","P1D","http://aido.bsvgateway.org/api/locations/126406511/","Oran","Oran, Algeria","State","http://aido.bsvgateway.org/api/locations/226303214/",-0.632056723392724,-0.632056723392724,35.629657430082,"Plague"
"126406511.165",2003-06-24,2003-06-23,0,126406511,"35","126406511","P1D","http://aido.bsvgateway.org/api/locations/126406511/","Oran","Oran, Algeria","State","http://aido.bsvgateway.org/api/locations/226303214/",35.629657430082,-0.632056723392724,35.629657430082,"Plague"
"126406511.166",2003-06-25,2003-06-24,0,126406511,"35","126406511","P1D","http://aido.bsvgateway.org/api/locations/126406511/","Oran","Oran, Algeria","State","http://aido.bsvgateway.org/api/locations/226303214/",-0.632056723392724,-0.632056723392724,35.629657430082,"Plague"
"126406511.167",2003-06-26,2003-06-25,0,126406511,"35","126406511","P1D","http://aido.bsvgateway.org/api/locations/126406511/","Oran","Oran, Algeria","State","http://aido.bsvgateway.org/api/locations/226303214/",35.629657430082,-0.632056723392724,35.629657430082,"Plague"
"126406511.168",2003-06-27,2003-06-26,0,126406511,"35","126406511","P1D","http://aido.bsvgateway.org/api/locations/126406511/","Oran","Oran, Algeria","State","http://aido.bsvgateway.org/api/locations/226303214/",-0.632056723392724,-0.632056723392724,35.629657430082,"Plague"
"126406511.169",2003-06-28,2003-06-27,1,126406511,"35","126406511","P1D","http://aido.bsvgateway.org/api/locations/126406511/","Oran","Oran, Algeria","State","http://aido.bsvgateway.org/api/locations/226303214/",35.629657430082,-0.632056723392724,35.629657430082,"Plague"
"126406511.170",2003-06-29,2003-06-28,2,126406511,"35","126406511","P1D","http://aido.bsvgateway.org/api/locations/126406511/","Oran","Oran, Algeria","State","http://aido.bsvgateway.org/api/locations/226303214/",-0.632056723392724,-0.632056723392724,35.629657430082,"Plague"
"126406511.171",2003-06-30,2003-06-29,0,126406511,"35","126406511","P1D","http://aido.bsvgateway.org/api/locations/126406511/","Oran","Oran, Algeria","State","http://aido.bsvgateway.org/api/locations/226303214/",35.629657430082,-0.632056723392724,35.629657430082,"Plague"
"126406511.172",2003-07-01,2003-06-30,2,126406511,"35","126406511","P1D","http://aido.bsvgateway.org/api/locations/126406511/","Oran","Oran, Algeria","State","http://aido.bsvgateway.org/api/locations/226303214/",-0.632056723392724,-0.632056723392724,35.629657430082,"Plague"
"126406511.173",2003-07-02,2003-07-01,1,126406511,"35","126406511","P1D","http://aido.bsvgateway.org/api/locations/126406511/","Oran","Oran, Algeria","State","http://aido.bsvgateway.org/api/locations/226303214/",35.629657430082,-0.632056723392724,35.629657430082,"Plague"
"126406511.174",2003-07-03,2003-07-02,0,126406511,"35","126406511","P1D","http://aido.bsvgateway.org/api/locations/126406511/","Oran","Oran, Algeria","State","http://aido.bsvgateway.org/api/locations/226303214/",-0.632056723392724,-0.632056723392724,35.629657430082,"Plague"
"126406511.175",2003-07-04,2003-07-03,0,126406511,"35","126406511","P1D","http://aido.bsvgateway.org/api/locations/126406511/","Oran","Oran, Algeria","State","http://aido.bsvgateway.org/api/locations/226303214/",35.629657430082,-0.632056723392724,35.629657430082,"Plague"
"126406511.176",2003-07-05,2003-07-04,0,126406511,"35","126406511","P1D","http://aido.bsvgateway.org/api/locations/126406511/","Oran","Oran, Algeria","State","http://aido.bsvgateway.org/api/locations/226303214/",-0.632056723392724,-0.632056723392724,35.629657430082,"Plague"
"126406511.177",2003-07-06,2003-07-05,0,126406511,"35","126406511","P1D","http://aido.bsvgateway.org/api/locations/126406511/","Oran","Oran, Algeria","State","http://aido.bsvgateway.org/api/locations/226303214/",35.629657430082,-0.632056723392724,35.629657430082,"Plague"
"126406511.178",2003-07-07,2003-07-06,0,126406511,"35","126406511","P1D","http://aido.bsvgateway.org/api/locations/126406511/","Oran","Oran, Algeria","State","http://aido.bsvgateway.org/api/locations/226303214/",-0.632056723392724,-0.632056723392724,35.629657430082,"Plague"
"126406511.179",2003-07-08,2003-07-07,0,126406511,"35","126406511","P1D","http://aido.bsvgateway.org/api/locations/126406511/","Oran","Oran, Algeria","State","http://aido.bsvgateway.org/api/locations/226303214/",35.629657430082,-0.632056723392724,35.629657430082,"Plague"
"126406511.180",2003-07-09,2003-07-08,0,126406511,"35","126406511","P1D","http://aido.bsvgateway.org/api/locations/126406511/","Oran","Oran, Algeria","State","http://aido.bsvgateway.org/api/locations/226303214/",-0.632056723392724,-0.632056723392724,35.629657430082,"Plague"
"126406511.181",2003-07-10,2003-07-09,0,126406511,"35","126406511","P1D","http://aido.bsvgateway.org/api/locations/126406511/","Oran","Oran, Algeria","State","http://aido.bsvgateway.org/api/locations/226303214/",35.629657430082,-0.632056723392724,35.629657430082,"Plague"
"126406511.182",2003-07-11,2003-07-10,0,126406511,"35","126406511","P1D","http://aido.bsvgateway.org/api/locations/126406511/","Oran","Oran, Algeria","State","http://aido.bsvgateway.org/api/locations/226303214/",-0.632056723392724,-0.632056723392724,35.629657430082,"Plague"
"126406511.183",2003-07-12,2003-07-11,0,126406511,"35","126406511","P1D","http://aido.bsvgateway.org/api/locations/126406511/","Oran","Oran, Algeria","State","http://aido.bsvgateway.org/api/locations/226303214/",35.629657430082,-0.632056723392724,35.629657430082,"Plague"
"126406511.184",2003-07-13,2003-07-12,0,126406511,"35","126406511","P1D","http://aido.bsvgateway.org/api/locations/126406511/","Oran","Oran, Algeria","State","http://aido.bsvgateway.org/api/locations/226303214/",-0.632056723392724,-0.632056723392724,35.629657430082,"Plague"
"126406511.185",2003-07-14,2003-07-13,0,126406511,"35","126406511","P1D","http://aido.bsvgateway.org/api/locations/126406511/","Oran","Oran, Algeria","State","http://aido.bsvgateway.org/api/locations/226303214/",35.629657430082,-0.632056723392724,35.629657430082,"Plague"
"126406511.186",2003-07-15,2003-07-14,0,126406511,"35","126406511","P1D","http://aido.bsvgateway.org/api/locations/126406511/","Oran","Oran, Algeria","State","http://aido.bsvgateway.org/api/locations/226303214/",-0.632056723392724,-0.632056723392724,35.629657430082,"Plague"
"126406511.187",2003-07-16,2003-07-15,0,126406511,"35","126406511","P1D","http://aido.bsvgateway.org/api/locations/126406511/","Oran","Oran, Algeria","State","http://aido.bsvgateway.org/api/locations/226303214/",35.629657430082,-0.632056723392724,35.629657430082,"Plague"
"126406511.188",2003-07-17,2003-07-16,1,126406511,"35","126406511","P1D","http://aido.bsvgateway.org/api/locations/126406511/","Oran","Oran, Algeria","State","http://aido.bsvgateway.org/api/locations/226303214/",-0.632056723392724,-0.632056723392724,35.629657430082,"Plague"
"126406511.189",2003-07-18,2003-07-17,0,126406511,"35","126406511","P1D","http://aido.bsvgateway.org/api/locations/126406511/","Oran","Oran, Algeria","State","http://aido.bsvgateway.org/api/locations/226303214/",35.629657430082,-0.632056723392724,35.629657430082,"Plague"
"126406511.190",2003-07-19,2003-07-18,0,126406511,"35","126406511","P1D","http://aido.bsvgateway.org/api/locations/126406511/","Oran","Oran, Algeria","State","http://aido.bsvgateway.org/api/locations/226303214/",-0.632056723392724,-0.632056723392724,35.629657430082,"Plague"
"126406511.191",2003-07-20,2003-07-19,0,126406511,"35","126406511","P1D","http://aido.bsvgateway.org/api/locations/126406511/","Oran","Oran, Algeria","State","http://aido.bsvgateway.org/api/locations/226303214/",35.629657430082,-0.632056723392724,35.629657430082,"Plague"
"126406511.192",2003-07-21,2003-07-20,0,126406511,"35","126406511","P1D","http://aido.bsvgateway.org/api/locations/126406511/","Oran","Oran, Algeria","State","http://aido.bsvgateway.org/api/locations/226303214/",-0.632056723392724,-0.632056723392724,35.629657430082,"Plague"
"126406511.193",2003-07-22,2003-07-21,0,126406511,"35","126406511","P1D","http://aido.bsvgateway.org/api/locations/126406511/","Oran","Oran, Algeria","State","http://aido.bsvgateway.org/api/locations/226303214/",35.629657430082,-0.632056723392724,35.629657430082,"Plague"
"126406511.194",2003-07-23,2003-07-22,1,126406511,"35","126406511","P1D","http://aido.bsvgateway.org/api/locations/126406511/","Oran","Oran, Algeria","State","http://aido.bsvgateway.org/api/locations/226303214/",-0.632056723392724,-0.632056723392724,35.629657430082,"Plague"
"126406511.195",2003-07-24,2003-07-23,0,126406511,"35","126406511","P1D","http://aido.bsvgateway.org/api/locations/126406511/","Oran","Oran, Algeria","State","http://aido.bsvgateway.org/api/locations/226303214/",35.629657430082,-0.632056723392724,35.629657430082,"Plague"
"136085430.70",2006-07-23,2006-07-16,2,136085430,"35","136085430","P7D","http://aido.bsvgateway.org/api/locations/136085430/","Uganda","Uganda","Country","http://aido.bsvgateway.org/api/locations/93632501/",1.27569119250862,32.367039852725,1.27569119250862,"Plague"
"136085430.71",2006-07-30,2006-07-23,1,136085430,"35","136085430","P7D","http://aido.bsvgateway.org/api/locations/136085430/","Uganda","Uganda","Country","http://aido.bsvgateway.org/api/locations/93632501/",32.367039852725,32.367039852725,1.27569119250862,"Plague"
"136085430.72",2006-08-06,2006-07-30,0,136085430,"35","136085430","P7D","http://aido.bsvgateway.org/api/locations/136085430/","Uganda","Uganda","Country","http://aido.bsvgateway.org/api/locations/93632501/",1.27569119250862,32.367039852725,1.27569119250862,"Plague"
"136085430.73",2006-08-13,2006-08-06,2,136085430,"35","136085430","P7D","http://aido.bsvgateway.org/api/locations/136085430/","Uganda","Uganda","Country","http://aido.bsvgateway.org/api/locations/93632501/",32.367039852725,32.367039852725,1.27569119250862,"Plague"
"136085430.74",2006-08-20,2006-08-13,1,136085430,"35","136085430","P7D","http://aido.bsvgateway.org/api/locations/136085430/","Uganda","Uganda","Country","http://aido.bsvgateway.org/api/locations/93632501/",1.27569119250862,32.367039852725,1.27569119250862,"Plague"
"136085430.75",2006-08-27,2006-08-20,3,136085430,"35","136085430","P7D","http://aido.bsvgateway.org/api/locations/136085430/","Uganda","Uganda","Country","http://aido.bsvgateway.org/api/locations/93632501/",32.367039852725,32.367039852725,1.27569119250862,"Plague"
"136085430.76",2006-09-03,2006-08-27,0,136085430,"35","136085430","P7D","http://aido.bsvgateway.org/api/locations/136085430/","Uganda","Uganda","Country","http://aido.bsvgateway.org/api/locations/93632501/",1.27569119250862,32.367039852725,1.27569119250862,"Plague"
"136085430.77",2006-09-10,2006-09-03,1,136085430,"35","136085430","P7D","http://aido.bsvgateway.org/api/locations/136085430/","Uganda","Uganda","Country","http://aido.bsvgateway.org/api/locations/93632501/",32.367039852725,32.367039852725,1.27569119250862,"Plague"
"136085430.78",2006-09-17,2006-09-10,4,136085430,"35","136085430","P7D","http://aido.bsvgateway.org/api/locations/136085430/","Uganda","Uganda","Country","http://aido.bsvgateway.org/api/locations/93632501/",1.27569119250862,32.367039852725,1.27569119250862,"Plague"
"136085430.79",2006-09-24,2006-09-17,14,136085430,"35","136085430","P7D","http://aido.bsvgateway.org/api/locations/136085430/","Uganda","Uganda","Country","http://aido.bsvgateway.org/api/locations/93632501/",32.367039852725,32.367039852725,1.27569119250862,"Plague"
"136085430.80",2006-10-01,2006-09-24,3,136085430,"35","136085430","P7D","http://aido.bsvgateway.org/api/locations/136085430/","Uganda","Uganda","Country","http://aido.bsvgateway.org/api/locations/93632501/",1.27569119250862,32.367039852725,1.27569119250862,"Plague"
"136085430.81",2006-10-08,2006-10-01,4,136085430,"35","136085430","P7D","http://aido.bsvgateway.org/api/locations/136085430/","Uganda","Uganda","Country","http://aido.bsvgateway.org/api/locations/93632501/",32.367039852725,32.367039852725,1.27569119250862,"Plague"
"136085430.82",2006-10-15,2006-10-08,5,136085430,"35","136085430","P7D","http://aido.bsvgateway.org/api/locations/136085430/","Uganda","Uganda","Country","http://aido.bsvgateway.org/api/locations/93632501/",1.27569119250862,32.367039852725,1.27569119250862,"Plague"
"136085430.83",2006-10-22,2006-10-15,3,136085430,"35","136085430","P7D","http://aido.bsvgateway.org/api/locations/136085430/","Uganda","Uganda","Country","http://aido.bsvgateway.org/api/locations/93632501/",32.367039852725,32.367039852725,1.27569119250862,"Plague"
"136085430.84",2006-10-29,2006-10-22,4,136085430,"35","136085430","P7D","http://aido.bsvgateway.org/api/locations/136085430/","Uganda","Uganda","Country","http://aido.bsvgateway.org/api/locations/93632501/",1.27569119250862,32.367039852725,1.27569119250862,"Plague"
"136085430.85",2006-11-05,2006-10-29,24,136085430,"35","136085430","P7D","http://aido.bsvgateway.org/api/locations/136085430/","Uganda","Uganda","Country","http://aido.bsvgateway.org/api/locations/93632501/",32.367039852725,32.367039852725,1.27569119250862,"Plague"
"136085430.86",2006-11-12,2006-11-05,17,136085430,"35","136085430","P7D","http://aido.bsvgateway.org/api/locations/136085430/","Uganda","Uganda","Country","http://aido.bsvgateway.org/api/locations/93632501/",1.27569119250862,32.367039852725,1.27569119250862,"Plague"
"136085430.87",2006-11-19,2006-11-12,14,136085430,"35","136085430","P7D","http://aido.bsvgateway.org/api/locations/136085430/","Uganda","Uganda","Country","http://aido.bsvgateway.org/api/locations/93632501/",32.367039852725,32.367039852725,1.27569119250862,"Plague"
"136085430.88",2006-11-26,2006-11-19,8,136085430,"35","136085430","P7D","http://aido.bsvgateway.org/api/locations/136085430/","Uganda","Uganda","Country","http://aido.bsvgateway.org/api/locations/93632501/",1.27569119250862,32.367039852725,1.27569119250862,"Plague"
"136085430.89",2006-12-03,2006-11-26,9,136085430,"35","136085430","P7D","http://aido.bsvgateway.org/api/locations/136085430/","Uganda","Uganda","Country","http://aido.bsvgateway.org/api/locations/93632501/",32.367039852725,32.367039852725,1.27569119250862,"Plague"
"136085430.90",2006-12-10,2006-12-03,3,136085430,"35","136085430","P7D","http://aido.bsvgateway.org/api/locations/136085430/","Uganda","Uganda","Country","http://aido.bsvgateway.org/api/locations/93632501/",1.27569119250862,32.367039852725,1.27569119250862,"Plague"
"136085430.91",2006-12-17,2006-12-10,3,136085430,"35","136085430","P7D","http://aido.bsvgateway.org/api/locations/136085430/","Uganda","Uganda","Country","http://aido.bsvgateway.org/api/locations/93632501/",32.367039852725,32.367039852725,1.27569119250862,"Plague"
"136085430.92",2006-12-24,2006-12-17,2,136085430,"35","136085430","P7D","http://aido.bsvgateway.org/api/locations/136085430/","Uganda","Uganda","Country","http://aido.bsvgateway.org/api/locations/93632501/",1.27569119250862,32.367039852725,1.27569119250862,"Plague"
"136085430.93",2006-12-31,2006-12-24,1,136085430,"35","136085430","P7D","http://aido.bsvgateway.org/api/locations/136085430/","Uganda","Uganda","Country","http://aido.bsvgateway.org/api/locations/93632501/",32.367039852725,32.367039852725,1.27569119250862,"Plague"
"142369952.27",1997-10-21,1997-10-20,1,142369952,"35","142369952","P1D","http://aido.bsvgateway.org/api/locations/142369952/","Madagascar","Madagascar","Country","http://aido.bsvgateway.org/api/locations/93632501/",-19.3731675300067,46.7059983133487,-19.3731675300067,"Plague"
"142369952.28",1997-10-22,1997-10-21,0,142369952,"35","142369952","P1D","http://aido.bsvgateway.org/api/locations/142369952/","Madagascar","Madagascar","Country","http://aido.bsvgateway.org/api/locations/93632501/",46.7059983133487,46.7059983133487,-19.3731675300067,"Plague"
"142369952.29",1997-10-23,1997-10-22,0,142369952,"35","142369952","P1D","http://aido.bsvgateway.org/api/locations/142369952/","Madagascar","Madagascar","Country","http://aido.bsvgateway.org/api/locations/93632501/",-19.3731675300067,46.7059983133487,-19.3731675300067,"Plague"
"142369952.30",1997-10-24,1997-10-23,1,142369952,"35","142369952","P1D","http://aido.bsvgateway.org/api/locations/142369952/","Madagascar","Madagascar","Country","http://aido.bsvgateway.org/api/locations/93632501/",46.7059983133487,46.7059983133487,-19.3731675300067,"Plague"
"142369952.31",1997-10-25,1997-10-24,3,142369952,"35","142369952","P1D","http://aido.bsvgateway.org/api/locations/142369952/","Madagascar","Madagascar","Country","http://aido.bsvgateway.org/api/locations/93632501/",-19.3731675300067,46.7059983133487,-19.3731675300067,"Plague"
"142369952.32",1997-10-26,1997-10-25,0,142369952,"35","142369952","P1D","http://aido.bsvgateway.org/api/locations/142369952/","Madagascar","Madagascar","Country","http://aido.bsvgateway.org/api/locations/93632501/",46.7059983133487,46.7059983133487,-19.3731675300067,"Plague"
"142369952.33",1997-10-27,1997-10-26,0,142369952,"35","142369952","P1D","http://aido.bsvgateway.org/api/locations/142369952/","Madagascar","Madagascar","Country","http://aido.bsvgateway.org/api/locations/93632501/",-19.3731675300067,46.7059983133487,-19.3731675300067,"Plague"
"142369952.34",1997-10-28,1997-10-27,0,142369952,"35","142369952","P1D","http://aido.bsvgateway.org/api/locations/142369952/","Madagascar","Madagascar","Country","http://aido.bsvgateway.org/api/locations/93632501/",46.7059983133487,46.7059983133487,-19.3731675300067,"Plague"
"142369952.35",1997-10-29,1997-10-28,1,142369952,"35","142369952","P1D","http://aido.bsvgateway.org/api/locations/142369952/","Madagascar","Madagascar","Country","http://aido.bsvgateway.org/api/locations/93632501/",-19.3731675300067,46.7059983133487,-19.3731675300067,"Plague"
"142369952.36",1997-10-30,1997-10-29,4,142369952,"35","142369952","P1D","http://aido.bsvgateway.org/api/locations/142369952/","Madagascar","Madagascar","Country","http://aido.bsvgateway.org/api/locations/93632501/",46.7059983133487,46.7059983133487,-19.3731675300067,"Plague"
"142369952.37",1997-10-31,1997-10-30,6,142369952,"35","142369952","P1D","http://aido.bsvgateway.org/api/locations/142369952/","Madagascar","Madagascar","Country","http://aido.bsvgateway.org/api/locations/93632501/",-19.3731675300067,46.7059983133487,-19.3731675300067,"Plague"
"142369952.38",1997-11-01,1997-10-31,0,142369952,"35","142369952","P1D","http://aido.bsvgateway.org/api/locations/142369952/","Madagascar","Madagascar","Country","http://aido.bsvgateway.org/api/locations/93632501/",46.7059983133487,46.7059983133487,-19.3731675300067,"Plague"
"142369952.39",1997-11-02,1997-11-01,0,142369952,"35","142369952","P1D","http://aido.bsvgateway.org/api/locations/142369952/","Madagascar","Madagascar","Country","http://aido.bsvgateway.org/api/locations/93632501/",-19.3731675300067,46.7059983133487,-19.3731675300067,"Plague"
"142369952.40",1997-11-03,1997-11-02,0,142369952,"35","142369952","P1D","http://aido.bsvgateway.org/api/locations/142369952/","Madagascar","Madagascar","Country","http://aido.bsvgateway.org/api/locations/93632501/",46.7059983133487,46.7059983133487,-19.3731675300067,"Plague"
"142369952.41",1997-11-04,1997-11-03,2,142369952,"35","142369952","P1D","http://aido.bsvgateway.org/api/locations/142369952/","Madagascar","Madagascar","Country","http://aido.bsvgateway.org/api/locations/93632501/",-19.3731675300067,46.7059983133487,-19.3731675300067,"Plague"
"142369952.42",1997-11-05,1997-11-04,0,142369952,"35","142369952","P1D","http://aido.bsvgateway.org/api/locations/142369952/","Madagascar","Madagascar","Country","http://aido.bsvgateway.org/api/locations/93632501/",46.7059983133487,46.7059983133487,-19.3731675300067,"Plague"
"142369952.43",2011-01-15,2011-01-14,1,142369952,"35","142369952","P1D","http://aido.bsvgateway.org/api/locations/142369952/","Madagascar","Madagascar","Country","http://aido.bsvgateway.org/api/locations/93632501/",-19.3731675300067,46.7059983133487,-19.3731675300067,"Plague"
"142369952.44",2011-01-16,2011-01-15,0,142369952,"35","142369952","P1D","http://aido.bsvgateway.org/api/locations/142369952/","Madagascar","Madagascar","Country","http://aido.bsvgateway.org/api/locations/93632501/",46.7059983133487,46.7059983133487,-19.3731675300067,"Plague"
"142369952.45",2011-01-17,2011-01-16,0,142369952,"35","142369952","P1D","http://aido.bsvgateway.org/api/locations/142369952/","Madagascar","Madagascar","Country","http://aido.bsvgateway.org/api/locations/93632501/",-19.3731675300067,46.7059983133487,-19.3731675300067,"Plague"
"142369952.46",2011-01-18,2011-01-17,0,142369952,"35","142369952","P1D","http://aido.bsvgateway.org/api/locations/142369952/","Madagascar","Madagascar","Country","http://aido.bsvgateway.org/api/locations/93632501/",46.7059983133487,46.7059983133487,-19.3731675300067,"Plague"
"142369952.47",2011-01-19,2011-01-18,0,142369952,"35","142369952","P1D","http://aido.bsvgateway.org/api/locations/142369952/","Madagascar","Madagascar","Country","http://aido.bsvgateway.org/api/locations/93632501/",-19.3731675300067,46.7059983133487,-19.3731675300067,"Plague"
"142369952.48",2011-01-20,2011-01-19,0,142369952,"35","142369952","P1D","http://aido.bsvgateway.org/api/locations/142369952/","Madagascar","Madagascar","Country","http://aido.bsvgateway.org/api/locations/93632501/",46.7059983133487,46.7059983133487,-19.3731675300067,"Plague"
"142369952.49",2011-01-21,2011-01-20,0,142369952,"35","142369952","P1D","http://aido.bsvgateway.org/api/locations/142369952/","Madagascar","Madagascar","Country","http://aido.bsvgateway.org/api/locations/93632501/",-19.3731675300067,46.7059983133487,-19.3731675300067,"Plague"
"142369952.50",2011-01-22,2011-01-21,1,142369952,"35","142369952","P1D","http://aido.bsvgateway.org/api/locations/142369952/","Madagascar","Madagascar","Country","http://aido.bsvgateway.org/api/locations/93632501/",46.7059983133487,46.7059983133487,-19.3731675300067,"Plague"
"142369952.51",2011-01-23,2011-01-22,3,142369952,"35","142369952","P1D","http://aido.bsvgateway.org/api/locations/142369952/","Madagascar","Madagascar","Country","http://aido.bsvgateway.org/api/locations/93632501/",-19.3731675300067,46.7059983133487,-19.3731675300067,"Plague"
"142369952.52",2011-01-24,2011-01-23,0,142369952,"35","142369952","P1D","http://aido.bsvgateway.org/api/locations/142369952/","Madagascar","Madagascar","Country","http://aido.bsvgateway.org/api/locations/93632501/",46.7059983133487,46.7059983133487,-19.3731675300067,"Plague"
"142369952.53",2011-01-25,2011-01-24,0,142369952,"35","142369952","P1D","http://aido.bsvgateway.org/api/locations/142369952/","Madagascar","Madagascar","Country","http://aido.bsvgateway.org/api/locations/93632501/",-19.3731675300067,46.7059983133487,-19.3731675300067,"Plague"
"142369952.54",2011-01-26,2011-01-25,0,142369952,"35","142369952","P1D","http://aido.bsvgateway.org/api/locations/142369952/","Madagascar","Madagascar","Country","http://aido.bsvgateway.org/api/locations/93632501/",46.7059983133487,46.7059983133487,-19.3731675300067,"Plague"
"142369952.55",2011-01-27,2011-01-26,4,142369952,"35","142369952","P1D","http://aido.bsvgateway.org/api/locations/142369952/","Madagascar","Madagascar","Country","http://aido.bsvgateway.org/api/locations/93632501/",-19.3731675300067,46.7059983133487,-19.3731675300067,"Plague"
"142369952.56",2011-01-28,2011-01-27,2,142369952,"35","142369952","P1D","http://aido.bsvgateway.org/api/locations/142369952/","Madagascar","Madagascar","Country","http://aido.bsvgateway.org/api/locations/93632501/",46.7059983133487,46.7059983133487,-19.3731675300067,"Plague"
"142369952.57",2011-01-29,2011-01-28,4,142369952,"35","142369952","P1D","http://aido.bsvgateway.org/api/locations/142369952/","Madagascar","Madagascar","Country","http://aido.bsvgateway.org/api/locations/93632501/",-19.3731675300067,46.7059983133487,-19.3731675300067,"Plague"
"142369952.58",2011-01-30,2011-01-29,0,142369952,"35","142369952","P1D","http://aido.bsvgateway.org/api/locations/142369952/","Madagascar","Madagascar","Country","http://aido.bsvgateway.org/api/locations/93632501/",46.7059983133487,46.7059983133487,-19.3731675300067,"Plague"
"142369952.59",2011-01-31,2011-01-30,2,142369952,"35","142369952","P1D","http://aido.bsvgateway.org/api/locations/142369952/","Madagascar","Madagascar","Country","http://aido.bsvgateway.org/api/locations/93632501/",-19.3731675300067,46.7059983133487,-19.3731675300067,"Plague"
"142369952.60",2011-02-01,2011-01-31,1,142369952,"35","142369952","P1D","http://aido.bsvgateway.org/api/locations/142369952/","Madagascar","Madagascar","Country","http://aido.bsvgateway.org/api/locations/93632501/",46.7059983133487,46.7059983133487,-19.3731675300067,"Plague"
"142369952.61",2011-02-02,2011-02-01,0,142369952,"35","142369952","P1D","http://aido.bsvgateway.org/api/locations/142369952/","Madagascar","Madagascar","Country","http://aido.bsvgateway.org/api/locations/93632501/",-19.3731675300067,46.7059983133487,-19.3731675300067,"Plague"
"142369952.62",2011-02-03,2011-02-02,0,142369952,"35","142369952","P1D","http://aido.bsvgateway.org/api/locations/142369952/","Madagascar","Madagascar","Country","http://aido.bsvgateway.org/api/locations/93632501/",46.7059983133487,46.7059983133487,-19.3731675300067,"Plague"
"142369952.63",2011-02-04,2011-02-03,0,142369952,"35","142369952","P1D","http://aido.bsvgateway.org/api/locations/142369952/","Madagascar","Madagascar","Country","http://aido.bsvgateway.org/api/locations/93632501/",-19.3731675300067,46.7059983133487,-19.3731675300067,"Plague"
"142369952.64",2011-02-05,2011-02-04,0,142369952,"35","142369952","P1D","http://aido.bsvgateway.org/api/locations/142369952/","Madagascar","Madagascar","Country","http://aido.bsvgateway.org/api/locations/93632501/",46.7059983133487,46.7059983133487,-19.3731675300067,"Plague"
"142369952.65",2011-02-06,2011-02-05,0,142369952,"35","142369952","P1D","http://aido.bsvgateway.org/api/locations/142369952/","Madagascar","Madagascar","Country","http://aido.bsvgateway.org/api/locations/93632501/",-19.3731675300067,46.7059983133487,-19.3731675300067,"Plague"
"142369952.66",2011-02-07,2011-02-06,1,142369952,"35","142369952","P1D","http://aido.bsvgateway.org/api/locations/142369952/","Madagascar","Madagascar","Country","http://aido.bsvgateway.org/api/locations/93632501/",46.7059983133487,46.7059983133487,-19.3731675300067,"Plague"
"142369952.67",2011-02-08,2011-02-07,0,142369952,"35","142369952","P1D","http://aido.bsvgateway.org/api/locations/142369952/","Madagascar","Madagascar","Country","http://aido.bsvgateway.org/api/locations/93632501/",-19.3731675300067,46.7059983133487,-19.3731675300067,"Plague"
"142369952.68",2011-02-09,2011-02-08,0,142369952,"35","142369952","P1D","http://aido.bsvgateway.org/api/locations/142369952/","Madagascar","Madagascar","Country","http://aido.bsvgateway.org/api/locations/93632501/",46.7059983133487,46.7059983133487,-19.3731675300067,"Plague"
"142369952.69",2011-02-10,2011-02-09,1,142369952,"35","142369952","P1D","http://aido.bsvgateway.org/api/locations/142369952/","Madagascar","Madagascar","Country","http://aido.bsvgateway.org/api/locations/93632501/",-19.3731675300067,46.7059983133487,-19.3731675300067,"Plague"
"149387683.94",2009-07-23,2009-07-22,0,149387683,"35","149387683","P1D","http://aido.bsvgateway.org/api/locations/149387683/","China","China","Country","http://aido.bsvgateway.org/api/locations/20359812/",36.5601151532282,103.831571744511,36.5601151532282,"Plague"
"149387683.95",2009-07-24,2009-07-23,0,149387683,"35","149387683","P1D","http://aido.bsvgateway.org/api/locations/149387683/","China","China","Country","http://aido.bsvgateway.org/api/locations/20359812/",103.831571744511,103.831571744511,36.5601151532282,"Plague"
"149387683.96",2009-07-25,2009-07-24,0,149387683,"35","149387683","P1D","http://aido.bsvgateway.org/api/locations/149387683/","China","China","Country","http://aido.bsvgateway.org/api/locations/20359812/",36.5601151532282,103.831571744511,36.5601151532282,"Plague"
"149387683.97",2009-07-26,2009-07-25,1,149387683,"35","149387683","P1D","http://aido.bsvgateway.org/api/locations/149387683/","China","China","Country","http://aido.bsvgateway.org/api/locations/20359812/",103.831571744511,103.831571744511,36.5601151532282,"Plague"
"149387683.98",2009-07-27,2009-07-26,0,149387683,"35","149387683","P1D","http://aido.bsvgateway.org/api/locations/149387683/","China","China","Country","http://aido.bsvgateway.org/api/locations/20359812/",36.5601151532282,103.831571744511,36.5601151532282,"Plague"
"149387683.99",2009-07-28,2009-07-27,0,149387683,"35","149387683","P1D","http://aido.bsvgateway.org/api/locations/149387683/","China","China","Country","http://aido.bsvgateway.org/api/locations/20359812/",103.831571744511,103.831571744511,36.5601151532282,"Plague"
"149387683.100",2009-07-29,2009-07-28,8,149387683,"35","149387683","P1D","http://aido.bsvgateway.org/api/locations/149387683/","China","China","Country","http://aido.bsvgateway.org/api/locations/20359812/",36.5601151532282,103.831571744511,36.5601151532282,"Plague"
"149387683.101",2009-07-30,2009-07-29,3,149387683,"35","149387683","P1D","http://aido.bsvgateway.org/api/locations/149387683/","China","China","Country","http://aido.bsvgateway.org/api/locations/20359812/",103.831571744511,103.831571744511,36.5601151532282,"Plague"
"149387683.102",2009-07-31,2009-07-30,0,149387683,"35","149387683","P1D","http://aido.bsvgateway.org/api/locations/149387683/","China","China","Country","http://aido.bsvgateway.org/api/locations/20359812/",36.5601151532282,103.831571744511,36.5601151532282,"Plague"
"236286771.127",2010-04-18,2010-04-11,1,236286771,"35","236286771","P7D","http://aido.bsvgateway.org/api/locations/236286771/","Peru","Peru","Country","http://aido.bsvgateway.org/api/locations/13410479/",-9.15438848311193,-74.3780645707316,-9.15438848311193,"Plague"
"236286771.128",2010-04-25,2010-04-18,4,236286771,"35","236286771","P7D","http://aido.bsvgateway.org/api/locations/236286771/","Peru","Peru","Country","http://aido.bsvgateway.org/api/locations/13410479/",-74.3780645707316,-74.3780645707316,-9.15438848311193,"Plague"
"236286771.129",2010-05-02,2010-04-25,0,236286771,"35","236286771","P7D","http://aido.bsvgateway.org/api/locations/236286771/","Peru","Peru","Country","http://aido.bsvgateway.org/api/locations/13410479/",-9.15438848311193,-74.3780645707316,-9.15438848311193,"Plague"
"236286771.130",2010-05-09,2010-05-02,1,236286771,"35","236286771","P7D","http://aido.bsvgateway.org/api/locations/236286771/","Peru","Peru","Country","http://aido.bsvgateway.org/api/locations/13410479/",-74.3780645707316,-74.3780645707316,-9.15438848311193,"Plague"
"236286771.131",2010-05-16,2010-05-09,1,236286771,"35","236286771","P7D","http://aido.bsvgateway.org/api/locations/236286771/","Peru","Peru","Country","http://aido.bsvgateway.org/api/locations/13410479/",-9.15438848311193,-74.3780645707316,-9.15438848311193,"Plague"
"236286771.132",2010-05-23,2010-05-16,0,236286771,"35","236286771","P7D","http://aido.bsvgateway.org/api/locations/236286771/","Peru","Peru","Country","http://aido.bsvgateway.org/api/locations/13410479/",-74.3780645707316,-74.3780645707316,-9.15438848311193,"Plague"
"236286771.133",2010-05-30,2010-05-23,3,236286771,"35","236286771","P7D","http://aido.bsvgateway.org/api/locations/236286771/","Peru","Peru","Country","http://aido.bsvgateway.org/api/locations/13410479/",-9.15438848311193,-74.3780645707316,-9.15438848311193,"Plague"
"236286771.134",2010-06-06,2010-05-30,0,236286771,"35","236286771","P7D","http://aido.bsvgateway.org/api/locations/236286771/","Peru","Peru","Country","http://aido.bsvgateway.org/api/locations/13410479/",-74.3780645707316,-74.3780645707316,-9.15438848311193,"Plague"
"236286771.135",2010-06-13,2010-06-06,0,236286771,"35","236286771","P7D","http://aido.bsvgateway.org/api/locations/236286771/","Peru","Peru","Country","http://aido.bsvgateway.org/api/locations/13410479/",-9.15438848311193,-74.3780645707316,-9.15438848311193,"Plague"
"236286771.136",2010-06-20,2010-06-13,1,236286771,"35","236286771","P7D","http://aido.bsvgateway.org/api/locations/236286771/","Peru","Peru","Country","http://aido.bsvgateway.org/api/locations/13410479/",-74.3780645707316,-74.3780645707316,-9.15438848311193,"Plague"
"236286771.137",2010-06-27,2010-06-20,2,236286771,"35","236286771","P7D","http://aido.bsvgateway.org/api/locations/236286771/","Peru","Peru","Country","http://aido.bsvgateway.org/api/locations/13410479/",-9.15438848311193,-74.3780645707316,-9.15438848311193,"Plague"
"236286771.138",2010-07-04,2010-06-27,1,236286771,"35","236286771","P7D","http://aido.bsvgateway.org/api/locations/236286771/","Peru","Peru","Country","http://aido.bsvgateway.org/api/locations/13410479/",-74.3780645707316,-74.3780645707316,-9.15438848311193,"Plague"
"236286771.139",2010-07-11,2010-07-04,3,236286771,"35","236286771","P7D","http://aido.bsvgateway.org/api/locations/236286771/","Peru","Peru","Country","http://aido.bsvgateway.org/api/locations/13410479/",-9.15438848311193,-74.3780645707316,-9.15438848311193,"Plague"
"236286771.140",2010-07-18,2010-07-11,5,236286771,"35","236286771","P7D","http://aido.bsvgateway.org/api/locations/236286771/","Peru","Peru","Country","http://aido.bsvgateway.org/api/locations/13410479/",-74.3780645707316,-74.3780645707316,-9.15438848311193,"Plague"
"236286771.141",2010-07-25,2010-07-18,4,236286771,"35","236286771","P7D","http://aido.bsvgateway.org/api/locations/236286771/","Peru","Peru","Country","http://aido.bsvgateway.org/api/locations/13410479/",-9.15438848311193,-74.3780645707316,-9.15438848311193,"Plague"
"236286771.142",2010-08-01,2010-07-25,1,236286771,"35","236286771","P7D","http://aido.bsvgateway.org/api/locations/236286771/","Peru","Peru","Country","http://aido.bsvgateway.org/api/locations/13410479/",-74.3780645707316,-74.3780645707316,-9.15438848311193,"Plague"
"24852740.15",2009-06-08,2009-06-07,0,24852740,"35","24852740","P1D","http://aido.bsvgateway.org/api/locations/24852740/","Libya","Libya","Country","http://aido.bsvgateway.org/api/locations/93632501/",27.0302779756634,18.0096051211382,27.0302779756634,"Plague"
"24852740.16",2009-06-09,2009-06-08,0,24852740,"35","24852740","P1D","http://aido.bsvgateway.org/api/locations/24852740/","Libya","Libya","Country","http://aido.bsvgateway.org/api/locations/93632501/",18.0096051211382,18.0096051211382,27.0302779756634,"Plague"
"24852740.17",2009-06-10,2009-06-09,3,24852740,"35","24852740","P1D","http://aido.bsvgateway.org/api/locations/24852740/","Libya","Libya","Country","http://aido.bsvgateway.org/api/locations/93632501/",27.0302779756634,18.0096051211382,27.0302779756634,"Plague"
"24852740.18",2009-06-11,2009-06-10,0,24852740,"35","24852740","P1D","http://aido.bsvgateway.org/api/locations/24852740/","Libya","Libya","Country","http://aido.bsvgateway.org/api/locations/93632501/",18.0096051211382,18.0096051211382,27.0302779756634,"Plague"
"24852740.19",2009-06-12,2009-06-11,0,24852740,"35","24852740","P1D","http://aido.bsvgateway.org/api/locations/24852740/","Libya","Libya","Country","http://aido.bsvgateway.org/api/locations/93632501/",27.0302779756634,18.0096051211382,27.0302779756634,"Plague"
"24852740.20",2009-06-13,2009-06-12,0,24852740,"35","24852740","P1D","http://aido.bsvgateway.org/api/locations/24852740/","Libya","Libya","Country","http://aido.bsvgateway.org/api/locations/93632501/",18.0096051211382,18.0096051211382,27.0302779756634,"Plague"
"24852740.21",2009-06-14,2009-06-13,0,24852740,"35","24852740","P1D","http://aido.bsvgateway.org/api/locations/24852740/","Libya","Libya","Country","http://aido.bsvgateway.org/api/locations/93632501/",27.0302779756634,18.0096051211382,27.0302779756634,"Plague"
"24852740.22",2009-06-15,2009-06-14,0,24852740,"35","24852740","P1D","http://aido.bsvgateway.org/api/locations/24852740/","Libya","Libya","Country","http://aido.bsvgateway.org/api/locations/93632501/",18.0096051211382,18.0096051211382,27.0302779756634,"Plague"
"24852740.23",2009-06-16,2009-06-15,0,24852740,"35","24852740","P1D","http://aido.bsvgateway.org/api/locations/24852740/","Libya","Libya","Country","http://aido.bsvgateway.org/api/locations/93632501/",27.0302779756634,18.0096051211382,27.0302779756634,"Plague"
"24852740.24",2009-06-17,2009-06-16,1,24852740,"35","24852740","P1D","http://aido.bsvgateway.org/api/locations/24852740/","Libya","Libya","Country","http://aido.bsvgateway.org/api/locations/93632501/",18.0096051211382,18.0096051211382,27.0302779756634,"Plague"
"24852740.25",2009-06-18,2009-06-17,0,24852740,"35","24852740","P1D","http://aido.bsvgateway.org/api/locations/24852740/","Libya","Libya","Country","http://aido.bsvgateway.org/api/locations/93632501/",27.0302779756634,18.0096051211382,27.0302779756634,"Plague"
"24852740.26",2009-06-19,2009-06-18,1,24852740,"35","24852740","P1D","http://aido.bsvgateway.org/api/locations/24852740/","Libya","Libya","Country","http://aido.bsvgateway.org/api/locations/93632501/",18.0096051211382,18.0096051211382,27.0302779756634,"Plague"
"36502864.196",2015-08-18,2015-08-17,1,36502864,"35","36502864","P1D","http://aido.bsvgateway.org/api/locations/36502864/","Alaotra-Mangoro","Alaotra-Mangoro, Madagascar","State","http://aido.bsvgateway.org/api/locations/142369952/",-17.9330477495433,48.3404867693542,-17.9330477495433,"Plague"
"36502864.197",2015-08-19,2015-08-18,0,36502864,"35","36502864","P1D","http://aido.bsvgateway.org/api/locations/36502864/","Alaotra-Mangoro","Alaotra-Mangoro, Madagascar","State","http://aido.bsvgateway.org/api/locations/142369952/",48.3404867693542,48.3404867693542,-17.9330477495433,"Plague"
"36502864.198",2015-08-20,2015-08-19,0,36502864,"35","36502864","P1D","http://aido.bsvgateway.org/api/locations/36502864/","Alaotra-Mangoro","Alaotra-Mangoro, Madagascar","State","http://aido.bsvgateway.org/api/locations/142369952/",-17.9330477495433,48.3404867693542,-17.9330477495433,"Plague"
"36502864.199",2015-08-21,2015-08-20,0,36502864,"35","36502864","P1D","http://aido.bsvgateway.org/api/locations/36502864/","Alaotra-Mangoro","Alaotra-Mangoro, Madagascar","State","http://aido.bsvgateway.org/api/locations/142369952/",48.3404867693542,48.3404867693542,-17.9330477495433,"Plague"
"36502864.200",2015-08-22,2015-08-21,0,36502864,"35","36502864","P1D","http://aido.bsvgateway.org/api/locations/36502864/","Alaotra-Mangoro","Alaotra-Mangoro, Madagascar","State","http://aido.bsvgateway.org/api/locations/142369952/",-17.9330477495433,48.3404867693542,-17.9330477495433,"Plague"
"36502864.201",2015-08-23,2015-08-22,6,36502864,"35","36502864","P1D","http://aido.bsvgateway.org/api/locations/36502864/","Alaotra-Mangoro","Alaotra-Mangoro, Madagascar","State","http://aido.bsvgateway.org/api/locations/142369952/",48.3404867693542,48.3404867693542,-17.9330477495433,"Plague"
"36502864.202",2015-08-24,2015-08-23,5,36502864,"35","36502864","P1D","http://aido.bsvgateway.org/api/locations/36502864/","Alaotra-Mangoro","Alaotra-Mangoro, Madagascar","State","http://aido.bsvgateway.org/api/locations/142369952/",-17.9330477495433,48.3404867693542,-17.9330477495433,"Plague"
"36502864.203",2015-08-25,2015-08-24,0,36502864,"35","36502864","P1D","http://aido.bsvgateway.org/api/locations/36502864/","Alaotra-Mangoro","Alaotra-Mangoro, Madagascar","State","http://aido.bsvgateway.org/api/locations/142369952/",48.3404867693542,48.3404867693542,-17.9330477495433,"Plague"
"36502864.204",2015-08-26,2015-08-25,1,36502864,"35","36502864","P1D","http://aido.bsvgateway.org/api/locations/36502864/","Alaotra-Mangoro","Alaotra-Mangoro, Madagascar","State","http://aido.bsvgateway.org/api/locations/142369952/",-17.9330477495433,48.3404867693542,-17.9330477495433,"Plague"
"36502864.205",2015-08-27,2015-08-26,1,36502864,"35","36502864","P1D","http://aido.bsvgateway.org/api/locations/36502864/","Alaotra-Mangoro","Alaotra-Mangoro, Madagascar","State","http://aido.bsvgateway.org/api/locations/142369952/",48.3404867693542,48.3404867693542,-17.9330477495433,"Plague"
"46892013.216",1994-09-05,1994-08-29,3,46892013,"35","46892013","P7D","http://aido.bsvgateway.org/api/locations/46892013/","Tete","Tete, Mozambique","State","http://aido.bsvgateway.org/api/locations/24068330/",-15.5214154625107,32.7415915618535,-15.5214154625107,"Plague"
"46892013.217",1994-09-12,1994-09-05,14,46892013,"35","46892013","P7D","http://aido.bsvgateway.org/api/locations/46892013/","Tete","Tete, Mozambique","State","http://aido.bsvgateway.org/api/locations/24068330/",32.7415915618535,32.7415915618535,-15.5214154625107,"Plague"
"46892013.218",1994-09-19,1994-09-12,19,46892013,"35","46892013","P7D","http://aido.bsvgateway.org/api/locations/46892013/","Tete","Tete, Mozambique","State","http://aido.bsvgateway.org/api/locations/24068330/",-15.5214154625107,32.7415915618535,-15.5214154625107,"Plague"
"46892013.219",1994-09-26,1994-09-19,21,46892013,"35","46892013","P7D","http://aido.bsvgateway.org/api/locations/46892013/","Tete","Tete, Mozambique","State","http://aido.bsvgateway.org/api/locations/24068330/",32.7415915618535,32.7415915618535,-15.5214154625107,"Plague"
"46892013.220",1994-10-03,1994-09-26,92,46892013,"35","46892013","P7D","http://aido.bsvgateway.org/api/locations/46892013/","Tete","Tete, Mozambique","State","http://aido.bsvgateway.org/api/locations/24068330/",-15.5214154625107,32.7415915618535,-15.5214154625107,"Plague"
"46892013.221",1994-10-10,1994-10-03,28,46892013,"35","46892013","P7D","http://aido.bsvgateway.org/api/locations/46892013/","Tete","Tete, Mozambique","State","http://aido.bsvgateway.org/api/locations/24068330/",32.7415915618535,32.7415915618535,-15.5214154625107,"Plague"
"46892013.222",1994-10-17,1994-10-10,20,46892013,"35","46892013","P7D","http://aido.bsvgateway.org/api/locations/46892013/","Tete","Tete, Mozambique","State","http://aido.bsvgateway.org/api/locations/24068330/",-15.5214154625107,32.7415915618535,-15.5214154625107,"Plague"
"46892013.223",1994-10-24,1994-10-17,16,46892013,"35","46892013","P7D","http://aido.bsvgateway.org/api/locations/46892013/","Tete","Tete, Mozambique","State","http://aido.bsvgateway.org/api/locations/24068330/",32.7415915618535,32.7415915618535,-15.5214154625107,"Plague"
"46892013.224",1994-10-31,1994-10-24,0,46892013,"35","46892013","P7D","http://aido.bsvgateway.org/api/locations/46892013/","Tete","Tete, Mozambique","State","http://aido.bsvgateway.org/api/locations/24068330/",-15.5214154625107,32.7415915618535,-15.5214154625107,"Plague"
"46892013.225",1994-11-07,1994-10-31,9,46892013,"35","46892013","P7D","http://aido.bsvgateway.org/api/locations/46892013/","Tete","Tete, Mozambique","State","http://aido.bsvgateway.org/api/locations/24068330/",32.7415915618535,32.7415915618535,-15.5214154625107,"Plague"
"46892013.226",1994-11-14,1994-11-07,3,46892013,"35","46892013","P7D","http://aido.bsvgateway.org/api/locations/46892013/","Tete","Tete, Mozambique","State","http://aido.bsvgateway.org/api/locations/24068330/",-15.5214154625107,32.7415915618535,-15.5214154625107,"Plague"
"46892013.227",1994-11-21,1994-11-14,1,46892013,"35","46892013","P7D","http://aido.bsvgateway.org/api/locations/46892013/","Tete","Tete, Mozambique","State","http://aido.bsvgateway.org/api/locations/24068330/",32.7415915618535,32.7415915618535,-15.5214154625107,"Plague"
"498410.206",2014-08-11,2014-08-04,1,498410,"35","498410","P7D","http://aido.bsvgateway.org/api/locations/498410/","Bongolava","Bongolava, Madagascar","State","http://aido.bsvgateway.org/api/locations/142369952/",-18.5854688319535,46.1932830842745,-18.5854688319535,"Plague"
"498410.207",2014-08-18,2014-08-11,0,498410,"35","498410","P7D","http://aido.bsvgateway.org/api/locations/498410/","Bongolava","Bongolava, Madagascar","State","http://aido.bsvgateway.org/api/locations/142369952/",46.1932830842745,46.1932830842745,-18.5854688319535,"Plague"
"498410.208",2014-08-25,2014-08-18,1,498410,"35","498410","P7D","http://aido.bsvgateway.org/api/locations/498410/","Bongolava","Bongolava, Madagascar","State","http://aido.bsvgateway.org/api/locations/142369952/",-18.5854688319535,46.1932830842745,-18.5854688319535,"Plague"
"498410.209",2014-09-01,2014-08-25,2,498410,"35","498410","P7D","http://aido.bsvgateway.org/api/locations/498410/","Bongolava","Bongolava, Madagascar","State","http://aido.bsvgateway.org/api/locations/142369952/",46.1932830842745,46.1932830842745,-18.5854688319535,"Plague"
"498410.210",2014-09-08,2014-09-01,3,498410,"35","498410","P7D","http://aido.bsvgateway.org/api/locations/498410/","Bongolava","Bongolava, Madagascar","State","http://aido.bsvgateway.org/api/locations/142369952/",-18.5854688319535,46.1932830842745,-18.5854688319535,"Plague"
"498410.211",2014-09-15,2014-09-08,7,498410,"35","498410","P7D","http://aido.bsvgateway.org/api/locations/498410/","Bongolava","Bongolava, Madagascar","State","http://aido.bsvgateway.org/api/locations/142369952/",46.1932830842745,46.1932830842745,-18.5854688319535,"Plague"
"498410.212",2014-09-22,2014-09-15,1,498410,"35","498410","P7D","http://aido.bsvgateway.org/api/locations/498410/","Bongolava","Bongolava, Madagascar","State","http://aido.bsvgateway.org/api/locations/142369952/",-18.5854688319535,46.1932830842745,-18.5854688319535,"Plague"
"498410.213",2014-09-29,2014-09-22,6,498410,"35","498410","P7D","http://aido.bsvgateway.org/api/locations/498410/","Bongolava","Bongolava, Madagascar","State","http://aido.bsvgateway.org/api/locations/142369952/",46.1932830842745,46.1932830842745,-18.5854688319535,"Plague"
"498410.214",2014-10-06,2014-09-29,3,498410,"35","498410","P7D","http://aido.bsvgateway.org/api/locations/498410/","Bongolava","Bongolava, Madagascar","State","http://aido.bsvgateway.org/api/locations/142369952/",-18.5854688319535,46.1932830842745,-18.5854688319535,"Plague"
"498410.215",2014-10-13,2014-10-06,6,498410,"35","498410","P7D","http://aido.bsvgateway.org/api/locations/498410/","Bongolava","Bongolava, Madagascar","State","http://aido.bsvgateway.org/api/locations/142369952/",46.1932830842745,46.1932830842745,-18.5854688319535,"Plague"
"50153991.236",2015-03-27,2015-03-26,1,50153991,"35","50153991","P1D","http://aido.bsvgateway.org/api/locations/50153991/","Eastern","Eastern, Zambia","State","http://aido.bsvgateway.org/api/locations/80374583/",-13.5879627406301,31.8881838344769,-13.5879627406301,"Plague"
"50153991.237",2015-03-28,2015-03-27,0,50153991,"35","50153991","P1D","http://aido.bsvgateway.org/api/locations/50153991/","Eastern","Eastern, Zambia","State","http://aido.bsvgateway.org/api/locations/80374583/",31.8881838344769,31.8881838344769,-13.5879627406301,"Plague"
"50153991.238",2015-03-29,2015-03-28,0,50153991,"35","50153991","P1D","http://aido.bsvgateway.org/api/locations/50153991/","Eastern","Eastern, Zambia","State","http://aido.bsvgateway.org/api/locations/80374583/",-13.5879627406301,31.8881838344769,-13.5879627406301,"Plague"
"50153991.239",2015-03-30,2015-03-29,0,50153991,"35","50153991","P1D","http://aido.bsvgateway.org/api/locations/50153991/","Eastern","Eastern, Zambia","State","http://aido.bsvgateway.org/api/locations/80374583/",31.8881838344769,31.8881838344769,-13.5879627406301,"Plague"
"50153991.240",2015-03-31,2015-03-30,1,50153991,"35","50153991","P1D","http://aido.bsvgateway.org/api/locations/50153991/","Eastern","Eastern, Zambia","State","http://aido.bsvgateway.org/api/locations/80374583/",-13.5879627406301,31.8881838344769,-13.5879627406301,"Plague"
"50153991.241",2015-04-01,2015-03-31,0,50153991,"35","50153991","P1D","http://aido.bsvgateway.org/api/locations/50153991/","Eastern","Eastern, Zambia","State","http://aido.bsvgateway.org/api/locations/80374583/",31.8881838344769,31.8881838344769,-13.5879627406301,"Plague"
"50153991.242",2015-04-02,2015-04-01,0,50153991,"35","50153991","P1D","http://aido.bsvgateway.org/api/locations/50153991/","Eastern","Eastern, Zambia","State","http://aido.bsvgateway.org/api/locations/80374583/",-13.5879627406301,31.8881838344769,-13.5879627406301,"Plague"
"50153991.243",2015-04-03,2015-04-02,0,50153991,"35","50153991","P1D","http://aido.bsvgateway.org/api/locations/50153991/","Eastern","Eastern, Zambia","State","http://aido.bsvgateway.org/api/locations/80374583/",31.8881838344769,31.8881838344769,-13.5879627406301,"Plague"
"50153991.244",2015-04-04,2015-04-03,0,50153991,"35","50153991","P1D","http://aido.bsvgateway.org/api/locations/50153991/","Eastern","Eastern, Zambia","State","http://aido.bsvgateway.org/api/locations/80374583/",-13.5879627406301,31.8881838344769,-13.5879627406301,"Plague"
"50153991.245",2015-04-05,2015-04-04,0,50153991,"35","50153991","P1D","http://aido.bsvgateway.org/api/locations/50153991/","Eastern","Eastern, Zambia","State","http://aido.bsvgateway.org/api/locations/80374583/",31.8881838344769,31.8881838344769,-13.5879627406301,"Plague"
"50153991.246",2015-04-06,2015-04-05,2,50153991,"35","50153991","P1D","http://aido.bsvgateway.org/api/locations/50153991/","Eastern","Eastern, Zambia","State","http://aido.bsvgateway.org/api/locations/80374583/",-13.5879627406301,31.8881838344769,-13.5879627406301,"Plague"
"50153991.247",2015-04-07,2015-04-06,3,50153991,"35","50153991","P1D","http://aido.bsvgateway.org/api/locations/50153991/","Eastern","Eastern, Zambia","State","http://aido.bsvgateway.org/api/locations/80374583/",31.8881838344769,31.8881838344769,-13.5879627406301,"Plague"
"50153991.248",2015-04-08,2015-04-07,4,50153991,"35","50153991","P1D","http://aido.bsvgateway.org/api/locations/50153991/","Eastern","Eastern, Zambia","State","http://aido.bsvgateway.org/api/locations/80374583/",-13.5879627406301,31.8881838344769,-13.5879627406301,"Plague"
"50153991.249",2015-04-09,2015-04-08,1,50153991,"35","50153991","P1D","http://aido.bsvgateway.org/api/locations/50153991/","Eastern","Eastern, Zambia","State","http://aido.bsvgateway.org/api/locations/80374583/",31.8881838344769,31.8881838344769,-13.5879627406301,"Plague"
"50153991.250",2015-04-10,2015-04-09,0,50153991,"35","50153991","P1D","http://aido.bsvgateway.org/api/locations/50153991/","Eastern","Eastern, Zambia","State","http://aido.bsvgateway.org/api/locations/80374583/",-13.5879627406301,31.8881838344769,-13.5879627406301,"Plague"
"50153991.251",2015-04-11,2015-04-10,0,50153991,"35","50153991","P1D","http://aido.bsvgateway.org/api/locations/50153991/","Eastern","Eastern, Zambia","State","http://aido.bsvgateway.org/api/locations/80374583/",31.8881838344769,31.8881838344769,-13.5879627406301,"Plague"
"50153991.252",2015-04-12,2015-04-11,0,50153991,"35","50153991","P1D","http://aido.bsvgateway.org/api/locations/50153991/","Eastern","Eastern, Zambia","State","http://aido.bsvgateway.org/api/locations/80374583/",-13.5879627406301,31.8881838344769,-13.5879627406301,"Plague"
"50153991.253",2015-04-13,2015-04-12,1,50153991,"35","50153991","P1D","http://aido.bsvgateway.org/api/locations/50153991/","Eastern","Eastern, Zambia","State","http://aido.bsvgateway.org/api/locations/80374583/",31.8881838344769,31.8881838344769,-13.5879627406301,"Plague"
"50153991.254",2015-04-14,2015-04-13,1,50153991,"35","50153991","P1D","http://aido.bsvgateway.org/api/locations/50153991/","Eastern","Eastern, Zambia","State","http://aido.bsvgateway.org/api/locations/80374583/",-13.5879627406301,31.8881838344769,-13.5879627406301,"Plague"
"50153991.255",2015-04-15,2015-04-14,0,50153991,"35","50153991","P1D","http://aido.bsvgateway.org/api/locations/50153991/","Eastern","Eastern, Zambia","State","http://aido.bsvgateway.org/api/locations/80374583/",31.8881838344769,31.8881838344769,-13.5879627406301,"Plague"
"50153991.256",2015-04-16,2015-04-15,1,50153991,"35","50153991","P1D","http://aido.bsvgateway.org/api/locations/50153991/","Eastern","Eastern, Zambia","State","http://aido.bsvgateway.org/api/locations/80374583/",-13.5879627406301,31.8881838344769,-13.5879627406301,"Plague"
"50153991.257",2015-04-17,2015-04-16,0,50153991,"35","50153991","P1D","http://aido.bsvgateway.org/api/locations/50153991/","Eastern","Eastern, Zambia","State","http://aido.bsvgateway.org/api/locations/80374583/",31.8881838344769,31.8881838344769,-13.5879627406301,"Plague"
"50153991.258",2015-04-18,2015-04-17,0,50153991,"35","50153991","P1D","http://aido.bsvgateway.org/api/locations/50153991/","Eastern","Eastern, Zambia","State","http://aido.bsvgateway.org/api/locations/80374583/",-13.5879627406301,31.8881838344769,-13.5879627406301,"Plague"
"50153991.259",2015-04-19,2015-04-18,2,50153991,"35","50153991","P1D","http://aido.bsvgateway.org/api/locations/50153991/","Eastern","Eastern, Zambia","State","http://aido.bsvgateway.org/api/locations/80374583/",31.8881838344769,31.8881838344769,-13.5879627406301,"Plague"
"50153991.260",2015-04-20,2015-04-19,2,50153991,"35","50153991","P1D","http://aido.bsvgateway.org/api/locations/50153991/","Eastern","Eastern, Zambia","State","http://aido.bsvgateway.org/api/locations/80374583/",-13.5879627406301,31.8881838344769,-13.5879627406301,"Plague"
"50153991.261",2015-04-21,2015-04-20,0,50153991,"35","50153991","P1D","http://aido.bsvgateway.org/api/locations/50153991/","Eastern","Eastern, Zambia","State","http://aido.bsvgateway.org/api/locations/80374583/",31.8881838344769,31.8881838344769,-13.5879627406301,"Plague"
"50153991.262",2015-04-22,2015-04-21,0,50153991,"35","50153991","P1D","http://aido.bsvgateway.org/api/locations/50153991/","Eastern","Eastern, Zambia","State","http://aido.bsvgateway.org/api/locations/80374583/",-13.5879627406301,31.8881838344769,-13.5879627406301,"Plague"
"50153991.263",2015-04-23,2015-04-22,1,50153991,"35","50153991","P1D","http://aido.bsvgateway.org/api/locations/50153991/","Eastern","Eastern, Zambia","State","http://aido.bsvgateway.org/api/locations/80374583/",31.8881838344769,31.8881838344769,-13.5879627406301,"Plague"
"50153991.264",2015-04-24,2015-04-23,0,50153991,"35","50153991","P1D","http://aido.bsvgateway.org/api/locations/50153991/","Eastern","Eastern, Zambia","State","http://aido.bsvgateway.org/api/locations/80374583/",-13.5879627406301,31.8881838344769,-13.5879627406301,"Plague"
"50153991.265",2015-04-25,2015-04-24,0,50153991,"35","50153991","P1D","http://aido.bsvgateway.org/api/locations/50153991/","Eastern","Eastern, Zambia","State","http://aido.bsvgateway.org/api/locations/80374583/",31.8881838344769,31.8881838344769,-13.5879627406301,"Plague"
"50153991.266",2015-04-26,2015-04-25,0,50153991,"35","50153991","P1D","http://aido.bsvgateway.org/api/locations/50153991/","Eastern","Eastern, Zambia","State","http://aido.bsvgateway.org/api/locations/80374583/",-13.5879627406301,31.8881838344769,-13.5879627406301,"Plague"
"50153991.267",2015-04-27,2015-04-26,0,50153991,"35","50153991","P1D","http://aido.bsvgateway.org/api/locations/50153991/","Eastern","Eastern, Zambia","State","http://aido.bsvgateway.org/api/locations/80374583/",31.8881838344769,31.8881838344769,-13.5879627406301,"Plague"
"50153991.268",2015-04-28,2015-04-27,0,50153991,"35","50153991","P1D","http://aido.bsvgateway.org/api/locations/50153991/","Eastern","Eastern, Zambia","State","http://aido.bsvgateway.org/api/locations/80374583/",-13.5879627406301,31.8881838344769,-13.5879627406301,"Plague"
"50153991.269",2015-04-29,2015-04-28,0,50153991,"35","50153991","P1D","http://aido.bsvgateway.org/api/locations/50153991/","Eastern","Eastern, Zambia","State","http://aido.bsvgateway.org/api/locations/80374583/",31.8881838344769,31.8881838344769,-13.5879627406301,"Plague"
"50153991.270",2015-04-30,2015-04-29,0,50153991,"35","50153991","P1D","http://aido.bsvgateway.org/api/locations/50153991/","Eastern","Eastern, Zambia","State","http://aido.bsvgateway.org/api/locations/80374583/",-13.5879627406301,31.8881838344769,-13.5879627406301,"Plague"
"50153991.271",2015-05-01,2015-04-30,0,50153991,"35","50153991","P1D","http://aido.bsvgateway.org/api/locations/50153991/","Eastern","Eastern, Zambia","State","http://aido.bsvgateway.org/api/locations/80374583/",31.8881838344769,31.8881838344769,-13.5879627406301,"Plague"
"50153991.272",2015-05-02,2015-05-01,1,50153991,"35","50153991","P1D","http://aido.bsvgateway.org/api/locations/50153991/","Eastern","Eastern, Zambia","State","http://aido.bsvgateway.org/api/locations/80374583/",-13.5879627406301,31.8881838344769,-13.5879627406301,"Plague"
"74921528.228",2014-06-29,2014-06-28,1,74921528,"35","74921528","P1D","http://aido.bsvgateway.org/api/locations/74921528/","Colorado","Colorado, United States of America","State","http://aido.bsvgateway.org/api/locations/113309883/",38.9991444969154,-105.546755322633,38.9991444969154,"Plague"
"74921528.229",2014-06-30,2014-06-29,0,74921528,"35","74921528","P1D","http://aido.bsvgateway.org/api/locations/74921528/","Colorado","Colorado, United States of America","State","http://aido.bsvgateway.org/api/locations/113309883/",-105.546755322633,-105.546755322633,38.9991444969154,"Plague"
"74921528.230",2014-07-01,2014-06-30,1,74921528,"35","74921528","P1D","http://aido.bsvgateway.org/api/locations/74921528/","Colorado","Colorado, United States of America","State","http://aido.bsvgateway.org/api/locations/113309883/",38.9991444969154,-105.546755322633,38.9991444969154,"Plague"
"74921528.231",2014-07-02,2014-07-01,0,74921528,"35","74921528","P1D","http://aido.bsvgateway.org/api/locations/74921528/","Colorado","Colorado, United States of America","State","http://aido.bsvgateway.org/api/locations/113309883/",-105.546755322633,-105.546755322633,38.9991444969154,"Plague"
"74921528.232",2014-07-03,2014-07-02,0,74921528,"35","74921528","P1D","http://aido.bsvgateway.org/api/locations/74921528/","Colorado","Colorado, United States of America","State","http://aido.bsvgateway.org/api/locations/113309883/",38.9991444969154,-105.546755322633,38.9991444969154,"Plague"
"74921528.233",2014-07-04,2014-07-03,0,74921528,"35","74921528","P1D","http://aido.bsvgateway.org/api/locations/74921528/","Colorado","Colorado, United States of America","State","http://aido.bsvgateway.org/api/locations/113309883/",-105.546755322633,-105.546755322633,38.9991444969154,"Plague"
"74921528.234",2014-07-05,2014-07-04,1,74921528,"35","74921528","P1D","http://aido.bsvgateway.org/api/locations/74921528/","Colorado","Colorado, United States of America","State","http://aido.bsvgateway.org/api/locations/113309883/",38.9991444969154,-105.546755322633,38.9991444969154,"Plague"
"74921528.235",2014-07-06,2014-07-05,1,74921528,"35","74921528","P1D","http://aido.bsvgateway.org/api/locations/74921528/","Colorado","Colorado, United States of America","State","http://aido.bsvgateway.org/api/locations/113309883/",-105.546755322633,-105.546755322633,38.9991444969154,"Plague"
"96271664.1",2004-12-20,2004-12-13,1,96271664,"35","96271664","P7D","http://aido.bsvgateway.org/api/locations/96271664/","Democratic Republic of the Congo","Democratic Republic of the Congo","Country","http://aido.bsvgateway.org/api/locations/93632501/",-2.87979986177552,23.6451136996279,-2.87979986177552,"Plague"
"96271664.2",2004-12-27,2004-12-20,1,96271664,"35","96271664","P7D","http://aido.bsvgateway.org/api/locations/96271664/","Democratic Republic of the Congo","Democratic Republic of the Congo","Country","http://aido.bsvgateway.org/api/locations/93632501/",23.645113699628,23.6451136996279,-2.87979986177552,"Plague"
"96271664.3",2005-01-03,2004-12-27,6,96271664,"35","96271664","P7D","http://aido.bsvgateway.org/api/locations/96271664/","Democratic Republic of the Congo","Democratic Republic of the Congo","Country","http://aido.bsvgateway.org/api/locations/93632501/",-2.87979986177552,23.6451136996279,-2.87979986177552,"Plague"
"96271664.4",2005-01-10,2005-01-03,3,96271664,"35","96271664","P7D","http://aido.bsvgateway.org/api/locations/96271664/","Democratic Republic of the Congo","Democratic Republic of the Congo","Country","http://aido.bsvgateway.org/api/locations/93632501/",23.645113699628,23.6451136996279,-2.87979986177552,"Plague"
"96271664.5",2005-01-17,2005-01-10,12,96271664,"35","96271664","P7D","http://aido.bsvgateway.org/api/locations/96271664/","Democratic Republic of the Congo","Democratic Republic of the Congo","Country","http://aido.bsvgateway.org/api/locations/93632501/",-2.87979986177552,23.6451136996279,-2.87979986177552,"Plague"
"96271664.6",2005-01-24,2005-01-17,12,96271664,"35","96271664","P7D","http://aido.bsvgateway.org/api/locations/96271664/","Democratic Republic of the Congo","Democratic Republic of the Congo","Country","http://aido.bsvgateway.org/api/locations/93632501/",23.645113699628,23.6451136996279,-2.87979986177552,"Plague"
"96271664.7",2005-01-31,2005-01-24,15,96271664,"35","96271664","P7D","http://aido.bsvgateway.org/api/locations/96271664/","Democratic Republic of the Congo","Democratic Republic of the Congo","Country","http://aido.bsvgateway.org/api/locations/93632501/",-2.87979986177552,23.6451136996279,-2.87979986177552,"Plague"
"96271664.8",2005-02-07,2005-01-31,21,96271664,"35","96271664","P7D","http://aido.bsvgateway.org/api/locations/96271664/","Democratic Republic of the Congo","Democratic Republic of the Congo","Country","http://aido.bsvgateway.org/api/locations/93632501/",23.645113699628,23.6451136996279,-2.87979986177552,"Plague"
"96271664.9",2005-02-14,2005-02-07,11,96271664,"35","96271664","P7D","http://aido.bsvgateway.org/api/locations/96271664/","Democratic Republic of the Congo","Democratic Republic of the Congo","Country","http://aido.bsvgateway.org/api/locations/93632501/",-2.87979986177552,23.6451136996279,-2.87979986177552,"Plague"
"96271664.10",2005-02-21,2005-02-14,16,96271664,"35","96271664","P7D","http://aido.bsvgateway.org/api/locations/96271664/","Democratic Republic of the Congo","Democratic Republic of the Congo","Country","http://aido.bsvgateway.org/api/locations/93632501/",23.645113699628,23.6451136996279,-2.87979986177552,"Plague"
"96271664.11",2005-02-28,2005-02-21,16,96271664,"35","96271664","P7D","http://aido.bsvgateway.org/api/locations/96271664/","Democratic Republic of the Congo","Democratic Republic of the Congo","Country","http://aido.bsvgateway.org/api/locations/93632501/",-2.87979986177552,23.6451136996279,-2.87979986177552,"Plague"
"96271664.12",2005-03-07,2005-02-28,9,96271664,"35","96271664","P7D","http://aido.bsvgateway.org/api/locations/96271664/","Democratic Republic of the Congo","Democratic Republic of the Congo","Country","http://aido.bsvgateway.org/api/locations/93632501/",23.645113699628,23.6451136996279,-2.87979986177552,"Plague"
"96271664.13",2005-03-14,2005-03-07,9,96271664,"35","96271664","P7D","http://aido.bsvgateway.org/api/locations/96271664/","Democratic Republic of the Congo","Democratic Republic of the Congo","Country","http://aido.bsvgateway.org/api/locations/93632501/",-2.87979986177552,23.6451136996279,-2.87979986177552,"Plague"
"96271664.14",2005-03-21,2005-03-14,2,96271664,"35","96271664","P7D","http://aido.bsvgateway.org/api/locations/96271664/","Democratic Republic of the Congo","Democratic Republic of the Congo","Country","http://aido.bsvgateway.org/api/locations/93632501/",23.645113699628,23.6451136996279,-2.87979986177552,"Plague"
"98036093.125",1994-02-16,1994-02-15,1,98036093,"35","98036093","P1D","http://aido.bsvgateway.org/api/locations/98036093/","Saudi Arabia","Saudi Arabia","Country","http://aido.bsvgateway.org/api/locations/20359812/",24.1223270406199,44.5368636674646,24.1223270406199,"Plague"
"98036093.126",1994-02-17,1994-02-16,4,98036093,"35","98036093","P1D","http://aido.bsvgateway.org/api/locations/98036093/","Saudi Arabia","Saudi Arabia","Country","http://aido.bsvgateway.org/api/locations/20359812/",44.5368636674646,44.5368636674646,24.1223270406199,"Plague"
