"","end","start","value","id","disease","location","duration","url","name","full_name","admin_level_name","parent","centroid_lat_long","longitude","latitude","disease_name"
"113309883.136",2002-08-08,2002-08-01,1,113309883,"76","113309883","P7D","http://aido.bsvgateway.org/api/locations/113309883/","United States of America","United States of America","Country","http://aido.bsvgateway.org/api/locations/71269652/",45.6881134999987,-112.49572628642,45.6881134999987,"Pertussis"
"113309883.137",2002-08-15,2002-08-08,1,113309883,"76","113309883","P7D","http://aido.bsvgateway.org/api/locations/113309883/","United States of America","United States of America","Country","http://aido.bsvgateway.org/api/locations/71269652/",-112.49572628642,-112.49572628642,45.6881134999987,"Pertussis"
"113309883.138",2002-08-22,2002-08-15,2,113309883,"76","113309883","P7D","http://aido.bsvgateway.org/api/locations/113309883/","United States of America","United States of America","Country","http://aido.bsvgateway.org/api/locations/71269652/",45.6881134999987,-112.49572628642,45.6881134999987,"Pertussis"
"113309883.139",2002-08-29,2002-08-22,0,113309883,"76","113309883","P7D","http://aido.bsvgateway.org/api/locations/113309883/","United States of America","United States of America","Country","http://aido.bsvgateway.org/api/locations/71269652/",-112.49572628642,-112.49572628642,45.6881134999987,"Pertussis"
"113309883.140",2002-09-05,2002-08-29,3,113309883,"76","113309883","P7D","http://aido.bsvgateway.org/api/locations/113309883/","United States of America","United States of America","Country","http://aido.bsvgateway.org/api/locations/71269652/",45.6881134999987,-112.49572628642,45.6881134999987,"Pertussis"
"113309883.141",2002-09-12,2002-09-05,3,113309883,"76","113309883","P7D","http://aido.bsvgateway.org/api/locations/113309883/","United States of America","United States of America","Country","http://aido.bsvgateway.org/api/locations/71269652/",-112.49572628642,-112.49572628642,45.6881134999987,"Pertussis"
"113309883.142",2002-09-19,2002-09-12,6,113309883,"76","113309883","P7D","http://aido.bsvgateway.org/api/locations/113309883/","United States of America","United States of America","Country","http://aido.bsvgateway.org/api/locations/71269652/",45.6881134999987,-112.49572628642,45.6881134999987,"Pertussis"
"113309883.143",2002-09-26,2002-09-19,3,113309883,"76","113309883","P7D","http://aido.bsvgateway.org/api/locations/113309883/","United States of America","United States of America","Country","http://aido.bsvgateway.org/api/locations/71269652/",-112.49572628642,-112.49572628642,45.6881134999987,"Pertussis"
"113309883.144",2002-10-03,2002-09-26,1,113309883,"76","113309883","P7D","http://aido.bsvgateway.org/api/locations/113309883/","United States of America","United States of America","Country","http://aido.bsvgateway.org/api/locations/71269652/",45.6881134999987,-112.49572628642,45.6881134999987,"Pertussis"
"113309883.145",2002-10-10,2002-10-03,3,113309883,"76","113309883","P7D","http://aido.bsvgateway.org/api/locations/113309883/","United States of America","United States of America","Country","http://aido.bsvgateway.org/api/locations/71269652/",-112.49572628642,-112.49572628642,45.6881134999987,"Pertussis"
"113309883.146",2002-10-17,2002-10-10,1,113309883,"76","113309883","P7D","http://aido.bsvgateway.org/api/locations/113309883/","United States of America","United States of America","Country","http://aido.bsvgateway.org/api/locations/71269652/",45.6881134999987,-112.49572628642,45.6881134999987,"Pertussis"
"115235292.227",2013-06-25,2013-06-18,0,115235292,"76","115235292","P7D","http://aido.bsvgateway.org/api/locations/115235292/","Florida","Florida, United States of America","State","http://aido.bsvgateway.org/api/locations/113309883/",28.647112343338,-82.4828002598386,28.647112343338,"Pertussis"
"115235292.228",2013-07-02,2013-06-25,1,115235292,"76","115235292","P7D","http://aido.bsvgateway.org/api/locations/115235292/","Florida","Florida, United States of America","State","http://aido.bsvgateway.org/api/locations/113309883/",-82.4828002598386,-82.4828002598386,28.647112343338,"Pertussis"
"115235292.229",2013-07-09,2013-07-02,0,115235292,"76","115235292","P7D","http://aido.bsvgateway.org/api/locations/115235292/","Florida","Florida, United States of America","State","http://aido.bsvgateway.org/api/locations/113309883/",28.647112343338,-82.4828002598386,28.647112343338,"Pertussis"
"115235292.230",2013-07-16,2013-07-09,1,115235292,"76","115235292","P7D","http://aido.bsvgateway.org/api/locations/115235292/","Florida","Florida, United States of America","State","http://aido.bsvgateway.org/api/locations/113309883/",-82.4828002598386,-82.4828002598386,28.647112343338,"Pertussis"
"115235292.231",2013-07-23,2013-07-16,0,115235292,"76","115235292","P7D","http://aido.bsvgateway.org/api/locations/115235292/","Florida","Florida, United States of America","State","http://aido.bsvgateway.org/api/locations/113309883/",28.647112343338,-82.4828002598386,28.647112343338,"Pertussis"
"115235292.232",2013-07-30,2013-07-23,0,115235292,"76","115235292","P7D","http://aido.bsvgateway.org/api/locations/115235292/","Florida","Florida, United States of America","State","http://aido.bsvgateway.org/api/locations/113309883/",-82.4828002598386,-82.4828002598386,28.647112343338,"Pertussis"
"115235292.233",2013-08-06,2013-07-30,1,115235292,"76","115235292","P7D","http://aido.bsvgateway.org/api/locations/115235292/","Florida","Florida, United States of America","State","http://aido.bsvgateway.org/api/locations/113309883/",28.647112343338,-82.4828002598386,28.647112343338,"Pertussis"
"115235292.234",2013-08-13,2013-08-06,0,115235292,"76","115235292","P7D","http://aido.bsvgateway.org/api/locations/115235292/","Florida","Florida, United States of America","State","http://aido.bsvgateway.org/api/locations/113309883/",-82.4828002598386,-82.4828002598386,28.647112343338,"Pertussis"
"115235292.235",2013-08-20,2013-08-13,0,115235292,"76","115235292","P7D","http://aido.bsvgateway.org/api/locations/115235292/","Florida","Florida, United States of America","State","http://aido.bsvgateway.org/api/locations/113309883/",28.647112343338,-82.4828002598386,28.647112343338,"Pertussis"
"115235292.236",2013-08-27,2013-08-20,0,115235292,"76","115235292","P7D","http://aido.bsvgateway.org/api/locations/115235292/","Florida","Florida, United States of America","State","http://aido.bsvgateway.org/api/locations/113309883/",-82.4828002598386,-82.4828002598386,28.647112343338,"Pertussis"
"115235292.237",2013-09-03,2013-08-27,1,115235292,"76","115235292","P7D","http://aido.bsvgateway.org/api/locations/115235292/","Florida","Florida, United States of America","State","http://aido.bsvgateway.org/api/locations/113309883/",28.647112343338,-82.4828002598386,28.647112343338,"Pertussis"
"115235292.238",2013-09-10,2013-09-03,0,115235292,"76","115235292","P7D","http://aido.bsvgateway.org/api/locations/115235292/","Florida","Florida, United States of America","State","http://aido.bsvgateway.org/api/locations/113309883/",-82.4828002598386,-82.4828002598386,28.647112343338,"Pertussis"
"115235292.239",2013-09-17,2013-09-10,1,115235292,"76","115235292","P7D","http://aido.bsvgateway.org/api/locations/115235292/","Florida","Florida, United States of America","State","http://aido.bsvgateway.org/api/locations/113309883/",28.647112343338,-82.4828002598386,28.647112343338,"Pertussis"
"115235292.240",2013-09-24,2013-09-17,0,115235292,"76","115235292","P7D","http://aido.bsvgateway.org/api/locations/115235292/","Florida","Florida, United States of America","State","http://aido.bsvgateway.org/api/locations/113309883/",-82.4828002598386,-82.4828002598386,28.647112343338,"Pertussis"
"115235292.241",2013-10-01,2013-09-24,1,115235292,"76","115235292","P7D","http://aido.bsvgateway.org/api/locations/115235292/","Florida","Florida, United States of America","State","http://aido.bsvgateway.org/api/locations/113309883/",28.647112343338,-82.4828002598386,28.647112343338,"Pertussis"
"115235292.242",2013-10-08,2013-10-01,0,115235292,"76","115235292","P7D","http://aido.bsvgateway.org/api/locations/115235292/","Florida","Florida, United States of America","State","http://aido.bsvgateway.org/api/locations/113309883/",-82.4828002598386,-82.4828002598386,28.647112343338,"Pertussis"
"115235292.243",2013-10-15,2013-10-08,0,115235292,"76","115235292","P7D","http://aido.bsvgateway.org/api/locations/115235292/","Florida","Florida, United States of America","State","http://aido.bsvgateway.org/api/locations/113309883/",28.647112343338,-82.4828002598386,28.647112343338,"Pertussis"
"115235292.244",2013-10-22,2013-10-15,0,115235292,"76","115235292","P7D","http://aido.bsvgateway.org/api/locations/115235292/","Florida","Florida, United States of America","State","http://aido.bsvgateway.org/api/locations/113309883/",-82.4828002598386,-82.4828002598386,28.647112343338,"Pertussis"
"115235292.245",2013-10-29,2013-10-22,0,115235292,"76","115235292","P7D","http://aido.bsvgateway.org/api/locations/115235292/","Florida","Florida, United States of America","State","http://aido.bsvgateway.org/api/locations/113309883/",28.647112343338,-82.4828002598386,28.647112343338,"Pertussis"
"115235292.246",2013-11-05,2013-10-29,1,115235292,"76","115235292","P7D","http://aido.bsvgateway.org/api/locations/115235292/","Florida","Florida, United States of America","State","http://aido.bsvgateway.org/api/locations/113309883/",-82.4828002598386,-82.4828002598386,28.647112343338,"Pertussis"
"115235292.247",2013-11-12,2013-11-05,1,115235292,"76","115235292","P7D","http://aido.bsvgateway.org/api/locations/115235292/","Florida","Florida, United States of America","State","http://aido.bsvgateway.org/api/locations/113309883/",28.647112343338,-82.4828002598386,28.647112343338,"Pertussis"
"115235292.248",2013-11-19,2013-11-12,1,115235292,"76","115235292","P7D","http://aido.bsvgateway.org/api/locations/115235292/","Florida","Florida, United States of America","State","http://aido.bsvgateway.org/api/locations/113309883/",-82.4828002598386,-82.4828002598386,28.647112343338,"Pertussis"
"115235292.249",2013-11-26,2013-11-19,1,115235292,"76","115235292","P7D","http://aido.bsvgateway.org/api/locations/115235292/","Florida","Florida, United States of America","State","http://aido.bsvgateway.org/api/locations/113309883/",28.647112343338,-82.4828002598386,28.647112343338,"Pertussis"
"115235292.250",2013-12-03,2013-11-26,9,115235292,"76","115235292","P7D","http://aido.bsvgateway.org/api/locations/115235292/","Florida","Florida, United States of America","State","http://aido.bsvgateway.org/api/locations/113309883/",-82.4828002598386,-82.4828002598386,28.647112343338,"Pertussis"
"115235292.251",2013-12-10,2013-12-03,10,115235292,"76","115235292","P7D","http://aido.bsvgateway.org/api/locations/115235292/","Florida","Florida, United States of America","State","http://aido.bsvgateway.org/api/locations/113309883/",28.647112343338,-82.4828002598386,28.647112343338,"Pertussis"
"115235292.252",2013-12-17,2013-12-10,3,115235292,"76","115235292","P7D","http://aido.bsvgateway.org/api/locations/115235292/","Florida","Florida, United States of America","State","http://aido.bsvgateway.org/api/locations/113309883/",-82.4828002598386,-82.4828002598386,28.647112343338,"Pertussis"
"115235292.253",2013-12-24,2013-12-17,3,115235292,"76","115235292","P7D","http://aido.bsvgateway.org/api/locations/115235292/","Florida","Florida, United States of America","State","http://aido.bsvgateway.org/api/locations/113309883/",28.647112343338,-82.4828002598386,28.647112343338,"Pertussis"
"115235292.254",2013-12-31,2013-12-24,3,115235292,"76","115235292","P7D","http://aido.bsvgateway.org/api/locations/115235292/","Florida","Florida, United States of America","State","http://aido.bsvgateway.org/api/locations/113309883/",-82.4828002598386,-82.4828002598386,28.647112343338,"Pertussis"
"115235292.255",2014-01-07,2013-12-31,0,115235292,"76","115235292","P7D","http://aido.bsvgateway.org/api/locations/115235292/","Florida","Florida, United States of America","State","http://aido.bsvgateway.org/api/locations/113309883/",28.647112343338,-82.4828002598386,28.647112343338,"Pertussis"
"115235292.256",2014-01-14,2014-01-07,0,115235292,"76","115235292","P7D","http://aido.bsvgateway.org/api/locations/115235292/","Florida","Florida, United States of America","State","http://aido.bsvgateway.org/api/locations/113309883/",-82.4828002598386,-82.4828002598386,28.647112343338,"Pertussis"
"115235292.257",2014-01-21,2014-01-14,0,115235292,"76","115235292","P7D","http://aido.bsvgateway.org/api/locations/115235292/","Florida","Florida, United States of America","State","http://aido.bsvgateway.org/api/locations/113309883/",28.647112343338,-82.4828002598386,28.647112343338,"Pertussis"
"115235292.258",2014-01-28,2014-01-21,1,115235292,"76","115235292","P7D","http://aido.bsvgateway.org/api/locations/115235292/","Florida","Florida, United States of America","State","http://aido.bsvgateway.org/api/locations/113309883/",-82.4828002598386,-82.4828002598386,28.647112343338,"Pertussis"
"115235292.259",2014-02-04,2014-01-28,0,115235292,"76","115235292","P7D","http://aido.bsvgateway.org/api/locations/115235292/","Florida","Florida, United States of America","State","http://aido.bsvgateway.org/api/locations/113309883/",28.647112343338,-82.4828002598386,28.647112343338,"Pertussis"
"133144877.166",2010-10-04,2010-09-27,0,133144877,"76","133144877","P7D","http://aido.bsvgateway.org/api/locations/133144877/","Miyazaki","Miyazaki, Japan","State","http://aido.bsvgateway.org/api/locations/62292347/",32.1835300161215,131.290364458202,32.1835300161215,"Pertussis"
"133144877.167",2010-10-11,2010-10-04,0,133144877,"76","133144877","P7D","http://aido.bsvgateway.org/api/locations/133144877/","Miyazaki","Miyazaki, Japan","State","http://aido.bsvgateway.org/api/locations/62292347/",131.290364458202,131.290364458202,32.1835300161215,"Pertussis"
"133144877.168",2010-10-18,2010-10-11,0,133144877,"76","133144877","P7D","http://aido.bsvgateway.org/api/locations/133144877/","Miyazaki","Miyazaki, Japan","State","http://aido.bsvgateway.org/api/locations/62292347/",32.1835300161215,131.290364458202,32.1835300161215,"Pertussis"
"133144877.169",2010-10-25,2010-10-18,0,133144877,"76","133144877","P7D","http://aido.bsvgateway.org/api/locations/133144877/","Miyazaki","Miyazaki, Japan","State","http://aido.bsvgateway.org/api/locations/62292347/",131.290364458202,131.290364458202,32.1835300161215,"Pertussis"
"133144877.170",2010-11-01,2010-10-25,0,133144877,"76","133144877","P7D","http://aido.bsvgateway.org/api/locations/133144877/","Miyazaki","Miyazaki, Japan","State","http://aido.bsvgateway.org/api/locations/62292347/",32.1835300161215,131.290364458202,32.1835300161215,"Pertussis"
"133144877.171",2010-11-08,2010-11-01,0,133144877,"76","133144877","P7D","http://aido.bsvgateway.org/api/locations/133144877/","Miyazaki","Miyazaki, Japan","State","http://aido.bsvgateway.org/api/locations/62292347/",131.290364458202,131.290364458202,32.1835300161215,"Pertussis"
"133144877.172",2010-11-15,2010-11-08,2,133144877,"76","133144877","P7D","http://aido.bsvgateway.org/api/locations/133144877/","Miyazaki","Miyazaki, Japan","State","http://aido.bsvgateway.org/api/locations/62292347/",32.1835300161215,131.290364458202,32.1835300161215,"Pertussis"
"133144877.173",2010-11-22,2010-11-15,2,133144877,"76","133144877","P7D","http://aido.bsvgateway.org/api/locations/133144877/","Miyazaki","Miyazaki, Japan","State","http://aido.bsvgateway.org/api/locations/62292347/",131.290364458202,131.290364458202,32.1835300161215,"Pertussis"
"133144877.174",2010-11-29,2010-11-22,1,133144877,"76","133144877","P7D","http://aido.bsvgateway.org/api/locations/133144877/","Miyazaki","Miyazaki, Japan","State","http://aido.bsvgateway.org/api/locations/62292347/",32.1835300161215,131.290364458202,32.1835300161215,"Pertussis"
"133144877.175",2010-12-06,2010-11-29,2,133144877,"76","133144877","P7D","http://aido.bsvgateway.org/api/locations/133144877/","Miyazaki","Miyazaki, Japan","State","http://aido.bsvgateway.org/api/locations/62292347/",131.290364458202,131.290364458202,32.1835300161215,"Pertussis"
"133144877.176",2010-12-13,2010-12-06,1,133144877,"76","133144877","P7D","http://aido.bsvgateway.org/api/locations/133144877/","Miyazaki","Miyazaki, Japan","State","http://aido.bsvgateway.org/api/locations/62292347/",32.1835300161215,131.290364458202,32.1835300161215,"Pertussis"
"133144877.177",2010-12-20,2010-12-13,3,133144877,"76","133144877","P7D","http://aido.bsvgateway.org/api/locations/133144877/","Miyazaki","Miyazaki, Japan","State","http://aido.bsvgateway.org/api/locations/62292347/",131.290364458202,131.290364458202,32.1835300161215,"Pertussis"
"133144877.178",2010-12-27,2010-12-20,1,133144877,"76","133144877","P7D","http://aido.bsvgateway.org/api/locations/133144877/","Miyazaki","Miyazaki, Japan","State","http://aido.bsvgateway.org/api/locations/62292347/",32.1835300161215,131.290364458202,32.1835300161215,"Pertussis"
"133144877.179",2011-01-03,2010-12-27,1,133144877,"76","133144877","P7D","http://aido.bsvgateway.org/api/locations/133144877/","Miyazaki","Miyazaki, Japan","State","http://aido.bsvgateway.org/api/locations/62292347/",131.290364458202,131.290364458202,32.1835300161215,"Pertussis"
"133144877.180",2011-01-10,2011-01-03,2,133144877,"76","133144877","P7D","http://aido.bsvgateway.org/api/locations/133144877/","Miyazaki","Miyazaki, Japan","State","http://aido.bsvgateway.org/api/locations/62292347/",32.1835300161215,131.290364458202,32.1835300161215,"Pertussis"
"133144877.181",2011-01-17,2011-01-10,3,133144877,"76","133144877","P7D","http://aido.bsvgateway.org/api/locations/133144877/","Miyazaki","Miyazaki, Japan","State","http://aido.bsvgateway.org/api/locations/62292347/",131.290364458202,131.290364458202,32.1835300161215,"Pertussis"
"133144877.182",2011-01-24,2011-01-17,0,133144877,"76","133144877","P7D","http://aido.bsvgateway.org/api/locations/133144877/","Miyazaki","Miyazaki, Japan","State","http://aido.bsvgateway.org/api/locations/62292347/",32.1835300161215,131.290364458202,32.1835300161215,"Pertussis"
"133144877.183",2011-01-31,2011-01-24,1,133144877,"76","133144877","P7D","http://aido.bsvgateway.org/api/locations/133144877/","Miyazaki","Miyazaki, Japan","State","http://aido.bsvgateway.org/api/locations/62292347/",131.290364458202,131.290364458202,32.1835300161215,"Pertussis"
"133144877.184",2011-02-07,2011-01-31,0,133144877,"76","133144877","P7D","http://aido.bsvgateway.org/api/locations/133144877/","Miyazaki","Miyazaki, Japan","State","http://aido.bsvgateway.org/api/locations/62292347/",32.1835300161215,131.290364458202,32.1835300161215,"Pertussis"
"133144877.185",2011-02-14,2011-02-07,1,133144877,"76","133144877","P7D","http://aido.bsvgateway.org/api/locations/133144877/","Miyazaki","Miyazaki, Japan","State","http://aido.bsvgateway.org/api/locations/62292347/",131.290364458202,131.290364458202,32.1835300161215,"Pertussis"
"133144877.186",2011-02-21,2011-02-14,2,133144877,"76","133144877","P7D","http://aido.bsvgateway.org/api/locations/133144877/","Miyazaki","Miyazaki, Japan","State","http://aido.bsvgateway.org/api/locations/62292347/",32.1835300161215,131.290364458202,32.1835300161215,"Pertussis"
"133144877.187",2011-02-28,2011-02-21,1,133144877,"76","133144877","P7D","http://aido.bsvgateway.org/api/locations/133144877/","Miyazaki","Miyazaki, Japan","State","http://aido.bsvgateway.org/api/locations/62292347/",131.290364458202,131.290364458202,32.1835300161215,"Pertussis"
"133144877.188",2011-03-07,2011-02-28,0,133144877,"76","133144877","P7D","http://aido.bsvgateway.org/api/locations/133144877/","Miyazaki","Miyazaki, Japan","State","http://aido.bsvgateway.org/api/locations/62292347/",32.1835300161215,131.290364458202,32.1835300161215,"Pertussis"
"133144877.189",2011-03-14,2011-03-07,2,133144877,"76","133144877","P7D","http://aido.bsvgateway.org/api/locations/133144877/","Miyazaki","Miyazaki, Japan","State","http://aido.bsvgateway.org/api/locations/62292347/",131.290364458202,131.290364458202,32.1835300161215,"Pertussis"
"133144877.190",2011-03-21,2011-03-14,2,133144877,"76","133144877","P7D","http://aido.bsvgateway.org/api/locations/133144877/","Miyazaki","Miyazaki, Japan","State","http://aido.bsvgateway.org/api/locations/62292347/",32.1835300161215,131.290364458202,32.1835300161215,"Pertussis"
"133144877.191",2011-03-28,2011-03-21,2,133144877,"76","133144877","P7D","http://aido.bsvgateway.org/api/locations/133144877/","Miyazaki","Miyazaki, Japan","State","http://aido.bsvgateway.org/api/locations/62292347/",131.290364458202,131.290364458202,32.1835300161215,"Pertussis"
"133144877.192",2011-04-04,2011-03-28,0,133144877,"76","133144877","P7D","http://aido.bsvgateway.org/api/locations/133144877/","Miyazaki","Miyazaki, Japan","State","http://aido.bsvgateway.org/api/locations/62292347/",32.1835300161215,131.290364458202,32.1835300161215,"Pertussis"
"153500351.260",2004-07-08,2004-07-01,0,153500351,"76","153500351","P7D","http://aido.bsvgateway.org/api/locations/153500351/","Illinois","Illinois, United States of America","State","http://aido.bsvgateway.org/api/locations/113309883/",40.126566115243,-89.1543526850444,40.126566115243,"Pertussis"
"153500351.261",2004-07-15,2004-07-08,1,153500351,"76","153500351","P7D","http://aido.bsvgateway.org/api/locations/153500351/","Illinois","Illinois, United States of America","State","http://aido.bsvgateway.org/api/locations/113309883/",-89.1543526850444,-89.1543526850444,40.126566115243,"Pertussis"
"153500351.262",2004-07-22,2004-07-15,0,153500351,"76","153500351","P7D","http://aido.bsvgateway.org/api/locations/153500351/","Illinois","Illinois, United States of America","State","http://aido.bsvgateway.org/api/locations/113309883/",40.126566115243,-89.1543526850444,40.126566115243,"Pertussis"
"153500351.263",2004-07-29,2004-07-22,0,153500351,"76","153500351","P7D","http://aido.bsvgateway.org/api/locations/153500351/","Illinois","Illinois, United States of America","State","http://aido.bsvgateway.org/api/locations/113309883/",-89.1543526850444,-89.1543526850444,40.126566115243,"Pertussis"
"153500351.264",2004-08-05,2004-07-29,2,153500351,"76","153500351","P7D","http://aido.bsvgateway.org/api/locations/153500351/","Illinois","Illinois, United States of America","State","http://aido.bsvgateway.org/api/locations/113309883/",40.126566115243,-89.1543526850444,40.126566115243,"Pertussis"
"153500351.265",2004-08-12,2004-08-05,0,153500351,"76","153500351","P7D","http://aido.bsvgateway.org/api/locations/153500351/","Illinois","Illinois, United States of America","State","http://aido.bsvgateway.org/api/locations/113309883/",-89.1543526850444,-89.1543526850444,40.126566115243,"Pertussis"
"153500351.266",2004-08-19,2004-08-12,0,153500351,"76","153500351","P7D","http://aido.bsvgateway.org/api/locations/153500351/","Illinois","Illinois, United States of America","State","http://aido.bsvgateway.org/api/locations/113309883/",40.126566115243,-89.1543526850444,40.126566115243,"Pertussis"
"153500351.267",2004-08-26,2004-08-19,0,153500351,"76","153500351","P7D","http://aido.bsvgateway.org/api/locations/153500351/","Illinois","Illinois, United States of America","State","http://aido.bsvgateway.org/api/locations/113309883/",-89.1543526850444,-89.1543526850444,40.126566115243,"Pertussis"
"153500351.268",2004-09-02,2004-08-26,3,153500351,"76","153500351","P7D","http://aido.bsvgateway.org/api/locations/153500351/","Illinois","Illinois, United States of America","State","http://aido.bsvgateway.org/api/locations/113309883/",40.126566115243,-89.1543526850444,40.126566115243,"Pertussis"
"153500351.269",2004-09-09,2004-09-02,12,153500351,"76","153500351","P7D","http://aido.bsvgateway.org/api/locations/153500351/","Illinois","Illinois, United States of America","State","http://aido.bsvgateway.org/api/locations/113309883/",-89.1543526850444,-89.1543526850444,40.126566115243,"Pertussis"
"153500351.270",2004-09-16,2004-09-09,5,153500351,"76","153500351","P7D","http://aido.bsvgateway.org/api/locations/153500351/","Illinois","Illinois, United States of America","State","http://aido.bsvgateway.org/api/locations/113309883/",40.126566115243,-89.1543526850444,40.126566115243,"Pertussis"
"153500351.271",2004-09-23,2004-09-16,11,153500351,"76","153500351","P7D","http://aido.bsvgateway.org/api/locations/153500351/","Illinois","Illinois, United States of America","State","http://aido.bsvgateway.org/api/locations/113309883/",-89.1543526850444,-89.1543526850444,40.126566115243,"Pertussis"
"153500351.272",2004-09-30,2004-09-23,2,153500351,"76","153500351","P7D","http://aido.bsvgateway.org/api/locations/153500351/","Illinois","Illinois, United States of America","State","http://aido.bsvgateway.org/api/locations/113309883/",40.126566115243,-89.1543526850444,40.126566115243,"Pertussis"
"153500351.273",2004-10-07,2004-09-30,1,153500351,"76","153500351","P7D","http://aido.bsvgateway.org/api/locations/153500351/","Illinois","Illinois, United States of America","State","http://aido.bsvgateway.org/api/locations/113309883/",-89.1543526850444,-89.1543526850444,40.126566115243,"Pertussis"
"153500351.274",2004-10-14,2004-10-07,0,153500351,"76","153500351","P7D","http://aido.bsvgateway.org/api/locations/153500351/","Illinois","Illinois, United States of America","State","http://aido.bsvgateway.org/api/locations/113309883/",40.126566115243,-89.1543526850444,40.126566115243,"Pertussis"
"153905738.205",2004-09-19,2004-09-12,3,153905738,"76","153905738","P7D","http://aido.bsvgateway.org/api/locations/153905738/","Delaware","Delaware, United States of America","State","http://aido.bsvgateway.org/api/locations/113309883/",38.9970540621745,-75.5062587847496,38.9970540621745,"Pertussis"
"153905738.206",2004-09-26,2004-09-19,0,153905738,"76","153905738","P7D","http://aido.bsvgateway.org/api/locations/153905738/","Delaware","Delaware, United States of America","State","http://aido.bsvgateway.org/api/locations/113309883/",-75.5062587847496,-75.5062587847496,38.9970540621745,"Pertussis"
"153905738.207",2004-10-03,2004-09-26,3,153905738,"76","153905738","P7D","http://aido.bsvgateway.org/api/locations/153905738/","Delaware","Delaware, United States of America","State","http://aido.bsvgateway.org/api/locations/113309883/",38.9970540621745,-75.5062587847496,38.9970540621745,"Pertussis"
"153905738.208",2004-10-10,2004-10-03,1,153905738,"76","153905738","P7D","http://aido.bsvgateway.org/api/locations/153905738/","Delaware","Delaware, United States of America","State","http://aido.bsvgateway.org/api/locations/113309883/",-75.5062587847496,-75.5062587847496,38.9970540621745,"Pertussis"
"153905738.209",2004-10-17,2004-10-10,5,153905738,"76","153905738","P7D","http://aido.bsvgateway.org/api/locations/153905738/","Delaware","Delaware, United States of America","State","http://aido.bsvgateway.org/api/locations/113309883/",38.9970540621745,-75.5062587847496,38.9970540621745,"Pertussis"
"153905738.210",2004-10-24,2004-10-17,0,153905738,"76","153905738","P7D","http://aido.bsvgateway.org/api/locations/153905738/","Delaware","Delaware, United States of America","State","http://aido.bsvgateway.org/api/locations/113309883/",-75.5062587847496,-75.5062587847496,38.9970540621745,"Pertussis"
"153905738.211",2004-10-31,2004-10-24,1,153905738,"76","153905738","P7D","http://aido.bsvgateway.org/api/locations/153905738/","Delaware","Delaware, United States of America","State","http://aido.bsvgateway.org/api/locations/113309883/",38.9970540621745,-75.5062587847496,38.9970540621745,"Pertussis"
"153905738.212",2004-11-07,2004-10-31,2,153905738,"76","153905738","P7D","http://aido.bsvgateway.org/api/locations/153905738/","Delaware","Delaware, United States of America","State","http://aido.bsvgateway.org/api/locations/113309883/",-75.5062587847496,-75.5062587847496,38.9970540621745,"Pertussis"
"153905738.213",2004-11-14,2004-11-07,1,153905738,"76","153905738","P7D","http://aido.bsvgateway.org/api/locations/153905738/","Delaware","Delaware, United States of America","State","http://aido.bsvgateway.org/api/locations/113309883/",38.9970540621745,-75.5062587847496,38.9970540621745,"Pertussis"
"153905738.214",2004-11-21,2004-11-14,2,153905738,"76","153905738","P7D","http://aido.bsvgateway.org/api/locations/153905738/","Delaware","Delaware, United States of America","State","http://aido.bsvgateway.org/api/locations/113309883/",-75.5062587847496,-75.5062587847496,38.9970540621745,"Pertussis"
"153905738.215",2004-11-28,2004-11-21,10,153905738,"76","153905738","P7D","http://aido.bsvgateway.org/api/locations/153905738/","Delaware","Delaware, United States of America","State","http://aido.bsvgateway.org/api/locations/113309883/",38.9970540621745,-75.5062587847496,38.9970540621745,"Pertussis"
"153905738.216",2004-12-05,2004-11-28,20,153905738,"76","153905738","P7D","http://aido.bsvgateway.org/api/locations/153905738/","Delaware","Delaware, United States of America","State","http://aido.bsvgateway.org/api/locations/113309883/",-75.5062587847496,-75.5062587847496,38.9970540621745,"Pertussis"
"153905738.217",2004-12-12,2004-12-05,28,153905738,"76","153905738","P7D","http://aido.bsvgateway.org/api/locations/153905738/","Delaware","Delaware, United States of America","State","http://aido.bsvgateway.org/api/locations/113309883/",38.9970540621745,-75.5062587847496,38.9970540621745,"Pertussis"
"153905738.218",2004-12-19,2004-12-12,60,153905738,"76","153905738","P7D","http://aido.bsvgateway.org/api/locations/153905738/","Delaware","Delaware, United States of America","State","http://aido.bsvgateway.org/api/locations/113309883/",-75.5062587847496,-75.5062587847496,38.9970540621745,"Pertussis"
"153905738.219",2004-12-26,2004-12-19,53,153905738,"76","153905738","P7D","http://aido.bsvgateway.org/api/locations/153905738/","Delaware","Delaware, United States of America","State","http://aido.bsvgateway.org/api/locations/113309883/",38.9970540621745,-75.5062587847496,38.9970540621745,"Pertussis"
"153905738.220",2005-01-02,2004-12-26,63,153905738,"76","153905738","P7D","http://aido.bsvgateway.org/api/locations/153905738/","Delaware","Delaware, United States of America","State","http://aido.bsvgateway.org/api/locations/113309883/",-75.5062587847496,-75.5062587847496,38.9970540621745,"Pertussis"
"153905738.221",2005-01-09,2005-01-02,19,153905738,"76","153905738","P7D","http://aido.bsvgateway.org/api/locations/153905738/","Delaware","Delaware, United States of America","State","http://aido.bsvgateway.org/api/locations/113309883/",38.9970540621745,-75.5062587847496,38.9970540621745,"Pertussis"
"153905738.222",2005-01-16,2005-01-09,12,153905738,"76","153905738","P7D","http://aido.bsvgateway.org/api/locations/153905738/","Delaware","Delaware, United States of America","State","http://aido.bsvgateway.org/api/locations/113309883/",-75.5062587847496,-75.5062587847496,38.9970540621745,"Pertussis"
"153905738.223",2005-01-23,2005-01-16,17,153905738,"76","153905738","P7D","http://aido.bsvgateway.org/api/locations/153905738/","Delaware","Delaware, United States of America","State","http://aido.bsvgateway.org/api/locations/113309883/",38.9970540621745,-75.5062587847496,38.9970540621745,"Pertussis"
"153905738.224",2005-01-30,2005-01-23,18,153905738,"76","153905738","P7D","http://aido.bsvgateway.org/api/locations/153905738/","Delaware","Delaware, United States of America","State","http://aido.bsvgateway.org/api/locations/113309883/",-75.5062587847496,-75.5062587847496,38.9970540621745,"Pertussis"
"153905738.225",2005-02-06,2005-01-30,3,153905738,"76","153905738","P7D","http://aido.bsvgateway.org/api/locations/153905738/","Delaware","Delaware, United States of America","State","http://aido.bsvgateway.org/api/locations/113309883/",38.9970540621745,-75.5062587847496,38.9970540621745,"Pertussis"
"153905738.226",2005-02-13,2005-02-06,0,153905738,"76","153905738","P7D","http://aido.bsvgateway.org/api/locations/153905738/","Delaware","Delaware, United States of America","State","http://aido.bsvgateway.org/api/locations/113309883/",-75.5062587847496,-75.5062587847496,38.9970540621745,"Pertussis"
"173764153.147",2000-02-14,2000-02-07,3,173764153,"76","173764153","P7D","http://aido.bsvgateway.org/api/locations/173764153/","British Columbia","British Columbia, Canada","State","http://aido.bsvgateway.org/api/locations/14428333/",54.7592407397151,-124.752993561969,54.7592407397151,"Pertussis"
"173764153.148",2000-02-21,2000-02-14,0,173764153,"76","173764153","P7D","http://aido.bsvgateway.org/api/locations/173764153/","British Columbia","British Columbia, Canada","State","http://aido.bsvgateway.org/api/locations/14428333/",-124.752993561969,-124.752993561969,54.7592407397151,"Pertussis"
"173764153.149",2000-02-28,2000-02-21,0,173764153,"76","173764153","P7D","http://aido.bsvgateway.org/api/locations/173764153/","British Columbia","British Columbia, Canada","State","http://aido.bsvgateway.org/api/locations/14428333/",54.7592407397151,-124.752993561969,54.7592407397151,"Pertussis"
"173764153.150",2000-03-06,2000-02-28,3,173764153,"76","173764153","P7D","http://aido.bsvgateway.org/api/locations/173764153/","British Columbia","British Columbia, Canada","State","http://aido.bsvgateway.org/api/locations/14428333/",-124.752993561969,-124.752993561969,54.7592407397151,"Pertussis"
"173764153.151",2000-03-13,2000-03-06,0,173764153,"76","173764153","P7D","http://aido.bsvgateway.org/api/locations/173764153/","British Columbia","British Columbia, Canada","State","http://aido.bsvgateway.org/api/locations/14428333/",54.7592407397151,-124.752993561969,54.7592407397151,"Pertussis"
"173764153.152",2000-03-20,2000-03-13,1,173764153,"76","173764153","P7D","http://aido.bsvgateway.org/api/locations/173764153/","British Columbia","British Columbia, Canada","State","http://aido.bsvgateway.org/api/locations/14428333/",-124.752993561969,-124.752993561969,54.7592407397151,"Pertussis"
"173764153.153",2000-03-27,2000-03-20,3,173764153,"76","173764153","P7D","http://aido.bsvgateway.org/api/locations/173764153/","British Columbia","British Columbia, Canada","State","http://aido.bsvgateway.org/api/locations/14428333/",54.7592407397151,-124.752993561969,54.7592407397151,"Pertussis"
"173764153.154",2000-04-03,2000-03-27,8,173764153,"76","173764153","P7D","http://aido.bsvgateway.org/api/locations/173764153/","British Columbia","British Columbia, Canada","State","http://aido.bsvgateway.org/api/locations/14428333/",-124.752993561969,-124.752993561969,54.7592407397151,"Pertussis"
"173764153.155",2000-04-10,2000-04-03,2,173764153,"76","173764153","P7D","http://aido.bsvgateway.org/api/locations/173764153/","British Columbia","British Columbia, Canada","State","http://aido.bsvgateway.org/api/locations/14428333/",54.7592407397151,-124.752993561969,54.7592407397151,"Pertussis"
"173764153.156",2000-04-17,2000-04-10,4,173764153,"76","173764153","P7D","http://aido.bsvgateway.org/api/locations/173764153/","British Columbia","British Columbia, Canada","State","http://aido.bsvgateway.org/api/locations/14428333/",-124.752993561969,-124.752993561969,54.7592407397151,"Pertussis"
"173764153.157",2000-04-24,2000-04-17,1,173764153,"76","173764153","P7D","http://aido.bsvgateway.org/api/locations/173764153/","British Columbia","British Columbia, Canada","State","http://aido.bsvgateway.org/api/locations/14428333/",54.7592407397151,-124.752993561969,54.7592407397151,"Pertussis"
"173764153.158",2000-05-01,2000-04-24,3,173764153,"76","173764153","P7D","http://aido.bsvgateway.org/api/locations/173764153/","British Columbia","British Columbia, Canada","State","http://aido.bsvgateway.org/api/locations/14428333/",-124.752993561969,-124.752993561969,54.7592407397151,"Pertussis"
"173764153.159",2000-05-08,2000-05-01,4,173764153,"76","173764153","P7D","http://aido.bsvgateway.org/api/locations/173764153/","British Columbia","British Columbia, Canada","State","http://aido.bsvgateway.org/api/locations/14428333/",54.7592407397151,-124.752993561969,54.7592407397151,"Pertussis"
"173764153.160",2000-05-15,2000-05-08,7,173764153,"76","173764153","P7D","http://aido.bsvgateway.org/api/locations/173764153/","British Columbia","British Columbia, Canada","State","http://aido.bsvgateway.org/api/locations/14428333/",-124.752993561969,-124.752993561969,54.7592407397151,"Pertussis"
"173764153.161",2000-05-22,2000-05-15,3,173764153,"76","173764153","P7D","http://aido.bsvgateway.org/api/locations/173764153/","British Columbia","British Columbia, Canada","State","http://aido.bsvgateway.org/api/locations/14428333/",54.7592407397151,-124.752993561969,54.7592407397151,"Pertussis"
"173764153.162",2000-05-29,2000-05-22,6,173764153,"76","173764153","P7D","http://aido.bsvgateway.org/api/locations/173764153/","British Columbia","British Columbia, Canada","State","http://aido.bsvgateway.org/api/locations/14428333/",-124.752993561969,-124.752993561969,54.7592407397151,"Pertussis"
"173764153.163",2000-06-05,2000-05-29,8,173764153,"76","173764153","P7D","http://aido.bsvgateway.org/api/locations/173764153/","British Columbia","British Columbia, Canada","State","http://aido.bsvgateway.org/api/locations/14428333/",54.7592407397151,-124.752993561969,54.7592407397151,"Pertussis"
"173764153.164",2000-06-12,2000-06-05,7,173764153,"76","173764153","P7D","http://aido.bsvgateway.org/api/locations/173764153/","British Columbia","British Columbia, Canada","State","http://aido.bsvgateway.org/api/locations/14428333/",-124.752993561969,-124.752993561969,54.7592407397151,"Pertussis"
"173764153.165",2000-06-19,2000-06-12,1,173764153,"76","173764153","P7D","http://aido.bsvgateway.org/api/locations/173764153/","British Columbia","British Columbia, Canada","State","http://aido.bsvgateway.org/api/locations/14428333/",54.7592407397151,-124.752993561969,54.7592407397151,"Pertussis"
"214138576.109",2010-01-11,2010-01-04,2,214138576,"76","214138576","P7D","http://aido.bsvgateway.org/api/locations/214138576/","United Kingdom","United Kingdom","Country","http://aido.bsvgateway.org/api/locations/216709393/",54.1470481891977,-2.88695148310369,54.1470481891977,"Pertussis"
"214138576.110",2010-01-18,2010-01-11,0,214138576,"76","214138576","P7D","http://aido.bsvgateway.org/api/locations/214138576/","United Kingdom","United Kingdom","Country","http://aido.bsvgateway.org/api/locations/216709393/",-2.88695148310369,-2.88695148310369,54.1470481891977,"Pertussis"
"214138576.111",2010-01-25,2010-01-18,0,214138576,"76","214138576","P7D","http://aido.bsvgateway.org/api/locations/214138576/","United Kingdom","United Kingdom","Country","http://aido.bsvgateway.org/api/locations/216709393/",54.1470481891977,-2.88695148310369,54.1470481891977,"Pertussis"
"214138576.112",2010-02-01,2010-01-25,0,214138576,"76","214138576","P7D","http://aido.bsvgateway.org/api/locations/214138576/","United Kingdom","United Kingdom","Country","http://aido.bsvgateway.org/api/locations/216709393/",-2.88695148310369,-2.88695148310369,54.1470481891977,"Pertussis"
"214138576.113",2010-02-08,2010-02-01,0,214138576,"76","214138576","P7D","http://aido.bsvgateway.org/api/locations/214138576/","United Kingdom","United Kingdom","Country","http://aido.bsvgateway.org/api/locations/216709393/",54.1470481891977,-2.88695148310369,54.1470481891977,"Pertussis"
"214138576.114",2010-02-15,2010-02-08,1,214138576,"76","214138576","P7D","http://aido.bsvgateway.org/api/locations/214138576/","United Kingdom","United Kingdom","Country","http://aido.bsvgateway.org/api/locations/216709393/",-2.88695148310369,-2.88695148310369,54.1470481891977,"Pertussis"
"214138576.115",2010-02-22,2010-02-15,0,214138576,"76","214138576","P7D","http://aido.bsvgateway.org/api/locations/214138576/","United Kingdom","United Kingdom","Country","http://aido.bsvgateway.org/api/locations/216709393/",54.1470481891977,-2.88695148310369,54.1470481891977,"Pertussis"
"214138576.116",2010-03-01,2010-02-22,0,214138576,"76","214138576","P7D","http://aido.bsvgateway.org/api/locations/214138576/","United Kingdom","United Kingdom","Country","http://aido.bsvgateway.org/api/locations/216709393/",-2.88695148310369,-2.88695148310369,54.1470481891977,"Pertussis"
"214138576.117",2010-03-08,2010-03-01,1,214138576,"76","214138576","P7D","http://aido.bsvgateway.org/api/locations/214138576/","United Kingdom","United Kingdom","Country","http://aido.bsvgateway.org/api/locations/216709393/",54.1470481891977,-2.88695148310369,54.1470481891977,"Pertussis"
"214138576.118",2010-03-15,2010-03-08,1,214138576,"76","214138576","P7D","http://aido.bsvgateway.org/api/locations/214138576/","United Kingdom","United Kingdom","Country","http://aido.bsvgateway.org/api/locations/216709393/",-2.88695148310369,-2.88695148310369,54.1470481891977,"Pertussis"
"214138576.119",2010-03-22,2010-03-15,1,214138576,"76","214138576","P7D","http://aido.bsvgateway.org/api/locations/214138576/","United Kingdom","United Kingdom","Country","http://aido.bsvgateway.org/api/locations/216709393/",54.1470481891977,-2.88695148310369,54.1470481891977,"Pertussis"
"214138576.120",2010-03-29,2010-03-22,4,214138576,"76","214138576","P7D","http://aido.bsvgateway.org/api/locations/214138576/","United Kingdom","United Kingdom","Country","http://aido.bsvgateway.org/api/locations/216709393/",-2.88695148310369,-2.88695148310369,54.1470481891977,"Pertussis"
"214138576.121",2010-04-05,2010-03-29,3,214138576,"76","214138576","P7D","http://aido.bsvgateway.org/api/locations/214138576/","United Kingdom","United Kingdom","Country","http://aido.bsvgateway.org/api/locations/216709393/",54.1470481891977,-2.88695148310369,54.1470481891977,"Pertussis"
"214138576.122",2010-04-12,2010-04-05,1,214138576,"76","214138576","P7D","http://aido.bsvgateway.org/api/locations/214138576/","United Kingdom","United Kingdom","Country","http://aido.bsvgateway.org/api/locations/216709393/",-2.88695148310369,-2.88695148310369,54.1470481891977,"Pertussis"
"214138576.123",2010-04-19,2010-04-12,1,214138576,"76","214138576","P7D","http://aido.bsvgateway.org/api/locations/214138576/","United Kingdom","United Kingdom","Country","http://aido.bsvgateway.org/api/locations/216709393/",54.1470481891977,-2.88695148310369,54.1470481891977,"Pertussis"
"214138576.124",2010-04-26,2010-04-19,2,214138576,"76","214138576","P7D","http://aido.bsvgateway.org/api/locations/214138576/","United Kingdom","United Kingdom","Country","http://aido.bsvgateway.org/api/locations/216709393/",-2.88695148310369,-2.88695148310369,54.1470481891977,"Pertussis"
"214138576.125",2010-05-03,2010-04-26,0,214138576,"76","214138576","P7D","http://aido.bsvgateway.org/api/locations/214138576/","United Kingdom","United Kingdom","Country","http://aido.bsvgateway.org/api/locations/216709393/",54.1470481891977,-2.88695148310369,54.1470481891977,"Pertussis"
"214138576.126",2010-05-10,2010-05-03,2,214138576,"76","214138576","P7D","http://aido.bsvgateway.org/api/locations/214138576/","United Kingdom","United Kingdom","Country","http://aido.bsvgateway.org/api/locations/216709393/",-2.88695148310369,-2.88695148310369,54.1470481891977,"Pertussis"
"214138576.127",2010-05-17,2010-05-10,9,214138576,"76","214138576","P7D","http://aido.bsvgateway.org/api/locations/214138576/","United Kingdom","United Kingdom","Country","http://aido.bsvgateway.org/api/locations/216709393/",54.1470481891977,-2.88695148310369,54.1470481891977,"Pertussis"
"214138576.128",2010-05-24,2010-05-17,6,214138576,"76","214138576","P7D","http://aido.bsvgateway.org/api/locations/214138576/","United Kingdom","United Kingdom","Country","http://aido.bsvgateway.org/api/locations/216709393/",-2.88695148310369,-2.88695148310369,54.1470481891977,"Pertussis"
"214138576.129",2010-05-31,2010-05-24,10,214138576,"76","214138576","P7D","http://aido.bsvgateway.org/api/locations/214138576/","United Kingdom","United Kingdom","Country","http://aido.bsvgateway.org/api/locations/216709393/",54.1470481891977,-2.88695148310369,54.1470481891977,"Pertussis"
"214138576.130",2010-06-07,2010-05-31,5,214138576,"76","214138576","P7D","http://aido.bsvgateway.org/api/locations/214138576/","United Kingdom","United Kingdom","Country","http://aido.bsvgateway.org/api/locations/216709393/",-2.88695148310369,-2.88695148310369,54.1470481891977,"Pertussis"
"214138576.131",2010-06-14,2010-06-07,7,214138576,"76","214138576","P7D","http://aido.bsvgateway.org/api/locations/214138576/","United Kingdom","United Kingdom","Country","http://aido.bsvgateway.org/api/locations/216709393/",54.1470481891977,-2.88695148310369,54.1470481891977,"Pertussis"
"214138576.132",2010-06-21,2010-06-14,0,214138576,"76","214138576","P7D","http://aido.bsvgateway.org/api/locations/214138576/","United Kingdom","United Kingdom","Country","http://aido.bsvgateway.org/api/locations/216709393/",-2.88695148310369,-2.88695148310369,54.1470481891977,"Pertussis"
"214138576.133",2010-06-28,2010-06-21,2,214138576,"76","214138576","P7D","http://aido.bsvgateway.org/api/locations/214138576/","United Kingdom","United Kingdom","Country","http://aido.bsvgateway.org/api/locations/216709393/",54.1470481891977,-2.88695148310369,54.1470481891977,"Pertussis"
"214138576.134",2010-07-05,2010-06-28,0,214138576,"76","214138576","P7D","http://aido.bsvgateway.org/api/locations/214138576/","United Kingdom","United Kingdom","Country","http://aido.bsvgateway.org/api/locations/216709393/",-2.88695148310369,-2.88695148310369,54.1470481891977,"Pertussis"
"214138576.135",2010-07-12,2010-07-05,0,214138576,"76","214138576","P7D","http://aido.bsvgateway.org/api/locations/214138576/","United Kingdom","United Kingdom","Country","http://aido.bsvgateway.org/api/locations/216709393/",54.1470481891977,-2.88695148310369,54.1470481891977,"Pertussis"
"263374576.193",2010-02-01,2010-01-01,98,263374576,"76","263374576","P1M","http://aido.bsvgateway.org/api/locations/263374576/","California","California, United States of America","State","http://aido.bsvgateway.org/api/locations/113309883/",37.2420108874147,-119.605936849122,37.2420108874147,"Pertussis"
"263374576.194",2010-03-01,2010-02-01,112,263374576,"76","263374576","P1M","http://aido.bsvgateway.org/api/locations/263374576/","California","California, United States of America","State","http://aido.bsvgateway.org/api/locations/113309883/",-119.605936849122,-119.605936849122,37.2420108874147,"Pertussis"
"263374576.195",2010-04-01,2010-03-01,198,263374576,"76","263374576","P1M","http://aido.bsvgateway.org/api/locations/263374576/","California","California, United States of America","State","http://aido.bsvgateway.org/api/locations/113309883/",37.2420108874147,-119.605936849122,37.2420108874147,"Pertussis"
"263374576.196",2010-05-01,2010-04-01,347,263374576,"76","263374576","P1M","http://aido.bsvgateway.org/api/locations/263374576/","California","California, United States of America","State","http://aido.bsvgateway.org/api/locations/113309883/",-119.605936849122,-119.605936849122,37.2420108874147,"Pertussis"
"263374576.197",2010-06-01,2010-05-01,842,263374576,"76","263374576","P1M","http://aido.bsvgateway.org/api/locations/263374576/","California","California, United States of America","State","http://aido.bsvgateway.org/api/locations/113309883/",37.2420108874147,-119.605936849122,37.2420108874147,"Pertussis"
"263374576.198",2010-07-01,2010-06-01,1192,263374576,"76","263374576","P1M","http://aido.bsvgateway.org/api/locations/263374576/","California","California, United States of America","State","http://aido.bsvgateway.org/api/locations/113309883/",-119.605936849122,-119.605936849122,37.2420108874147,"Pertussis"
"263374576.199",2010-08-01,2010-07-01,1502,263374576,"76","263374576","P1M","http://aido.bsvgateway.org/api/locations/263374576/","California","California, United States of America","State","http://aido.bsvgateway.org/api/locations/113309883/",37.2420108874147,-119.605936849122,37.2420108874147,"Pertussis"
"263374576.200",2010-09-01,2010-08-01,1332,263374576,"76","263374576","P1M","http://aido.bsvgateway.org/api/locations/263374576/","California","California, United States of America","State","http://aido.bsvgateway.org/api/locations/113309883/",-119.605936849122,-119.605936849122,37.2420108874147,"Pertussis"
"263374576.201",2010-10-01,2010-09-01,1082,263374576,"76","263374576","P1M","http://aido.bsvgateway.org/api/locations/263374576/","California","California, United States of America","State","http://aido.bsvgateway.org/api/locations/113309883/",37.2420108874147,-119.605936849122,37.2420108874147,"Pertussis"
"263374576.202",2010-11-01,2010-10-01,973,263374576,"76","263374576","P1M","http://aido.bsvgateway.org/api/locations/263374576/","California","California, United States of America","State","http://aido.bsvgateway.org/api/locations/113309883/",-119.605936849122,-119.605936849122,37.2420108874147,"Pertussis"
"263374576.203",2010-12-01,2010-11-01,885,263374576,"76","263374576","P1M","http://aido.bsvgateway.org/api/locations/263374576/","California","California, United States of America","State","http://aido.bsvgateway.org/api/locations/113309883/",37.2420108874147,-119.605936849122,37.2420108874147,"Pertussis"
"263374576.204",2011-01-01,2010-12-01,595,263374576,"76","263374576","P1M","http://aido.bsvgateway.org/api/locations/263374576/","California","California, United States of America","State","http://aido.bsvgateway.org/api/locations/113309883/",-119.605936849122,-119.605936849122,37.2420108874147,"Pertussis"
"3537751.13",2003-05-30,2003-05-29,1,3537751,"76","3537751","P1D","http://aido.bsvgateway.org/api/locations/3537751/","Cyprus","Cyprus","Country","http://aido.bsvgateway.org/api/locations/20359812/",34.9152170465632,32.9899916983832,34.9152170465632,"Pertussis"
"3537751.14",2003-05-31,2003-05-30,5,3537751,"76","3537751","P1D","http://aido.bsvgateway.org/api/locations/3537751/","Cyprus","Cyprus","Country","http://aido.bsvgateway.org/api/locations/20359812/",32.9899916983832,32.9899916983832,34.9152170465632,"Pertussis"
"3537751.15",2003-06-01,2003-05-31,7,3537751,"76","3537751","P1D","http://aido.bsvgateway.org/api/locations/3537751/","Cyprus","Cyprus","Country","http://aido.bsvgateway.org/api/locations/20359812/",34.9152170465632,32.9899916983832,34.9152170465632,"Pertussis"
"3537751.16",2003-06-02,2003-06-01,6,3537751,"76","3537751","P1D","http://aido.bsvgateway.org/api/locations/3537751/","Cyprus","Cyprus","Country","http://aido.bsvgateway.org/api/locations/20359812/",32.9899916983832,32.9899916983832,34.9152170465632,"Pertussis"
"3537751.17",2003-06-03,2003-06-02,7,3537751,"76","3537751","P1D","http://aido.bsvgateway.org/api/locations/3537751/","Cyprus","Cyprus","Country","http://aido.bsvgateway.org/api/locations/20359812/",34.9152170465632,32.9899916983832,34.9152170465632,"Pertussis"
"3537751.18",2003-06-04,2003-06-03,5,3537751,"76","3537751","P1D","http://aido.bsvgateway.org/api/locations/3537751/","Cyprus","Cyprus","Country","http://aido.bsvgateway.org/api/locations/20359812/",32.9899916983832,32.9899916983832,34.9152170465632,"Pertussis"
"3537751.19",2003-06-05,2003-06-04,7,3537751,"76","3537751","P1D","http://aido.bsvgateway.org/api/locations/3537751/","Cyprus","Cyprus","Country","http://aido.bsvgateway.org/api/locations/20359812/",34.9152170465632,32.9899916983832,34.9152170465632,"Pertussis"
"3537751.20",2003-06-06,2003-06-05,5,3537751,"76","3537751","P1D","http://aido.bsvgateway.org/api/locations/3537751/","Cyprus","Cyprus","Country","http://aido.bsvgateway.org/api/locations/20359812/",32.9899916983832,32.9899916983832,34.9152170465632,"Pertussis"
"3537751.21",2003-06-07,2003-06-06,5,3537751,"76","3537751","P1D","http://aido.bsvgateway.org/api/locations/3537751/","Cyprus","Cyprus","Country","http://aido.bsvgateway.org/api/locations/20359812/",34.9152170465632,32.9899916983832,34.9152170465632,"Pertussis"
"3537751.22",2003-06-08,2003-06-07,3,3537751,"76","3537751","P1D","http://aido.bsvgateway.org/api/locations/3537751/","Cyprus","Cyprus","Country","http://aido.bsvgateway.org/api/locations/20359812/",32.9899916983832,32.9899916983832,34.9152170465632,"Pertussis"
"3537751.23",2003-06-09,2003-06-08,4,3537751,"76","3537751","P1D","http://aido.bsvgateway.org/api/locations/3537751/","Cyprus","Cyprus","Country","http://aido.bsvgateway.org/api/locations/20359812/",34.9152170465632,32.9899916983832,34.9152170465632,"Pertussis"
"3537751.24",2003-06-10,2003-06-09,2,3537751,"76","3537751","P1D","http://aido.bsvgateway.org/api/locations/3537751/","Cyprus","Cyprus","Country","http://aido.bsvgateway.org/api/locations/20359812/",32.9899916983832,32.9899916983832,34.9152170465632,"Pertussis"
"3537751.25",2003-06-11,2003-06-10,3,3537751,"76","3537751","P1D","http://aido.bsvgateway.org/api/locations/3537751/","Cyprus","Cyprus","Country","http://aido.bsvgateway.org/api/locations/20359812/",34.9152170465632,32.9899916983832,34.9152170465632,"Pertussis"
"3537751.26",2003-06-12,2003-06-11,2,3537751,"76","3537751","P1D","http://aido.bsvgateway.org/api/locations/3537751/","Cyprus","Cyprus","Country","http://aido.bsvgateway.org/api/locations/20359812/",32.9899916983832,32.9899916983832,34.9152170465632,"Pertussis"
"3537751.27",2003-06-13,2003-06-12,3,3537751,"76","3537751","P1D","http://aido.bsvgateway.org/api/locations/3537751/","Cyprus","Cyprus","Country","http://aido.bsvgateway.org/api/locations/20359812/",34.9152170465632,32.9899916983832,34.9152170465632,"Pertussis"
"3537751.28",2003-06-14,2003-06-13,5,3537751,"76","3537751","P1D","http://aido.bsvgateway.org/api/locations/3537751/","Cyprus","Cyprus","Country","http://aido.bsvgateway.org/api/locations/20359812/",32.9899916983832,32.9899916983832,34.9152170465632,"Pertussis"
"3537751.29",2003-06-15,2003-06-14,7,3537751,"76","3537751","P1D","http://aido.bsvgateway.org/api/locations/3537751/","Cyprus","Cyprus","Country","http://aido.bsvgateway.org/api/locations/20359812/",34.9152170465632,32.9899916983832,34.9152170465632,"Pertussis"
"3537751.30",2003-06-16,2003-06-15,5,3537751,"76","3537751","P1D","http://aido.bsvgateway.org/api/locations/3537751/","Cyprus","Cyprus","Country","http://aido.bsvgateway.org/api/locations/20359812/",32.9899916983832,32.9899916983832,34.9152170465632,"Pertussis"
"3537751.31",2003-06-17,2003-06-16,2,3537751,"76","3537751","P1D","http://aido.bsvgateway.org/api/locations/3537751/","Cyprus","Cyprus","Country","http://aido.bsvgateway.org/api/locations/20359812/",34.9152170465632,32.9899916983832,34.9152170465632,"Pertussis"
"3537751.32",2003-06-18,2003-06-17,4,3537751,"76","3537751","P1D","http://aido.bsvgateway.org/api/locations/3537751/","Cyprus","Cyprus","Country","http://aido.bsvgateway.org/api/locations/20359812/",32.9899916983832,32.9899916983832,34.9152170465632,"Pertussis"
"3537751.33",2003-06-19,2003-06-18,3,3537751,"76","3537751","P1D","http://aido.bsvgateway.org/api/locations/3537751/","Cyprus","Cyprus","Country","http://aido.bsvgateway.org/api/locations/20359812/",34.9152170465632,32.9899916983832,34.9152170465632,"Pertussis"
"3537751.34",2003-06-20,2003-06-19,2,3537751,"76","3537751","P1D","http://aido.bsvgateway.org/api/locations/3537751/","Cyprus","Cyprus","Country","http://aido.bsvgateway.org/api/locations/20359812/",32.9899916983832,32.9899916983832,34.9152170465632,"Pertussis"
"3537751.35",2003-06-21,2003-06-20,2,3537751,"76","3537751","P1D","http://aido.bsvgateway.org/api/locations/3537751/","Cyprus","Cyprus","Country","http://aido.bsvgateway.org/api/locations/20359812/",34.9152170465632,32.9899916983832,34.9152170465632,"Pertussis"
"3537751.36",2003-06-22,2003-06-21,3,3537751,"76","3537751","P1D","http://aido.bsvgateway.org/api/locations/3537751/","Cyprus","Cyprus","Country","http://aido.bsvgateway.org/api/locations/20359812/",32.9899916983832,32.9899916983832,34.9152170465632,"Pertussis"
"3537751.37",2003-06-23,2003-06-22,3,3537751,"76","3537751","P1D","http://aido.bsvgateway.org/api/locations/3537751/","Cyprus","Cyprus","Country","http://aido.bsvgateway.org/api/locations/20359812/",34.9152170465632,32.9899916983832,34.9152170465632,"Pertussis"
"3537751.38",2003-06-24,2003-06-23,4,3537751,"76","3537751","P1D","http://aido.bsvgateway.org/api/locations/3537751/","Cyprus","Cyprus","Country","http://aido.bsvgateway.org/api/locations/20359812/",32.9899916983832,32.9899916983832,34.9152170465632,"Pertussis"
"3537751.39",2003-06-25,2003-06-24,3,3537751,"76","3537751","P1D","http://aido.bsvgateway.org/api/locations/3537751/","Cyprus","Cyprus","Country","http://aido.bsvgateway.org/api/locations/20359812/",34.9152170465632,32.9899916983832,34.9152170465632,"Pertussis"
"3537751.40",2003-06-26,2003-06-25,2,3537751,"76","3537751","P1D","http://aido.bsvgateway.org/api/locations/3537751/","Cyprus","Cyprus","Country","http://aido.bsvgateway.org/api/locations/20359812/",32.9899916983832,32.9899916983832,34.9152170465632,"Pertussis"
"3537751.41",2003-06-27,2003-06-26,1,3537751,"76","3537751","P1D","http://aido.bsvgateway.org/api/locations/3537751/","Cyprus","Cyprus","Country","http://aido.bsvgateway.org/api/locations/20359812/",34.9152170465632,32.9899916983832,34.9152170465632,"Pertussis"
"3537751.42",2003-06-28,2003-06-27,2,3537751,"76","3537751","P1D","http://aido.bsvgateway.org/api/locations/3537751/","Cyprus","Cyprus","Country","http://aido.bsvgateway.org/api/locations/20359812/",32.9899916983832,32.9899916983832,34.9152170465632,"Pertussis"
"3537751.43",2003-06-29,2003-06-28,1,3537751,"76","3537751","P1D","http://aido.bsvgateway.org/api/locations/3537751/","Cyprus","Cyprus","Country","http://aido.bsvgateway.org/api/locations/20359812/",34.9152170465632,32.9899916983832,34.9152170465632,"Pertussis"
"3537751.44",2003-06-30,2003-06-29,2,3537751,"76","3537751","P1D","http://aido.bsvgateway.org/api/locations/3537751/","Cyprus","Cyprus","Country","http://aido.bsvgateway.org/api/locations/20359812/",32.9899916983832,32.9899916983832,34.9152170465632,"Pertussis"
"3537751.45",2003-07-01,2003-06-30,1,3537751,"76","3537751","P1D","http://aido.bsvgateway.org/api/locations/3537751/","Cyprus","Cyprus","Country","http://aido.bsvgateway.org/api/locations/20359812/",34.9152170465632,32.9899916983832,34.9152170465632,"Pertussis"
"3537751.46",2003-07-02,2003-07-01,2,3537751,"76","3537751","P1D","http://aido.bsvgateway.org/api/locations/3537751/","Cyprus","Cyprus","Country","http://aido.bsvgateway.org/api/locations/20359812/",32.9899916983832,32.9899916983832,34.9152170465632,"Pertussis"
"3537751.47",2003-07-03,2003-07-02,1,3537751,"76","3537751","P1D","http://aido.bsvgateway.org/api/locations/3537751/","Cyprus","Cyprus","Country","http://aido.bsvgateway.org/api/locations/20359812/",34.9152170465632,32.9899916983832,34.9152170465632,"Pertussis"
"3537751.48",2003-07-04,2003-07-03,1,3537751,"76","3537751","P1D","http://aido.bsvgateway.org/api/locations/3537751/","Cyprus","Cyprus","Country","http://aido.bsvgateway.org/api/locations/20359812/",32.9899916983832,32.9899916983832,34.9152170465632,"Pertussis"
"3537751.49",2003-07-05,2003-07-04,2,3537751,"76","3537751","P1D","http://aido.bsvgateway.org/api/locations/3537751/","Cyprus","Cyprus","Country","http://aido.bsvgateway.org/api/locations/20359812/",34.9152170465632,32.9899916983832,34.9152170465632,"Pertussis"
"3537751.50",2003-07-06,2003-07-05,1,3537751,"76","3537751","P1D","http://aido.bsvgateway.org/api/locations/3537751/","Cyprus","Cyprus","Country","http://aido.bsvgateway.org/api/locations/20359812/",32.9899916983832,32.9899916983832,34.9152170465632,"Pertussis"
"3537751.51",2003-07-07,2003-07-06,1,3537751,"76","3537751","P1D","http://aido.bsvgateway.org/api/locations/3537751/","Cyprus","Cyprus","Country","http://aido.bsvgateway.org/api/locations/20359812/",34.9152170465632,32.9899916983832,34.9152170465632,"Pertussis"
"3537751.52",2003-07-08,2003-07-07,1,3537751,"76","3537751","P1D","http://aido.bsvgateway.org/api/locations/3537751/","Cyprus","Cyprus","Country","http://aido.bsvgateway.org/api/locations/20359812/",32.9899916983832,32.9899916983832,34.9152170465632,"Pertussis"
"3537751.53",2003-07-09,2003-07-08,1,3537751,"76","3537751","P1D","http://aido.bsvgateway.org/api/locations/3537751/","Cyprus","Cyprus","Country","http://aido.bsvgateway.org/api/locations/20359812/",34.9152170465632,32.9899916983832,34.9152170465632,"Pertussis"
"3537751.54",2003-07-10,2003-07-09,0,3537751,"76","3537751","P1D","http://aido.bsvgateway.org/api/locations/3537751/","Cyprus","Cyprus","Country","http://aido.bsvgateway.org/api/locations/20359812/",32.9899916983832,32.9899916983832,34.9152170465632,"Pertussis"
"3537751.55",2003-07-11,2003-07-10,1,3537751,"76","3537751","P1D","http://aido.bsvgateway.org/api/locations/3537751/","Cyprus","Cyprus","Country","http://aido.bsvgateway.org/api/locations/20359812/",34.9152170465632,32.9899916983832,34.9152170465632,"Pertussis"
"62292347.56",2010-03-22,2010-03-15,1,62292347,"76","62292347","P7D","http://aido.bsvgateway.org/api/locations/62292347/","Japan","Japan","Country","http://aido.bsvgateway.org/api/locations/20359812/",37.5511773936149,137.978347609877,37.5511773936149,"Pertussis"
"62292347.57",2010-03-29,2010-03-22,0,62292347,"76","62292347","P7D","http://aido.bsvgateway.org/api/locations/62292347/","Japan","Japan","Country","http://aido.bsvgateway.org/api/locations/20359812/",137.978347609877,137.978347609877,37.5511773936149,"Pertussis"
"62292347.58",2010-04-05,2010-03-29,6,62292347,"76","62292347","P7D","http://aido.bsvgateway.org/api/locations/62292347/","Japan","Japan","Country","http://aido.bsvgateway.org/api/locations/20359812/",37.5511773936149,137.978347609877,37.5511773936149,"Pertussis"
"62292347.59",2010-04-12,2010-04-05,33,62292347,"76","62292347","P7D","http://aido.bsvgateway.org/api/locations/62292347/","Japan","Japan","Country","http://aido.bsvgateway.org/api/locations/20359812/",137.978347609877,137.978347609877,37.5511773936149,"Pertussis"
"62292347.60",2010-04-19,2010-04-12,45,62292347,"76","62292347","P7D","http://aido.bsvgateway.org/api/locations/62292347/","Japan","Japan","Country","http://aido.bsvgateway.org/api/locations/20359812/",37.5511773936149,137.978347609877,37.5511773936149,"Pertussis"
"62292347.61",2010-04-26,2010-04-19,59,62292347,"76","62292347","P7D","http://aido.bsvgateway.org/api/locations/62292347/","Japan","Japan","Country","http://aido.bsvgateway.org/api/locations/20359812/",137.978347609877,137.978347609877,37.5511773936149,"Pertussis"
"62292347.62",2010-05-03,2010-04-26,33,62292347,"76","62292347","P7D","http://aido.bsvgateway.org/api/locations/62292347/","Japan","Japan","Country","http://aido.bsvgateway.org/api/locations/20359812/",37.5511773936149,137.978347609877,37.5511773936149,"Pertussis"
"62292347.63",2010-05-10,2010-05-03,27,62292347,"76","62292347","P7D","http://aido.bsvgateway.org/api/locations/62292347/","Japan","Japan","Country","http://aido.bsvgateway.org/api/locations/20359812/",137.978347609877,137.978347609877,37.5511773936149,"Pertussis"
"62292347.64",2010-05-17,2010-05-10,18,62292347,"76","62292347","P7D","http://aido.bsvgateway.org/api/locations/62292347/","Japan","Japan","Country","http://aido.bsvgateway.org/api/locations/20359812/",37.5511773936149,137.978347609877,37.5511773936149,"Pertussis"
"62292347.65",2010-05-24,2010-05-17,8,62292347,"76","62292347","P7D","http://aido.bsvgateway.org/api/locations/62292347/","Japan","Japan","Country","http://aido.bsvgateway.org/api/locations/20359812/",137.978347609877,137.978347609877,37.5511773936149,"Pertussis"
"62292347.66",2010-05-31,2010-05-24,2,62292347,"76","62292347","P7D","http://aido.bsvgateway.org/api/locations/62292347/","Japan","Japan","Country","http://aido.bsvgateway.org/api/locations/20359812/",37.5511773936149,137.978347609877,37.5511773936149,"Pertussis"
"62292347.67",2010-06-07,2010-05-31,5,62292347,"76","62292347","P7D","http://aido.bsvgateway.org/api/locations/62292347/","Japan","Japan","Country","http://aido.bsvgateway.org/api/locations/20359812/",137.978347609877,137.978347609877,37.5511773936149,"Pertussis"
"62292347.68",2010-06-14,2010-06-07,1,62292347,"76","62292347","P7D","http://aido.bsvgateway.org/api/locations/62292347/","Japan","Japan","Country","http://aido.bsvgateway.org/api/locations/20359812/",37.5511773936149,137.978347609877,37.5511773936149,"Pertussis"
"62292347.69",2010-06-21,2010-06-14,4,62292347,"76","62292347","P7D","http://aido.bsvgateway.org/api/locations/62292347/","Japan","Japan","Country","http://aido.bsvgateway.org/api/locations/20359812/",137.978347609877,137.978347609877,37.5511773936149,"Pertussis"
"62292347.70",2010-06-28,2010-06-21,0,62292347,"76","62292347","P7D","http://aido.bsvgateway.org/api/locations/62292347/","Japan","Japan","Country","http://aido.bsvgateway.org/api/locations/20359812/",37.5511773936149,137.978347609877,37.5511773936149,"Pertussis"
"62292347.71",2010-07-05,2010-06-28,2,62292347,"76","62292347","P7D","http://aido.bsvgateway.org/api/locations/62292347/","Japan","Japan","Country","http://aido.bsvgateway.org/api/locations/20359812/",137.978347609877,137.978347609877,37.5511773936149,"Pertussis"
"62292347.72",2010-07-12,2010-07-05,1,62292347,"76","62292347","P7D","http://aido.bsvgateway.org/api/locations/62292347/","Japan","Japan","Country","http://aido.bsvgateway.org/api/locations/20359812/",37.5511773936149,137.978347609877,37.5511773936149,"Pertussis"
"62292347.73",2010-07-19,2010-07-12,0,62292347,"76","62292347","P7D","http://aido.bsvgateway.org/api/locations/62292347/","Japan","Japan","Country","http://aido.bsvgateway.org/api/locations/20359812/",137.978347609877,137.978347609877,37.5511773936149,"Pertussis"
"69870691.74",2015-04-13,2015-04-12,1,69870691,"76","69870691","P1D","http://aido.bsvgateway.org/api/locations/69870691/","Spain","Spain","Country","http://aido.bsvgateway.org/api/locations/216709393/",40.2272337134656,-3.65263701339604,40.2272337134656,"Pertussis"
"69870691.75",2015-04-14,2015-04-13,0,69870691,"76","69870691","P1D","http://aido.bsvgateway.org/api/locations/69870691/","Spain","Spain","Country","http://aido.bsvgateway.org/api/locations/216709393/",-3.65263701339604,-3.65263701339604,40.2272337134656,"Pertussis"
"69870691.76",2015-04-15,2015-04-14,2,69870691,"76","69870691","P1D","http://aido.bsvgateway.org/api/locations/69870691/","Spain","Spain","Country","http://aido.bsvgateway.org/api/locations/216709393/",40.2272337134656,-3.65263701339604,40.2272337134656,"Pertussis"
"69870691.77",2015-04-16,2015-04-15,0,69870691,"76","69870691","P1D","http://aido.bsvgateway.org/api/locations/69870691/","Spain","Spain","Country","http://aido.bsvgateway.org/api/locations/216709393/",-3.65263701339604,-3.65263701339604,40.2272337134656,"Pertussis"
"69870691.78",2015-04-17,2015-04-16,0,69870691,"76","69870691","P1D","http://aido.bsvgateway.org/api/locations/69870691/","Spain","Spain","Country","http://aido.bsvgateway.org/api/locations/216709393/",40.2272337134656,-3.65263701339604,40.2272337134656,"Pertussis"
"69870691.79",2015-04-18,2015-04-17,0,69870691,"76","69870691","P1D","http://aido.bsvgateway.org/api/locations/69870691/","Spain","Spain","Country","http://aido.bsvgateway.org/api/locations/216709393/",-3.65263701339604,-3.65263701339604,40.2272337134656,"Pertussis"
"69870691.80",2015-04-19,2015-04-18,1,69870691,"76","69870691","P1D","http://aido.bsvgateway.org/api/locations/69870691/","Spain","Spain","Country","http://aido.bsvgateway.org/api/locations/216709393/",40.2272337134656,-3.65263701339604,40.2272337134656,"Pertussis"
"69870691.81",2015-04-20,2015-04-19,0,69870691,"76","69870691","P1D","http://aido.bsvgateway.org/api/locations/69870691/","Spain","Spain","Country","http://aido.bsvgateway.org/api/locations/216709393/",-3.65263701339604,-3.65263701339604,40.2272337134656,"Pertussis"
"69870691.82",2015-04-21,2015-04-20,0,69870691,"76","69870691","P1D","http://aido.bsvgateway.org/api/locations/69870691/","Spain","Spain","Country","http://aido.bsvgateway.org/api/locations/216709393/",40.2272337134656,-3.65263701339604,40.2272337134656,"Pertussis"
"69870691.83",2015-04-22,2015-04-21,0,69870691,"76","69870691","P1D","http://aido.bsvgateway.org/api/locations/69870691/","Spain","Spain","Country","http://aido.bsvgateway.org/api/locations/216709393/",-3.65263701339604,-3.65263701339604,40.2272337134656,"Pertussis"
"69870691.84",2015-04-23,2015-04-22,0,69870691,"76","69870691","P1D","http://aido.bsvgateway.org/api/locations/69870691/","Spain","Spain","Country","http://aido.bsvgateway.org/api/locations/216709393/",40.2272337134656,-3.65263701339604,40.2272337134656,"Pertussis"
"69870691.85",2015-04-24,2015-04-23,0,69870691,"76","69870691","P1D","http://aido.bsvgateway.org/api/locations/69870691/","Spain","Spain","Country","http://aido.bsvgateway.org/api/locations/216709393/",-3.65263701339604,-3.65263701339604,40.2272337134656,"Pertussis"
"69870691.86",2015-04-25,2015-04-24,1,69870691,"76","69870691","P1D","http://aido.bsvgateway.org/api/locations/69870691/","Spain","Spain","Country","http://aido.bsvgateway.org/api/locations/216709393/",40.2272337134656,-3.65263701339604,40.2272337134656,"Pertussis"
"69870691.87",2015-04-26,2015-04-25,2,69870691,"76","69870691","P1D","http://aido.bsvgateway.org/api/locations/69870691/","Spain","Spain","Country","http://aido.bsvgateway.org/api/locations/216709393/",-3.65263701339604,-3.65263701339604,40.2272337134656,"Pertussis"
"69870691.88",2015-04-27,2015-04-26,0,69870691,"76","69870691","P1D","http://aido.bsvgateway.org/api/locations/69870691/","Spain","Spain","Country","http://aido.bsvgateway.org/api/locations/216709393/",40.2272337134656,-3.65263701339604,40.2272337134656,"Pertussis"
"69870691.89",2015-04-28,2015-04-27,1,69870691,"76","69870691","P1D","http://aido.bsvgateway.org/api/locations/69870691/","Spain","Spain","Country","http://aido.bsvgateway.org/api/locations/216709393/",-3.65263701339604,-3.65263701339604,40.2272337134656,"Pertussis"
"69870691.90",2015-04-29,2015-04-28,0,69870691,"76","69870691","P1D","http://aido.bsvgateway.org/api/locations/69870691/","Spain","Spain","Country","http://aido.bsvgateway.org/api/locations/216709393/",40.2272337134656,-3.65263701339604,40.2272337134656,"Pertussis"
"69870691.91",2015-04-30,2015-04-29,3,69870691,"76","69870691","P1D","http://aido.bsvgateway.org/api/locations/69870691/","Spain","Spain","Country","http://aido.bsvgateway.org/api/locations/216709393/",-3.65263701339604,-3.65263701339604,40.2272337134656,"Pertussis"
"69870691.92",2015-05-01,2015-04-30,1,69870691,"76","69870691","P1D","http://aido.bsvgateway.org/api/locations/69870691/","Spain","Spain","Country","http://aido.bsvgateway.org/api/locations/216709393/",40.2272337134656,-3.65263701339604,40.2272337134656,"Pertussis"
"69870691.93",2015-05-02,2015-05-01,3,69870691,"76","69870691","P1D","http://aido.bsvgateway.org/api/locations/69870691/","Spain","Spain","Country","http://aido.bsvgateway.org/api/locations/216709393/",-3.65263701339604,-3.65263701339604,40.2272337134656,"Pertussis"
"69870691.94",2015-05-03,2015-05-02,1,69870691,"76","69870691","P1D","http://aido.bsvgateway.org/api/locations/69870691/","Spain","Spain","Country","http://aido.bsvgateway.org/api/locations/216709393/",40.2272337134656,-3.65263701339604,40.2272337134656,"Pertussis"
"69870691.95",2015-05-04,2015-05-03,2,69870691,"76","69870691","P1D","http://aido.bsvgateway.org/api/locations/69870691/","Spain","Spain","Country","http://aido.bsvgateway.org/api/locations/216709393/",-3.65263701339604,-3.65263701339604,40.2272337134656,"Pertussis"
"69870691.96",2015-05-05,2015-05-04,3,69870691,"76","69870691","P1D","http://aido.bsvgateway.org/api/locations/69870691/","Spain","Spain","Country","http://aido.bsvgateway.org/api/locations/216709393/",40.2272337134656,-3.65263701339604,40.2272337134656,"Pertussis"
"69870691.97",2015-05-06,2015-05-05,2,69870691,"76","69870691","P1D","http://aido.bsvgateway.org/api/locations/69870691/","Spain","Spain","Country","http://aido.bsvgateway.org/api/locations/216709393/",-3.65263701339604,-3.65263701339604,40.2272337134656,"Pertussis"
"69870691.98",2015-05-07,2015-05-06,3,69870691,"76","69870691","P1D","http://aido.bsvgateway.org/api/locations/69870691/","Spain","Spain","Country","http://aido.bsvgateway.org/api/locations/216709393/",40.2272337134656,-3.65263701339604,40.2272337134656,"Pertussis"
"69870691.99",2015-05-08,2015-05-07,1,69870691,"76","69870691","P1D","http://aido.bsvgateway.org/api/locations/69870691/","Spain","Spain","Country","http://aido.bsvgateway.org/api/locations/216709393/",-3.65263701339604,-3.65263701339604,40.2272337134656,"Pertussis"
"69870691.100",2015-05-09,2015-05-08,4,69870691,"76","69870691","P1D","http://aido.bsvgateway.org/api/locations/69870691/","Spain","Spain","Country","http://aido.bsvgateway.org/api/locations/216709393/",40.2272337134656,-3.65263701339604,40.2272337134656,"Pertussis"
"69870691.101",2015-05-10,2015-05-09,5,69870691,"76","69870691","P1D","http://aido.bsvgateway.org/api/locations/69870691/","Spain","Spain","Country","http://aido.bsvgateway.org/api/locations/216709393/",-3.65263701339604,-3.65263701339604,40.2272337134656,"Pertussis"
"69870691.102",2015-05-11,2015-05-10,2,69870691,"76","69870691","P1D","http://aido.bsvgateway.org/api/locations/69870691/","Spain","Spain","Country","http://aido.bsvgateway.org/api/locations/216709393/",40.2272337134656,-3.65263701339604,40.2272337134656,"Pertussis"
"69870691.103",2015-05-12,2015-05-11,1,69870691,"76","69870691","P1D","http://aido.bsvgateway.org/api/locations/69870691/","Spain","Spain","Country","http://aido.bsvgateway.org/api/locations/216709393/",-3.65263701339604,-3.65263701339604,40.2272337134656,"Pertussis"
"69870691.104",2015-05-13,2015-05-12,0,69870691,"76","69870691","P1D","http://aido.bsvgateway.org/api/locations/69870691/","Spain","Spain","Country","http://aido.bsvgateway.org/api/locations/216709393/",40.2272337134656,-3.65263701339604,40.2272337134656,"Pertussis"
"69870691.105",2015-05-14,2015-05-13,2,69870691,"76","69870691","P1D","http://aido.bsvgateway.org/api/locations/69870691/","Spain","Spain","Country","http://aido.bsvgateway.org/api/locations/216709393/",-3.65263701339604,-3.65263701339604,40.2272337134656,"Pertussis"
"69870691.106",2015-05-15,2015-05-14,1,69870691,"76","69870691","P1D","http://aido.bsvgateway.org/api/locations/69870691/","Spain","Spain","Country","http://aido.bsvgateway.org/api/locations/216709393/",40.2272337134656,-3.65263701339604,40.2272337134656,"Pertussis"
"69870691.107",2015-05-16,2015-05-15,0,69870691,"76","69870691","P1D","http://aido.bsvgateway.org/api/locations/69870691/","Spain","Spain","Country","http://aido.bsvgateway.org/api/locations/216709393/",-3.65263701339604,-3.65263701339604,40.2272337134656,"Pertussis"
"69870691.108",2015-05-17,2015-05-16,1,69870691,"76","69870691","P1D","http://aido.bsvgateway.org/api/locations/69870691/","Spain","Spain","Country","http://aido.bsvgateway.org/api/locations/216709393/",40.2272337134656,-3.65263701339604,40.2272337134656,"Pertussis"
"98151416.1",2007-05-01,2007-04-01,432,98151416,"76","98151416","P1M","http://aido.bsvgateway.org/api/locations/98151416/","Afghanistan","Afghanistan","Country","http://aido.bsvgateway.org/api/locations/20359812/",33.8362669104371,66.0084474495393,33.8362669104371,"Pertussis"
"98151416.2",2007-06-01,2007-05-01,320,98151416,"76","98151416","P1M","http://aido.bsvgateway.org/api/locations/98151416/","Afghanistan","Afghanistan","Country","http://aido.bsvgateway.org/api/locations/20359812/",66.0084474495393,66.0084474495393,33.8362669104371,"Pertussis"
"98151416.3",2007-07-01,2007-06-01,151,98151416,"76","98151416","P1M","http://aido.bsvgateway.org/api/locations/98151416/","Afghanistan","Afghanistan","Country","http://aido.bsvgateway.org/api/locations/20359812/",33.8362669104371,66.0084474495393,33.8362669104371,"Pertussis"
"98151416.4",2007-08-01,2007-07-01,488,98151416,"76","98151416","P1M","http://aido.bsvgateway.org/api/locations/98151416/","Afghanistan","Afghanistan","Country","http://aido.bsvgateway.org/api/locations/20359812/",66.0084474495393,66.0084474495393,33.8362669104371,"Pertussis"
"98151416.5",2007-09-01,2007-08-01,125,98151416,"76","98151416","P1M","http://aido.bsvgateway.org/api/locations/98151416/","Afghanistan","Afghanistan","Country","http://aido.bsvgateway.org/api/locations/20359812/",33.8362669104371,66.0084474495393,33.8362669104371,"Pertussis"
"98151416.6",2007-10-01,2007-09-01,112,98151416,"76","98151416","P1M","http://aido.bsvgateway.org/api/locations/98151416/","Afghanistan","Afghanistan","Country","http://aido.bsvgateway.org/api/locations/20359812/",66.0084474495393,66.0084474495393,33.8362669104371,"Pertussis"
"98151416.7",2007-11-01,2007-10-01,65,98151416,"76","98151416","P1M","http://aido.bsvgateway.org/api/locations/98151416/","Afghanistan","Afghanistan","Country","http://aido.bsvgateway.org/api/locations/20359812/",33.8362669104371,66.0084474495393,33.8362669104371,"Pertussis"
"98151416.8",2007-12-01,2007-11-01,174,98151416,"76","98151416","P1M","http://aido.bsvgateway.org/api/locations/98151416/","Afghanistan","Afghanistan","Country","http://aido.bsvgateway.org/api/locations/20359812/",66.0084474495393,66.0084474495393,33.8362669104371,"Pertussis"
"98151416.9",2008-01-01,2007-12-01,259,98151416,"76","98151416","P1M","http://aido.bsvgateway.org/api/locations/98151416/","Afghanistan","Afghanistan","Country","http://aido.bsvgateway.org/api/locations/20359812/",33.8362669104371,66.0084474495393,33.8362669104371,"Pertussis"
"98151416.10",2008-02-01,2008-01-01,0,98151416,"76","98151416","P1M","http://aido.bsvgateway.org/api/locations/98151416/","Afghanistan","Afghanistan","Country","http://aido.bsvgateway.org/api/locations/20359812/",66.0084474495393,66.0084474495393,33.8362669104371,"Pertussis"
"98151416.11",2008-03-01,2008-02-01,0,98151416,"76","98151416","P1M","http://aido.bsvgateway.org/api/locations/98151416/","Afghanistan","Afghanistan","Country","http://aido.bsvgateway.org/api/locations/20359812/",33.8362669104371,66.0084474495393,33.8362669104371,"Pertussis"
"98151416.12",2008-04-01,2008-03-01,106,98151416,"76","98151416","P1M","http://aido.bsvgateway.org/api/locations/98151416/","Afghanistan","Afghanistan","Country","http://aido.bsvgateway.org/api/locations/20359812/",66.0084474495393,66.0084474495393,33.8362669104371,"Pertussis"
