"","end","start","value","id","disease","location","duration","url","name","full_name","admin_level_name","parent","centroid_lat_long","longitude","latitude","disease_name"
"113309883.190",1999-03-28,1999-03-21,1,113309883,"75","113309883","P7D","http://aido.bsvgateway.org/api/locations/113309883/","United States of America","United States of America","Country","http://aido.bsvgateway.org/api/locations/71269652/",45.6881134999987,-112.49572628642,45.6881134999987,"Rubella"
"113309883.191",1999-04-04,1999-03-28,0,113309883,"75","113309883","P7D","http://aido.bsvgateway.org/api/locations/113309883/","United States of America","United States of America","Country","http://aido.bsvgateway.org/api/locations/71269652/",-112.49572628642,-112.49572628642,45.6881134999987,"Rubella"
"113309883.192",1999-04-11,1999-04-04,5,113309883,"75","113309883","P7D","http://aido.bsvgateway.org/api/locations/113309883/","United States of America","United States of America","Country","http://aido.bsvgateway.org/api/locations/71269652/",45.6881134999987,-112.49572628642,45.6881134999987,"Rubella"
"113309883.193",1999-04-18,1999-04-11,1,113309883,"75","113309883","P7D","http://aido.bsvgateway.org/api/locations/113309883/","United States of America","United States of America","Country","http://aido.bsvgateway.org/api/locations/71269652/",-112.49572628642,-112.49572628642,45.6881134999987,"Rubella"
"113309883.194",1999-04-25,1999-04-18,2,113309883,"75","113309883","P7D","http://aido.bsvgateway.org/api/locations/113309883/","United States of America","United States of America","Country","http://aido.bsvgateway.org/api/locations/71269652/",45.6881134999987,-112.49572628642,45.6881134999987,"Rubella"
"113309883.195",1999-05-02,1999-04-25,15,113309883,"75","113309883","P7D","http://aido.bsvgateway.org/api/locations/113309883/","United States of America","United States of America","Country","http://aido.bsvgateway.org/api/locations/71269652/",-112.49572628642,-112.49572628642,45.6881134999987,"Rubella"
"113309883.196",1999-05-09,1999-05-02,10,113309883,"75","113309883","P7D","http://aido.bsvgateway.org/api/locations/113309883/","United States of America","United States of America","Country","http://aido.bsvgateway.org/api/locations/71269652/",45.6881134999987,-112.49572628642,45.6881134999987,"Rubella"
"113309883.197",1999-05-16,1999-05-09,4,113309883,"75","113309883","P7D","http://aido.bsvgateway.org/api/locations/113309883/","United States of America","United States of America","Country","http://aido.bsvgateway.org/api/locations/71269652/",-112.49572628642,-112.49572628642,45.6881134999987,"Rubella"
"113309883.198",1999-05-23,1999-05-16,11,113309883,"75","113309883","P7D","http://aido.bsvgateway.org/api/locations/113309883/","United States of America","United States of America","Country","http://aido.bsvgateway.org/api/locations/71269652/",45.6881134999987,-112.49572628642,45.6881134999987,"Rubella"
"113309883.199",1999-05-30,1999-05-23,6,113309883,"75","113309883","P7D","http://aido.bsvgateway.org/api/locations/113309883/","United States of America","United States of America","Country","http://aido.bsvgateway.org/api/locations/71269652/",-112.49572628642,-112.49572628642,45.6881134999987,"Rubella"
"113309883.200",1999-06-06,1999-05-30,10,113309883,"75","113309883","P7D","http://aido.bsvgateway.org/api/locations/113309883/","United States of America","United States of America","Country","http://aido.bsvgateway.org/api/locations/71269652/",45.6881134999987,-112.49572628642,45.6881134999987,"Rubella"
"113309883.201",1999-06-13,1999-06-06,1,113309883,"75","113309883","P7D","http://aido.bsvgateway.org/api/locations/113309883/","United States of America","United States of America","Country","http://aido.bsvgateway.org/api/locations/71269652/",-112.49572628642,-112.49572628642,45.6881134999987,"Rubella"
"113309883.202",1999-06-20,1999-06-13,2,113309883,"75","113309883","P7D","http://aido.bsvgateway.org/api/locations/113309883/","United States of America","United States of America","Country","http://aido.bsvgateway.org/api/locations/71269652/",45.6881134999987,-112.49572628642,45.6881134999987,"Rubella"
"113309883.203",1999-06-27,1999-06-20,1,113309883,"75","113309883","P7D","http://aido.bsvgateway.org/api/locations/113309883/","United States of America","United States of America","Country","http://aido.bsvgateway.org/api/locations/71269652/",-112.49572628642,-112.49572628642,45.6881134999987,"Rubella"
"113309883.204",1999-07-04,1999-06-27,1,113309883,"75","113309883","P7D","http://aido.bsvgateway.org/api/locations/113309883/","United States of America","United States of America","Country","http://aido.bsvgateway.org/api/locations/71269652/",45.6881134999987,-112.49572628642,45.6881134999987,"Rubella"
"113309883.205",1999-07-11,1999-07-04,7,113309883,"75","113309883","P7D","http://aido.bsvgateway.org/api/locations/113309883/","United States of America","United States of America","Country","http://aido.bsvgateway.org/api/locations/71269652/",-112.49572628642,-112.49572628642,45.6881134999987,"Rubella"
"113309883.206",1999-07-18,1999-07-11,2,113309883,"75","113309883","P7D","http://aido.bsvgateway.org/api/locations/113309883/","United States of America","United States of America","Country","http://aido.bsvgateway.org/api/locations/71269652/",45.6881134999987,-112.49572628642,45.6881134999987,"Rubella"
"113309883.207",1999-07-25,1999-07-18,0,113309883,"75","113309883","P7D","http://aido.bsvgateway.org/api/locations/113309883/","United States of America","United States of America","Country","http://aido.bsvgateway.org/api/locations/71269652/",-112.49572628642,-112.49572628642,45.6881134999987,"Rubella"
"113309883.208",1999-08-01,1999-07-25,1,113309883,"75","113309883","P7D","http://aido.bsvgateway.org/api/locations/113309883/","United States of America","United States of America","Country","http://aido.bsvgateway.org/api/locations/71269652/",45.6881134999987,-112.49572628642,45.6881134999987,"Rubella"
"115686904.312",2013-01-07,2012-12-31,9,115686904,"75","115686904","P7D","http://aido.bsvgateway.org/api/locations/115686904/","Tokyo","Tokyo, Tokyo, Japan","City","http://aido.bsvgateway.org/api/locations/147122464/",35.6869660977045,139.749464903878,35.6869660977045,"Rubella"
"115686904.313",2013-01-14,2013-01-07,37,115686904,"75","115686904","P7D","http://aido.bsvgateway.org/api/locations/115686904/","Tokyo","Tokyo, Tokyo, Japan","City","http://aido.bsvgateway.org/api/locations/147122464/",139.749464903878,139.749464903878,35.6869660977045,"Rubella"
"115686904.314",2013-01-21,2013-01-14,29,115686904,"75","115686904","P7D","http://aido.bsvgateway.org/api/locations/115686904/","Tokyo","Tokyo, Tokyo, Japan","City","http://aido.bsvgateway.org/api/locations/147122464/",35.6869660977045,139.749464903878,35.6869660977045,"Rubella"
"115686904.315",2013-01-28,2013-01-21,43,115686904,"75","115686904","P7D","http://aido.bsvgateway.org/api/locations/115686904/","Tokyo","Tokyo, Tokyo, Japan","City","http://aido.bsvgateway.org/api/locations/147122464/",139.749464903878,139.749464903878,35.6869660977045,"Rubella"
"115686904.316",2013-02-04,2013-01-28,32,115686904,"75","115686904","P7D","http://aido.bsvgateway.org/api/locations/115686904/","Tokyo","Tokyo, Tokyo, Japan","City","http://aido.bsvgateway.org/api/locations/147122464/",35.6869660977045,139.749464903878,35.6869660977045,"Rubella"
"115686904.317",2013-02-11,2013-02-04,82,115686904,"75","115686904","P7D","http://aido.bsvgateway.org/api/locations/115686904/","Tokyo","Tokyo, Tokyo, Japan","City","http://aido.bsvgateway.org/api/locations/147122464/",139.749464903878,139.749464903878,35.6869660977045,"Rubella"
"115686904.318",2013-02-18,2013-02-11,87,115686904,"75","115686904","P7D","http://aido.bsvgateway.org/api/locations/115686904/","Tokyo","Tokyo, Tokyo, Japan","City","http://aido.bsvgateway.org/api/locations/147122464/",35.6869660977045,139.749464903878,35.6869660977045,"Rubella"
"115686904.319",2013-02-25,2013-02-18,91,115686904,"75","115686904","P7D","http://aido.bsvgateway.org/api/locations/115686904/","Tokyo","Tokyo, Tokyo, Japan","City","http://aido.bsvgateway.org/api/locations/147122464/",139.749464903878,139.749464903878,35.6869660977045,"Rubella"
"115686904.320",2013-03-04,2013-02-25,108,115686904,"75","115686904","P7D","http://aido.bsvgateway.org/api/locations/115686904/","Tokyo","Tokyo, Tokyo, Japan","City","http://aido.bsvgateway.org/api/locations/147122464/",35.6869660977045,139.749464903878,35.6869660977045,"Rubella"
"115686904.321",2013-03-11,2013-03-04,91,115686904,"75","115686904","P7D","http://aido.bsvgateway.org/api/locations/115686904/","Tokyo","Tokyo, Tokyo, Japan","City","http://aido.bsvgateway.org/api/locations/147122464/",139.749464903878,139.749464903878,35.6869660977045,"Rubella"
"115686904.322",2013-03-18,2013-03-11,96,115686904,"75","115686904","P7D","http://aido.bsvgateway.org/api/locations/115686904/","Tokyo","Tokyo, Tokyo, Japan","City","http://aido.bsvgateway.org/api/locations/147122464/",35.6869660977045,139.749464903878,35.6869660977045,"Rubella"
"115686904.323",2013-03-25,2013-03-18,99,115686904,"75","115686904","P7D","http://aido.bsvgateway.org/api/locations/115686904/","Tokyo","Tokyo, Tokyo, Japan","City","http://aido.bsvgateway.org/api/locations/147122464/",139.749464903878,139.749464903878,35.6869660977045,"Rubella"
"115686904.324",2013-04-01,2013-03-25,94,115686904,"75","115686904","P7D","http://aido.bsvgateway.org/api/locations/115686904/","Tokyo","Tokyo, Tokyo, Japan","City","http://aido.bsvgateway.org/api/locations/147122464/",35.6869660977045,139.749464903878,35.6869660977045,"Rubella"
"115686904.325",2013-04-08,2013-04-01,105,115686904,"75","115686904","P7D","http://aido.bsvgateway.org/api/locations/115686904/","Tokyo","Tokyo, Tokyo, Japan","City","http://aido.bsvgateway.org/api/locations/147122464/",139.749464903878,139.749464903878,35.6869660977045,"Rubella"
"115686904.326",2013-04-15,2013-04-08,106,115686904,"75","115686904","P7D","http://aido.bsvgateway.org/api/locations/115686904/","Tokyo","Tokyo, Tokyo, Japan","City","http://aido.bsvgateway.org/api/locations/147122464/",35.6869660977045,139.749464903878,35.6869660977045,"Rubella"
"115686904.327",2013-04-22,2013-04-15,97,115686904,"75","115686904","P7D","http://aido.bsvgateway.org/api/locations/115686904/","Tokyo","Tokyo, Tokyo, Japan","City","http://aido.bsvgateway.org/api/locations/147122464/",139.749464903878,139.749464903878,35.6869660977045,"Rubella"
"131756092.130",2012-11-08,2012-11-01,152,131756092,"75","131756092","P7D","http://aido.bsvgateway.org/api/locations/131756092/","Poland","Poland","Country","http://aido.bsvgateway.org/api/locations/216709393/",52.12477182805,19.3943222481303,52.12477182805,"Rubella"
"131756092.131",2012-11-15,2012-11-08,0,131756092,"75","131756092","P7D","http://aido.bsvgateway.org/api/locations/131756092/","Poland","Poland","Country","http://aido.bsvgateway.org/api/locations/216709393/",19.3943222481302,19.3943222481303,52.12477182805,"Rubella"
"131756092.132",2012-11-22,2012-11-15,266,131756092,"75","131756092","P7D","http://aido.bsvgateway.org/api/locations/131756092/","Poland","Poland","Country","http://aido.bsvgateway.org/api/locations/216709393/",52.12477182805,19.3943222481303,52.12477182805,"Rubella"
"131756092.133",2012-11-29,2012-11-22,0,131756092,"75","131756092","P7D","http://aido.bsvgateway.org/api/locations/131756092/","Poland","Poland","Country","http://aido.bsvgateway.org/api/locations/216709393/",19.3943222481302,19.3943222481303,52.12477182805,"Rubella"
"131756092.134",2012-12-06,2012-11-29,0,131756092,"75","131756092","P7D","http://aido.bsvgateway.org/api/locations/131756092/","Poland","Poland","Country","http://aido.bsvgateway.org/api/locations/216709393/",52.12477182805,19.3943222481303,52.12477182805,"Rubella"
"131756092.135",2012-12-13,2012-12-06,354,131756092,"75","131756092","P7D","http://aido.bsvgateway.org/api/locations/131756092/","Poland","Poland","Country","http://aido.bsvgateway.org/api/locations/216709393/",19.3943222481302,19.3943222481303,52.12477182805,"Rubella"
"131756092.136",2012-12-20,2012-12-13,0,131756092,"75","131756092","P7D","http://aido.bsvgateway.org/api/locations/131756092/","Poland","Poland","Country","http://aido.bsvgateway.org/api/locations/216709393/",52.12477182805,19.3943222481303,52.12477182805,"Rubella"
"131756092.137",2012-12-27,2012-12-20,481,131756092,"75","131756092","P7D","http://aido.bsvgateway.org/api/locations/131756092/","Poland","Poland","Country","http://aido.bsvgateway.org/api/locations/216709393/",19.3943222481302,19.3943222481303,52.12477182805,"Rubella"
"131756092.138",2013-01-03,2012-12-27,0,131756092,"75","131756092","P7D","http://aido.bsvgateway.org/api/locations/131756092/","Poland","Poland","Country","http://aido.bsvgateway.org/api/locations/216709393/",52.12477182805,19.3943222481303,52.12477182805,"Rubella"
"131756092.139",2013-01-10,2013-01-03,747,131756092,"75","131756092","P7D","http://aido.bsvgateway.org/api/locations/131756092/","Poland","Poland","Country","http://aido.bsvgateway.org/api/locations/216709393/",19.3943222481302,19.3943222481303,52.12477182805,"Rubella"
"131756092.140",2013-01-17,2013-01-10,0,131756092,"75","131756092","P7D","http://aido.bsvgateway.org/api/locations/131756092/","Poland","Poland","Country","http://aido.bsvgateway.org/api/locations/216709393/",52.12477182805,19.3943222481303,52.12477182805,"Rubella"
"131756092.141",2013-01-24,2013-01-17,1089,131756092,"75","131756092","P7D","http://aido.bsvgateway.org/api/locations/131756092/","Poland","Poland","Country","http://aido.bsvgateway.org/api/locations/216709393/",19.3943222481302,19.3943222481303,52.12477182805,"Rubella"
"131756092.142",2013-01-31,2013-01-24,0,131756092,"75","131756092","P7D","http://aido.bsvgateway.org/api/locations/131756092/","Poland","Poland","Country","http://aido.bsvgateway.org/api/locations/216709393/",52.12477182805,19.3943222481303,52.12477182805,"Rubella"
"131756092.143",2013-02-07,2013-01-31,0,131756092,"75","131756092","P7D","http://aido.bsvgateway.org/api/locations/131756092/","Poland","Poland","Country","http://aido.bsvgateway.org/api/locations/216709393/",19.3943222481302,19.3943222481303,52.12477182805,"Rubella"
"131756092.144",2013-02-14,2013-02-07,1291,131756092,"75","131756092","P7D","http://aido.bsvgateway.org/api/locations/131756092/","Poland","Poland","Country","http://aido.bsvgateway.org/api/locations/216709393/",52.12477182805,19.3943222481303,52.12477182805,"Rubella"
"131756092.145",2013-02-21,2013-02-14,0,131756092,"75","131756092","P7D","http://aido.bsvgateway.org/api/locations/131756092/","Poland","Poland","Country","http://aido.bsvgateway.org/api/locations/216709393/",19.3943222481302,19.3943222481303,52.12477182805,"Rubella"
"131756092.146",2013-02-28,2013-02-21,1392,131756092,"75","131756092","P7D","http://aido.bsvgateway.org/api/locations/131756092/","Poland","Poland","Country","http://aido.bsvgateway.org/api/locations/216709393/",52.12477182805,19.3943222481303,52.12477182805,"Rubella"
"131756092.147",2013-03-07,2013-02-28,0,131756092,"75","131756092","P7D","http://aido.bsvgateway.org/api/locations/131756092/","Poland","Poland","Country","http://aido.bsvgateway.org/api/locations/216709393/",19.3943222481302,19.3943222481303,52.12477182805,"Rubella"
"131756092.148",2013-03-14,2013-03-07,2671,131756092,"75","131756092","P7D","http://aido.bsvgateway.org/api/locations/131756092/","Poland","Poland","Country","http://aido.bsvgateway.org/api/locations/216709393/",52.12477182805,19.3943222481303,52.12477182805,"Rubella"
"131756092.149",2013-03-21,2013-03-14,0,131756092,"75","131756092","P7D","http://aido.bsvgateway.org/api/locations/131756092/","Poland","Poland","Country","http://aido.bsvgateway.org/api/locations/216709393/",19.3943222481302,19.3943222481303,52.12477182805,"Rubella"
"131756092.150",2013-03-28,2013-03-21,3241,131756092,"75","131756092","P7D","http://aido.bsvgateway.org/api/locations/131756092/","Poland","Poland","Country","http://aido.bsvgateway.org/api/locations/216709393/",52.12477182805,19.3943222481303,52.12477182805,"Rubella"
"131756092.151",2013-04-04,2013-03-28,0,131756092,"75","131756092","P7D","http://aido.bsvgateway.org/api/locations/131756092/","Poland","Poland","Country","http://aido.bsvgateway.org/api/locations/216709393/",19.3943222481302,19.3943222481303,52.12477182805,"Rubella"
"131756092.152",2013-04-11,2013-04-04,5165,131756092,"75","131756092","P7D","http://aido.bsvgateway.org/api/locations/131756092/","Poland","Poland","Country","http://aido.bsvgateway.org/api/locations/216709393/",52.12477182805,19.3943222481303,52.12477182805,"Rubella"
"131756092.153",2013-04-18,2013-04-11,0,131756092,"75","131756092","P7D","http://aido.bsvgateway.org/api/locations/131756092/","Poland","Poland","Country","http://aido.bsvgateway.org/api/locations/216709393/",19.3943222481302,19.3943222481303,52.12477182805,"Rubella"
"131756092.154",2013-04-25,2013-04-18,5671,131756092,"75","131756092","P7D","http://aido.bsvgateway.org/api/locations/131756092/","Poland","Poland","Country","http://aido.bsvgateway.org/api/locations/216709393/",52.12477182805,19.3943222481303,52.12477182805,"Rubella"
"131756092.155",2013-05-02,2013-04-25,0,131756092,"75","131756092","P7D","http://aido.bsvgateway.org/api/locations/131756092/","Poland","Poland","Country","http://aido.bsvgateway.org/api/locations/216709393/",19.3943222481302,19.3943222481303,52.12477182805,"Rubella"
"152799172.1",2014-03-19,2014-03-18,7,152799172,"75","152799172","P1D","http://aido.bsvgateway.org/api/locations/152799172/","Kenya","Kenya","Country","http://aido.bsvgateway.org/api/locations/93632501/",0.550766069424226,37.8224399190166,0.550766069424226,"Rubella"
"152799172.2",2014-03-20,2014-03-19,22,152799172,"75","152799172","P1D","http://aido.bsvgateway.org/api/locations/152799172/","Kenya","Kenya","Country","http://aido.bsvgateway.org/api/locations/93632501/",37.8224399190166,37.8224399190166,0.550766069424226,"Rubella"
"152799172.3",2014-03-21,2014-03-20,22,152799172,"75","152799172","P1D","http://aido.bsvgateway.org/api/locations/152799172/","Kenya","Kenya","Country","http://aido.bsvgateway.org/api/locations/93632501/",0.550766069424226,37.8224399190166,0.550766069424226,"Rubella"
"152799172.4",2014-03-22,2014-03-21,3,152799172,"75","152799172","P1D","http://aido.bsvgateway.org/api/locations/152799172/","Kenya","Kenya","Country","http://aido.bsvgateway.org/api/locations/93632501/",37.8224399190166,37.8224399190166,0.550766069424226,"Rubella"
"152799172.5",2014-03-23,2014-03-22,3,152799172,"75","152799172","P1D","http://aido.bsvgateway.org/api/locations/152799172/","Kenya","Kenya","Country","http://aido.bsvgateway.org/api/locations/93632501/",0.550766069424226,37.8224399190166,0.550766069424226,"Rubella"
"152799172.6",2014-03-24,2014-03-23,1,152799172,"75","152799172","P1D","http://aido.bsvgateway.org/api/locations/152799172/","Kenya","Kenya","Country","http://aido.bsvgateway.org/api/locations/93632501/",37.8224399190166,37.8224399190166,0.550766069424226,"Rubella"
"152799172.7",2014-03-25,2014-03-24,8,152799172,"75","152799172","P1D","http://aido.bsvgateway.org/api/locations/152799172/","Kenya","Kenya","Country","http://aido.bsvgateway.org/api/locations/93632501/",0.550766069424226,37.8224399190166,0.550766069424226,"Rubella"
"152799172.8",2014-03-26,2014-03-25,0,152799172,"75","152799172","P1D","http://aido.bsvgateway.org/api/locations/152799172/","Kenya","Kenya","Country","http://aido.bsvgateway.org/api/locations/93632501/",37.8224399190166,37.8224399190166,0.550766069424226,"Rubella"
"152799172.9",2014-03-27,2014-03-26,0,152799172,"75","152799172","P1D","http://aido.bsvgateway.org/api/locations/152799172/","Kenya","Kenya","Country","http://aido.bsvgateway.org/api/locations/93632501/",0.550766069424226,37.8224399190166,0.550766069424226,"Rubella"
"152799172.10",2014-03-28,2014-03-27,0,152799172,"75","152799172","P1D","http://aido.bsvgateway.org/api/locations/152799172/","Kenya","Kenya","Country","http://aido.bsvgateway.org/api/locations/93632501/",37.8224399190166,37.8224399190166,0.550766069424226,"Rubella"
"152799172.11",2014-03-29,2014-03-28,0,152799172,"75","152799172","P1D","http://aido.bsvgateway.org/api/locations/152799172/","Kenya","Kenya","Country","http://aido.bsvgateway.org/api/locations/93632501/",0.550766069424226,37.8224399190166,0.550766069424226,"Rubella"
"152799172.12",2014-03-30,2014-03-29,7,152799172,"75","152799172","P1D","http://aido.bsvgateway.org/api/locations/152799172/","Kenya","Kenya","Country","http://aido.bsvgateway.org/api/locations/93632501/",37.8224399190166,37.8224399190166,0.550766069424226,"Rubella"
"152799172.13",2014-03-31,2014-03-30,1,152799172,"75","152799172","P1D","http://aido.bsvgateway.org/api/locations/152799172/","Kenya","Kenya","Country","http://aido.bsvgateway.org/api/locations/93632501/",0.550766069424226,37.8224399190166,0.550766069424226,"Rubella"
"152799172.14",2014-04-01,2014-03-31,13,152799172,"75","152799172","P1D","http://aido.bsvgateway.org/api/locations/152799172/","Kenya","Kenya","Country","http://aido.bsvgateway.org/api/locations/93632501/",37.8224399190166,37.8224399190166,0.550766069424226,"Rubella"
"152799172.15",2014-04-02,2014-04-01,7,152799172,"75","152799172","P1D","http://aido.bsvgateway.org/api/locations/152799172/","Kenya","Kenya","Country","http://aido.bsvgateway.org/api/locations/93632501/",0.550766069424226,37.8224399190166,0.550766069424226,"Rubella"
"152799172.16",2014-04-03,2014-04-02,0,152799172,"75","152799172","P1D","http://aido.bsvgateway.org/api/locations/152799172/","Kenya","Kenya","Country","http://aido.bsvgateway.org/api/locations/93632501/",37.8224399190166,37.8224399190166,0.550766069424226,"Rubella"
"152799172.17",2014-04-04,2014-04-03,0,152799172,"75","152799172","P1D","http://aido.bsvgateway.org/api/locations/152799172/","Kenya","Kenya","Country","http://aido.bsvgateway.org/api/locations/93632501/",0.550766069424226,37.8224399190166,0.550766069424226,"Rubella"
"152799172.18",2014-04-05,2014-04-04,2,152799172,"75","152799172","P1D","http://aido.bsvgateway.org/api/locations/152799172/","Kenya","Kenya","Country","http://aido.bsvgateway.org/api/locations/93632501/",37.8224399190166,37.8224399190166,0.550766069424226,"Rubella"
"152799172.19",2014-04-06,2014-04-05,0,152799172,"75","152799172","P1D","http://aido.bsvgateway.org/api/locations/152799172/","Kenya","Kenya","Country","http://aido.bsvgateway.org/api/locations/93632501/",0.550766069424226,37.8224399190166,0.550766069424226,"Rubella"
"152799172.20",2014-04-07,2014-04-06,0,152799172,"75","152799172","P1D","http://aido.bsvgateway.org/api/locations/152799172/","Kenya","Kenya","Country","http://aido.bsvgateway.org/api/locations/93632501/",37.8224399190166,37.8224399190166,0.550766069424226,"Rubella"
"152799172.21",2014-04-08,2014-04-07,0,152799172,"75","152799172","P1D","http://aido.bsvgateway.org/api/locations/152799172/","Kenya","Kenya","Country","http://aido.bsvgateway.org/api/locations/93632501/",0.550766069424226,37.8224399190166,0.550766069424226,"Rubella"
"152799172.22",2014-04-09,2014-04-08,0,152799172,"75","152799172","P1D","http://aido.bsvgateway.org/api/locations/152799172/","Kenya","Kenya","Country","http://aido.bsvgateway.org/api/locations/93632501/",37.8224399190166,37.8224399190166,0.550766069424226,"Rubella"
"152799172.23",2014-04-10,2014-04-09,0,152799172,"75","152799172","P1D","http://aido.bsvgateway.org/api/locations/152799172/","Kenya","Kenya","Country","http://aido.bsvgateway.org/api/locations/93632501/",0.550766069424226,37.8224399190166,0.550766069424226,"Rubella"
"152799172.24",2014-04-11,2014-04-10,0,152799172,"75","152799172","P1D","http://aido.bsvgateway.org/api/locations/152799172/","Kenya","Kenya","Country","http://aido.bsvgateway.org/api/locations/93632501/",37.8224399190166,37.8224399190166,0.550766069424226,"Rubella"
"152799172.25",2014-04-12,2014-04-11,0,152799172,"75","152799172","P1D","http://aido.bsvgateway.org/api/locations/152799172/","Kenya","Kenya","Country","http://aido.bsvgateway.org/api/locations/93632501/",0.550766069424226,37.8224399190166,0.550766069424226,"Rubella"
"152799172.26",2014-04-13,2014-04-12,0,152799172,"75","152799172","P1D","http://aido.bsvgateway.org/api/locations/152799172/","Kenya","Kenya","Country","http://aido.bsvgateway.org/api/locations/93632501/",37.8224399190166,37.8224399190166,0.550766069424226,"Rubella"
"152799172.27",2014-04-14,2014-04-13,0,152799172,"75","152799172","P1D","http://aido.bsvgateway.org/api/locations/152799172/","Kenya","Kenya","Country","http://aido.bsvgateway.org/api/locations/93632501/",0.550766069424226,37.8224399190166,0.550766069424226,"Rubella"
"152799172.28",2014-04-15,2014-04-14,0,152799172,"75","152799172","P1D","http://aido.bsvgateway.org/api/locations/152799172/","Kenya","Kenya","Country","http://aido.bsvgateway.org/api/locations/93632501/",37.8224399190166,37.8224399190166,0.550766069424226,"Rubella"
"152799172.29",2014-04-16,2014-04-15,0,152799172,"75","152799172","P1D","http://aido.bsvgateway.org/api/locations/152799172/","Kenya","Kenya","Country","http://aido.bsvgateway.org/api/locations/93632501/",0.550766069424226,37.8224399190166,0.550766069424226,"Rubella"
"152799172.30",2014-04-17,2014-04-16,0,152799172,"75","152799172","P1D","http://aido.bsvgateway.org/api/locations/152799172/","Kenya","Kenya","Country","http://aido.bsvgateway.org/api/locations/93632501/",37.8224399190166,37.8224399190166,0.550766069424226,"Rubella"
"152799172.31",2014-04-18,2014-04-17,0,152799172,"75","152799172","P1D","http://aido.bsvgateway.org/api/locations/152799172/","Kenya","Kenya","Country","http://aido.bsvgateway.org/api/locations/93632501/",0.550766069424226,37.8224399190166,0.550766069424226,"Rubella"
"152799172.32",2014-04-19,2014-04-18,0,152799172,"75","152799172","P1D","http://aido.bsvgateway.org/api/locations/152799172/","Kenya","Kenya","Country","http://aido.bsvgateway.org/api/locations/93632501/",37.8224399190166,37.8224399190166,0.550766069424226,"Rubella"
"152799172.33",2014-04-20,2014-04-19,0,152799172,"75","152799172","P1D","http://aido.bsvgateway.org/api/locations/152799172/","Kenya","Kenya","Country","http://aido.bsvgateway.org/api/locations/93632501/",0.550766069424226,37.8224399190166,0.550766069424226,"Rubella"
"152799172.34",2014-04-21,2014-04-20,5,152799172,"75","152799172","P1D","http://aido.bsvgateway.org/api/locations/152799172/","Kenya","Kenya","Country","http://aido.bsvgateway.org/api/locations/93632501/",37.8224399190166,37.8224399190166,0.550766069424226,"Rubella"
"152799172.35",2014-04-22,2014-04-21,7,152799172,"75","152799172","P1D","http://aido.bsvgateway.org/api/locations/152799172/","Kenya","Kenya","Country","http://aido.bsvgateway.org/api/locations/93632501/",0.550766069424226,37.8224399190166,0.550766069424226,"Rubella"
"152799172.36",2014-04-23,2014-04-22,3,152799172,"75","152799172","P1D","http://aido.bsvgateway.org/api/locations/152799172/","Kenya","Kenya","Country","http://aido.bsvgateway.org/api/locations/93632501/",37.8224399190166,37.8224399190166,0.550766069424226,"Rubella"
"152799172.37",2014-04-24,2014-04-23,1,152799172,"75","152799172","P1D","http://aido.bsvgateway.org/api/locations/152799172/","Kenya","Kenya","Country","http://aido.bsvgateway.org/api/locations/93632501/",0.550766069424226,37.8224399190166,0.550766069424226,"Rubella"
"152799172.38",2014-04-25,2014-04-24,0,152799172,"75","152799172","P1D","http://aido.bsvgateway.org/api/locations/152799172/","Kenya","Kenya","Country","http://aido.bsvgateway.org/api/locations/93632501/",37.8224399190166,37.8224399190166,0.550766069424226,"Rubella"
"152799172.39",2014-04-26,2014-04-25,0,152799172,"75","152799172","P1D","http://aido.bsvgateway.org/api/locations/152799172/","Kenya","Kenya","Country","http://aido.bsvgateway.org/api/locations/93632501/",0.550766069424226,37.8224399190166,0.550766069424226,"Rubella"
"152799172.40",2014-04-27,2014-04-26,2,152799172,"75","152799172","P1D","http://aido.bsvgateway.org/api/locations/152799172/","Kenya","Kenya","Country","http://aido.bsvgateway.org/api/locations/93632501/",37.8224399190166,37.8224399190166,0.550766069424226,"Rubella"
"152799172.41",2014-04-28,2014-04-27,5,152799172,"75","152799172","P1D","http://aido.bsvgateway.org/api/locations/152799172/","Kenya","Kenya","Country","http://aido.bsvgateway.org/api/locations/93632501/",0.550766069424226,37.8224399190166,0.550766069424226,"Rubella"
"152799172.42",2014-04-29,2014-04-28,1,152799172,"75","152799172","P1D","http://aido.bsvgateway.org/api/locations/152799172/","Kenya","Kenya","Country","http://aido.bsvgateway.org/api/locations/93632501/",37.8224399190166,37.8224399190166,0.550766069424226,"Rubella"
"152799172.43",2014-04-30,2014-04-29,0,152799172,"75","152799172","P1D","http://aido.bsvgateway.org/api/locations/152799172/","Kenya","Kenya","Country","http://aido.bsvgateway.org/api/locations/93632501/",0.550766069424226,37.8224399190166,0.550766069424226,"Rubella"
"152799172.44",2014-05-01,2014-04-30,1,152799172,"75","152799172","P1D","http://aido.bsvgateway.org/api/locations/152799172/","Kenya","Kenya","Country","http://aido.bsvgateway.org/api/locations/93632501/",37.8224399190166,37.8224399190166,0.550766069424226,"Rubella"
"152799172.45",2014-05-02,2014-05-01,0,152799172,"75","152799172","P1D","http://aido.bsvgateway.org/api/locations/152799172/","Kenya","Kenya","Country","http://aido.bsvgateway.org/api/locations/93632501/",0.550766069424226,37.8224399190166,0.550766069424226,"Rubella"
"152799172.46",2014-05-03,2014-05-02,0,152799172,"75","152799172","P1D","http://aido.bsvgateway.org/api/locations/152799172/","Kenya","Kenya","Country","http://aido.bsvgateway.org/api/locations/93632501/",37.8224399190166,37.8224399190166,0.550766069424226,"Rubella"
"152799172.47",2014-05-04,2014-05-03,0,152799172,"75","152799172","P1D","http://aido.bsvgateway.org/api/locations/152799172/","Kenya","Kenya","Country","http://aido.bsvgateway.org/api/locations/93632501/",0.550766069424226,37.8224399190166,0.550766069424226,"Rubella"
"152799172.48",2014-05-05,2014-05-04,0,152799172,"75","152799172","P1D","http://aido.bsvgateway.org/api/locations/152799172/","Kenya","Kenya","Country","http://aido.bsvgateway.org/api/locations/93632501/",37.8224399190166,37.8224399190166,0.550766069424226,"Rubella"
"152799172.49",2014-05-06,2014-05-05,1,152799172,"75","152799172","P1D","http://aido.bsvgateway.org/api/locations/152799172/","Kenya","Kenya","Country","http://aido.bsvgateway.org/api/locations/93632501/",0.550766069424226,37.8224399190166,0.550766069424226,"Rubella"
"170415761.209",2007-05-14,2007-05-07,3,170415761,"75","170415761","P7D","http://aido.bsvgateway.org/api/locations/170415761/","Chile","Chile","Country","http://aido.bsvgateway.org/api/locations/13410479/",-37.7436061218903,-71.3643742494707,-37.7436061218903,"Rubella"
"170415761.210",2007-05-21,2007-05-14,9,170415761,"75","170415761","P7D","http://aido.bsvgateway.org/api/locations/170415761/","Chile","Chile","Country","http://aido.bsvgateway.org/api/locations/13410479/",-71.3643742494707,-71.3643742494707,-37.7436061218903,"Rubella"
"170415761.211",2007-05-28,2007-05-21,7,170415761,"75","170415761","P7D","http://aido.bsvgateway.org/api/locations/170415761/","Chile","Chile","Country","http://aido.bsvgateway.org/api/locations/13410479/",-37.7436061218903,-71.3643742494707,-37.7436061218903,"Rubella"
"170415761.212",2007-06-04,2007-05-28,18,170415761,"75","170415761","P7D","http://aido.bsvgateway.org/api/locations/170415761/","Chile","Chile","Country","http://aido.bsvgateway.org/api/locations/13410479/",-71.3643742494707,-71.3643742494707,-37.7436061218903,"Rubella"
"170415761.213",2007-06-11,2007-06-04,32,170415761,"75","170415761","P7D","http://aido.bsvgateway.org/api/locations/170415761/","Chile","Chile","Country","http://aido.bsvgateway.org/api/locations/13410479/",-37.7436061218903,-71.3643742494707,-37.7436061218903,"Rubella"
"170415761.214",2007-06-18,2007-06-11,17,170415761,"75","170415761","P7D","http://aido.bsvgateway.org/api/locations/170415761/","Chile","Chile","Country","http://aido.bsvgateway.org/api/locations/13410479/",-71.3643742494707,-71.3643742494707,-37.7436061218903,"Rubella"
"170415761.215",2007-06-25,2007-06-18,32,170415761,"75","170415761","P7D","http://aido.bsvgateway.org/api/locations/170415761/","Chile","Chile","Country","http://aido.bsvgateway.org/api/locations/13410479/",-37.7436061218903,-71.3643742494707,-37.7436061218903,"Rubella"
"170415761.216",2007-07-02,2007-06-25,51,170415761,"75","170415761","P7D","http://aido.bsvgateway.org/api/locations/170415761/","Chile","Chile","Country","http://aido.bsvgateway.org/api/locations/13410479/",-71.3643742494707,-71.3643742494707,-37.7436061218903,"Rubella"
"170415761.217",2007-07-09,2007-07-02,38,170415761,"75","170415761","P7D","http://aido.bsvgateway.org/api/locations/170415761/","Chile","Chile","Country","http://aido.bsvgateway.org/api/locations/13410479/",-37.7436061218903,-71.3643742494707,-37.7436061218903,"Rubella"
"170415761.218",2007-07-16,2007-07-09,71,170415761,"75","170415761","P7D","http://aido.bsvgateway.org/api/locations/170415761/","Chile","Chile","Country","http://aido.bsvgateway.org/api/locations/13410479/",-71.3643742494707,-71.3643742494707,-37.7436061218903,"Rubella"
"170415761.219",2007-07-23,2007-07-16,92,170415761,"75","170415761","P7D","http://aido.bsvgateway.org/api/locations/170415761/","Chile","Chile","Country","http://aido.bsvgateway.org/api/locations/13410479/",-37.7436061218903,-71.3643742494707,-37.7436061218903,"Rubella"
"170415761.220",2007-07-30,2007-07-23,79,170415761,"75","170415761","P7D","http://aido.bsvgateway.org/api/locations/170415761/","Chile","Chile","Country","http://aido.bsvgateway.org/api/locations/13410479/",-71.3643742494707,-71.3643742494707,-37.7436061218903,"Rubella"
"170415761.221",2007-08-06,2007-07-30,146,170415761,"75","170415761","P7D","http://aido.bsvgateway.org/api/locations/170415761/","Chile","Chile","Country","http://aido.bsvgateway.org/api/locations/13410479/",-37.7436061218903,-71.3643742494707,-37.7436061218903,"Rubella"
"170415761.222",2007-08-13,2007-08-06,149,170415761,"75","170415761","P7D","http://aido.bsvgateway.org/api/locations/170415761/","Chile","Chile","Country","http://aido.bsvgateway.org/api/locations/13410479/",-71.3643742494707,-71.3643742494707,-37.7436061218903,"Rubella"
"170415761.223",2007-08-20,2007-08-13,200,170415761,"75","170415761","P7D","http://aido.bsvgateway.org/api/locations/170415761/","Chile","Chile","Country","http://aido.bsvgateway.org/api/locations/13410479/",-37.7436061218903,-71.3643742494707,-37.7436061218903,"Rubella"
"170415761.224",2007-08-27,2007-08-20,264,170415761,"75","170415761","P7D","http://aido.bsvgateway.org/api/locations/170415761/","Chile","Chile","Country","http://aido.bsvgateway.org/api/locations/13410479/",-71.3643742494707,-71.3643742494707,-37.7436061218903,"Rubella"
"170415761.225",2007-09-03,2007-08-27,268,170415761,"75","170415761","P7D","http://aido.bsvgateway.org/api/locations/170415761/","Chile","Chile","Country","http://aido.bsvgateway.org/api/locations/13410479/",-37.7436061218903,-71.3643742494707,-37.7436061218903,"Rubella"
"170415761.226",2007-09-10,2007-09-03,302,170415761,"75","170415761","P7D","http://aido.bsvgateway.org/api/locations/170415761/","Chile","Chile","Country","http://aido.bsvgateway.org/api/locations/13410479/",-71.3643742494707,-71.3643742494707,-37.7436061218903,"Rubella"
"170415761.227",2007-09-17,2007-09-10,251,170415761,"75","170415761","P7D","http://aido.bsvgateway.org/api/locations/170415761/","Chile","Chile","Country","http://aido.bsvgateway.org/api/locations/13410479/",-37.7436061218903,-71.3643742494707,-37.7436061218903,"Rubella"
"170415761.228",2007-09-24,2007-09-17,241,170415761,"75","170415761","P7D","http://aido.bsvgateway.org/api/locations/170415761/","Chile","Chile","Country","http://aido.bsvgateway.org/api/locations/13410479/",-71.3643742494707,-71.3643742494707,-37.7436061218903,"Rubella"
"170415761.229",2007-10-01,2007-09-24,213,170415761,"75","170415761","P7D","http://aido.bsvgateway.org/api/locations/170415761/","Chile","Chile","Country","http://aido.bsvgateway.org/api/locations/13410479/",-37.7436061218903,-71.3643742494707,-37.7436061218903,"Rubella"
"170415761.230",2007-10-08,2007-10-01,235,170415761,"75","170415761","P7D","http://aido.bsvgateway.org/api/locations/170415761/","Chile","Chile","Country","http://aido.bsvgateway.org/api/locations/13410479/",-71.3643742494707,-71.3643742494707,-37.7436061218903,"Rubella"
"170415761.231",2007-10-15,2007-10-08,210,170415761,"75","170415761","P7D","http://aido.bsvgateway.org/api/locations/170415761/","Chile","Chile","Country","http://aido.bsvgateway.org/api/locations/13410479/",-37.7436061218903,-71.3643742494707,-37.7436061218903,"Rubella"
"170415761.232",2007-10-22,2007-10-15,214,170415761,"75","170415761","P7D","http://aido.bsvgateway.org/api/locations/170415761/","Chile","Chile","Country","http://aido.bsvgateway.org/api/locations/13410479/",-71.3643742494707,-71.3643742494707,-37.7436061218903,"Rubella"
"170415761.233",2007-10-29,2007-10-22,233,170415761,"75","170415761","P7D","http://aido.bsvgateway.org/api/locations/170415761/","Chile","Chile","Country","http://aido.bsvgateway.org/api/locations/13410479/",-37.7436061218903,-71.3643742494707,-37.7436061218903,"Rubella"
"170415761.234",2007-11-05,2007-10-29,169,170415761,"75","170415761","P7D","http://aido.bsvgateway.org/api/locations/170415761/","Chile","Chile","Country","http://aido.bsvgateway.org/api/locations/13410479/",-71.3643742494707,-71.3643742494707,-37.7436061218903,"Rubella"
"170415761.235",2007-11-12,2007-11-05,211,170415761,"75","170415761","P7D","http://aido.bsvgateway.org/api/locations/170415761/","Chile","Chile","Country","http://aido.bsvgateway.org/api/locations/13410479/",-37.7436061218903,-71.3643742494707,-37.7436061218903,"Rubella"
"170415761.236",2007-11-19,2007-11-12,161,170415761,"75","170415761","P7D","http://aido.bsvgateway.org/api/locations/170415761/","Chile","Chile","Country","http://aido.bsvgateway.org/api/locations/13410479/",-71.3643742494707,-71.3643742494707,-37.7436061218903,"Rubella"
"170415761.237",2007-11-26,2007-11-19,148,170415761,"75","170415761","P7D","http://aido.bsvgateway.org/api/locations/170415761/","Chile","Chile","Country","http://aido.bsvgateway.org/api/locations/13410479/",-37.7436061218903,-71.3643742494707,-37.7436061218903,"Rubella"
"170415761.238",2007-12-03,2007-11-26,81,170415761,"75","170415761","P7D","http://aido.bsvgateway.org/api/locations/170415761/","Chile","Chile","Country","http://aido.bsvgateway.org/api/locations/13410479/",-71.3643742494707,-71.3643742494707,-37.7436061218903,"Rubella"
"170415761.239",2007-12-10,2007-12-03,43,170415761,"75","170415761","P7D","http://aido.bsvgateway.org/api/locations/170415761/","Chile","Chile","Country","http://aido.bsvgateway.org/api/locations/13410479/",-37.7436061218903,-71.3643742494707,-37.7436061218903,"Rubella"
"170415761.240",2007-12-17,2007-12-10,30,170415761,"75","170415761","P7D","http://aido.bsvgateway.org/api/locations/170415761/","Chile","Chile","Country","http://aido.bsvgateway.org/api/locations/13410479/",-71.3643742494707,-71.3643742494707,-37.7436061218903,"Rubella"
"170415761.241",2007-12-24,2007-12-17,16,170415761,"75","170415761","P7D","http://aido.bsvgateway.org/api/locations/170415761/","Chile","Chile","Country","http://aido.bsvgateway.org/api/locations/13410479/",-37.7436061218903,-71.3643742494707,-37.7436061218903,"Rubella"
"170415761.242",2007-12-31,2007-12-24,16,170415761,"75","170415761","P7D","http://aido.bsvgateway.org/api/locations/170415761/","Chile","Chile","Country","http://aido.bsvgateway.org/api/locations/13410479/",-71.3643742494707,-71.3643742494707,-37.7436061218903,"Rubella"
"170415761.243",2008-01-07,2007-12-31,5,170415761,"75","170415761","P7D","http://aido.bsvgateway.org/api/locations/170415761/","Chile","Chile","Country","http://aido.bsvgateway.org/api/locations/13410479/",-37.7436061218903,-71.3643742494707,-37.7436061218903,"Rubella"
"170415761.244",2008-01-14,2008-01-07,3,170415761,"75","170415761","P7D","http://aido.bsvgateway.org/api/locations/170415761/","Chile","Chile","Country","http://aido.bsvgateway.org/api/locations/13410479/",-71.3643742494707,-71.3643742494707,-37.7436061218903,"Rubella"
"170415761.245",2008-01-21,2008-01-14,2,170415761,"75","170415761","P7D","http://aido.bsvgateway.org/api/locations/170415761/","Chile","Chile","Country","http://aido.bsvgateway.org/api/locations/13410479/",-37.7436061218903,-71.3643742494707,-37.7436061218903,"Rubella"
"170415761.246",2008-01-28,2008-01-21,4,170415761,"75","170415761","P7D","http://aido.bsvgateway.org/api/locations/170415761/","Chile","Chile","Country","http://aido.bsvgateway.org/api/locations/13410479/",-71.3643742494707,-71.3643742494707,-37.7436061218903,"Rubella"
"170415761.247",2008-02-04,2008-01-28,1,170415761,"75","170415761","P7D","http://aido.bsvgateway.org/api/locations/170415761/","Chile","Chile","Country","http://aido.bsvgateway.org/api/locations/13410479/",-37.7436061218903,-71.3643742494707,-37.7436061218903,"Rubella"
"213641654.156",2011-10-01,2011-09-01,23,213641654,"75","213641654","P1M","http://aido.bsvgateway.org/api/locations/213641654/","Romania","Romania","Country","http://aido.bsvgateway.org/api/locations/216709393/",45.8534640934181,24.972941887679,45.8534640934181,"Rubella"
"213641654.157",2011-11-01,2011-10-01,29,213641654,"75","213641654","P1M","http://aido.bsvgateway.org/api/locations/213641654/","Romania","Romania","Country","http://aido.bsvgateway.org/api/locations/216709393/",24.972941887679,24.972941887679,45.8534640934181,"Rubella"
"213641654.158",2011-12-01,2011-11-01,190,213641654,"75","213641654","P1M","http://aido.bsvgateway.org/api/locations/213641654/","Romania","Romania","Country","http://aido.bsvgateway.org/api/locations/216709393/",45.8534640934181,24.972941887679,45.8534640934181,"Rubella"
"213641654.159",2012-01-01,2011-12-01,323,213641654,"75","213641654","P1M","http://aido.bsvgateway.org/api/locations/213641654/","Romania","Romania","Country","http://aido.bsvgateway.org/api/locations/216709393/",24.972941887679,24.972941887679,45.8534640934181,"Rubella"
"213641654.160",2012-02-01,2012-01-01,857,213641654,"75","213641654","P1M","http://aido.bsvgateway.org/api/locations/213641654/","Romania","Romania","Country","http://aido.bsvgateway.org/api/locations/216709393/",45.8534640934181,24.972941887679,45.8534640934181,"Rubella"
"213641654.161",2012-03-01,2012-02-01,1289,213641654,"75","213641654","P1M","http://aido.bsvgateway.org/api/locations/213641654/","Romania","Romania","Country","http://aido.bsvgateway.org/api/locations/216709393/",24.972941887679,24.972941887679,45.8534640934181,"Rubella"
"213641654.162",2012-04-01,2012-03-01,1414,213641654,"75","213641654","P1M","http://aido.bsvgateway.org/api/locations/213641654/","Romania","Romania","Country","http://aido.bsvgateway.org/api/locations/216709393/",45.8534640934181,24.972941887679,45.8534640934181,"Rubella"
"213641654.163",2012-05-01,2012-04-01,1071,213641654,"75","213641654","P1M","http://aido.bsvgateway.org/api/locations/213641654/","Romania","Romania","Country","http://aido.bsvgateway.org/api/locations/216709393/",24.972941887679,24.972941887679,45.8534640934181,"Rubella"
"213641654.164",2012-06-01,2012-05-01,808,213641654,"75","213641654","P1M","http://aido.bsvgateway.org/api/locations/213641654/","Romania","Romania","Country","http://aido.bsvgateway.org/api/locations/216709393/",45.8534640934181,24.972941887679,45.8534640934181,"Rubella"
"213641654.165",2012-07-01,2012-06-01,121,213641654,"75","213641654","P1M","http://aido.bsvgateway.org/api/locations/213641654/","Romania","Romania","Country","http://aido.bsvgateway.org/api/locations/216709393/",24.972941887679,24.972941887679,45.8534640934181,"Rubella"
"213641654.166",2012-08-01,2012-07-01,57,213641654,"75","213641654","P1M","http://aido.bsvgateway.org/api/locations/213641654/","Romania","Romania","Country","http://aido.bsvgateway.org/api/locations/216709393/",45.8534640934181,24.972941887679,45.8534640934181,"Rubella"
"223059828.287",2012-02-27,2012-02-20,1,223059828,"75","223059828","P7D","http://aido.bsvgateway.org/api/locations/223059828/","Anqing","Anqing, Anhui, China","City","http://aido.bsvgateway.org/api/locations/37891243/",30.4999620522217,117.050005733103,30.4999620522217,"Rubella"
"223059828.288",2012-03-05,2012-02-27,5,223059828,"75","223059828","P7D","http://aido.bsvgateway.org/api/locations/223059828/","Anqing","Anqing, Anhui, China","City","http://aido.bsvgateway.org/api/locations/37891243/",117.050005733103,117.050005733103,30.4999620522217,"Rubella"
"223059828.289",2012-03-12,2012-03-05,8,223059828,"75","223059828","P7D","http://aido.bsvgateway.org/api/locations/223059828/","Anqing","Anqing, Anhui, China","City","http://aido.bsvgateway.org/api/locations/37891243/",30.4999620522217,117.050005733103,30.4999620522217,"Rubella"
"223059828.290",2012-03-19,2012-03-12,10,223059828,"75","223059828","P7D","http://aido.bsvgateway.org/api/locations/223059828/","Anqing","Anqing, Anhui, China","City","http://aido.bsvgateway.org/api/locations/37891243/",117.050005733103,117.050005733103,30.4999620522217,"Rubella"
"223059828.291",2012-03-26,2012-03-19,15,223059828,"75","223059828","P7D","http://aido.bsvgateway.org/api/locations/223059828/","Anqing","Anqing, Anhui, China","City","http://aido.bsvgateway.org/api/locations/37891243/",30.4999620522217,117.050005733103,30.4999620522217,"Rubella"
"223059828.292",2012-04-02,2012-03-26,16,223059828,"75","223059828","P7D","http://aido.bsvgateway.org/api/locations/223059828/","Anqing","Anqing, Anhui, China","City","http://aido.bsvgateway.org/api/locations/37891243/",117.050005733103,117.050005733103,30.4999620522217,"Rubella"
"223059828.293",2012-04-09,2012-04-02,29,223059828,"75","223059828","P7D","http://aido.bsvgateway.org/api/locations/223059828/","Anqing","Anqing, Anhui, China","City","http://aido.bsvgateway.org/api/locations/37891243/",30.4999620522217,117.050005733103,30.4999620522217,"Rubella"
"223059828.294",2012-04-16,2012-04-09,26,223059828,"75","223059828","P7D","http://aido.bsvgateway.org/api/locations/223059828/","Anqing","Anqing, Anhui, China","City","http://aido.bsvgateway.org/api/locations/37891243/",117.050005733103,117.050005733103,30.4999620522217,"Rubella"
"223059828.295",2012-04-23,2012-04-16,24,223059828,"75","223059828","P7D","http://aido.bsvgateway.org/api/locations/223059828/","Anqing","Anqing, Anhui, China","City","http://aido.bsvgateway.org/api/locations/37891243/",30.4999620522217,117.050005733103,30.4999620522217,"Rubella"
"223059828.296",2012-04-30,2012-04-23,17,223059828,"75","223059828","P7D","http://aido.bsvgateway.org/api/locations/223059828/","Anqing","Anqing, Anhui, China","City","http://aido.bsvgateway.org/api/locations/37891243/",117.050005733103,117.050005733103,30.4999620522217,"Rubella"
"223059828.297",2012-05-07,2012-04-30,13,223059828,"75","223059828","P7D","http://aido.bsvgateway.org/api/locations/223059828/","Anqing","Anqing, Anhui, China","City","http://aido.bsvgateway.org/api/locations/37891243/",30.4999620522217,117.050005733103,30.4999620522217,"Rubella"
"223059828.298",2012-05-14,2012-05-07,14,223059828,"75","223059828","P7D","http://aido.bsvgateway.org/api/locations/223059828/","Anqing","Anqing, Anhui, China","City","http://aido.bsvgateway.org/api/locations/37891243/",117.050005733103,117.050005733103,30.4999620522217,"Rubella"
"223059828.299",2012-05-21,2012-05-14,13,223059828,"75","223059828","P7D","http://aido.bsvgateway.org/api/locations/223059828/","Anqing","Anqing, Anhui, China","City","http://aido.bsvgateway.org/api/locations/37891243/",30.4999620522217,117.050005733103,30.4999620522217,"Rubella"
"223059828.300",2012-05-28,2012-05-21,8,223059828,"75","223059828","P7D","http://aido.bsvgateway.org/api/locations/223059828/","Anqing","Anqing, Anhui, China","City","http://aido.bsvgateway.org/api/locations/37891243/",117.050005733103,117.050005733103,30.4999620522217,"Rubella"
"223059828.301",2012-06-04,2012-05-28,13,223059828,"75","223059828","P7D","http://aido.bsvgateway.org/api/locations/223059828/","Anqing","Anqing, Anhui, China","City","http://aido.bsvgateway.org/api/locations/37891243/",30.4999620522217,117.050005733103,30.4999620522217,"Rubella"
"223059828.302",2012-06-11,2012-06-04,6,223059828,"75","223059828","P7D","http://aido.bsvgateway.org/api/locations/223059828/","Anqing","Anqing, Anhui, China","City","http://aido.bsvgateway.org/api/locations/37891243/",117.050005733103,117.050005733103,30.4999620522217,"Rubella"
"223059828.303",2012-06-18,2012-06-11,6,223059828,"75","223059828","P7D","http://aido.bsvgateway.org/api/locations/223059828/","Anqing","Anqing, Anhui, China","City","http://aido.bsvgateway.org/api/locations/37891243/",30.4999620522217,117.050005733103,30.4999620522217,"Rubella"
"223059828.304",2012-06-25,2012-06-18,3,223059828,"75","223059828","P7D","http://aido.bsvgateway.org/api/locations/223059828/","Anqing","Anqing, Anhui, China","City","http://aido.bsvgateway.org/api/locations/37891243/",117.050005733103,117.050005733103,30.4999620522217,"Rubella"
"223059828.305",2012-07-02,2012-06-25,3,223059828,"75","223059828","P7D","http://aido.bsvgateway.org/api/locations/223059828/","Anqing","Anqing, Anhui, China","City","http://aido.bsvgateway.org/api/locations/37891243/",30.4999620522217,117.050005733103,30.4999620522217,"Rubella"
"223059828.306",2012-07-09,2012-07-02,6,223059828,"75","223059828","P7D","http://aido.bsvgateway.org/api/locations/223059828/","Anqing","Anqing, Anhui, China","City","http://aido.bsvgateway.org/api/locations/37891243/",117.050005733103,117.050005733103,30.4999620522217,"Rubella"
"223059828.307",2012-07-16,2012-07-09,3,223059828,"75","223059828","P7D","http://aido.bsvgateway.org/api/locations/223059828/","Anqing","Anqing, Anhui, China","City","http://aido.bsvgateway.org/api/locations/37891243/",30.4999620522217,117.050005733103,30.4999620522217,"Rubella"
"223059828.308",2012-07-23,2012-07-16,0,223059828,"75","223059828","P7D","http://aido.bsvgateway.org/api/locations/223059828/","Anqing","Anqing, Anhui, China","City","http://aido.bsvgateway.org/api/locations/37891243/",117.050005733103,117.050005733103,30.4999620522217,"Rubella"
"223059828.309",2012-07-30,2012-07-23,2,223059828,"75","223059828","P7D","http://aido.bsvgateway.org/api/locations/223059828/","Anqing","Anqing, Anhui, China","City","http://aido.bsvgateway.org/api/locations/37891243/",30.4999620522217,117.050005733103,30.4999620522217,"Rubella"
"223059828.310",2012-08-06,2012-07-30,0,223059828,"75","223059828","P7D","http://aido.bsvgateway.org/api/locations/223059828/","Anqing","Anqing, Anhui, China","City","http://aido.bsvgateway.org/api/locations/37891243/",117.050005733103,117.050005733103,30.4999620522217,"Rubella"
"223059828.311",2012-08-13,2012-08-06,0,223059828,"75","223059828","P7D","http://aido.bsvgateway.org/api/locations/223059828/","Anqing","Anqing, Anhui, China","City","http://aido.bsvgateway.org/api/locations/37891243/",30.4999620522217,117.050005733103,30.4999620522217,"Rubella"
"260210601.50",2014-06-18,2014-06-17,1,260210601,"75","260210601","P1D","http://aido.bsvgateway.org/api/locations/260210601/","Zimbabwe","Zimbabwe","Country","http://aido.bsvgateway.org/api/locations/93632501/",-19.0025367100019,29.8518846205767,-19.0025367100019,"Rubella"
"260210601.51",2014-06-19,2014-06-18,0,260210601,"75","260210601","P1D","http://aido.bsvgateway.org/api/locations/260210601/","Zimbabwe","Zimbabwe","Country","http://aido.bsvgateway.org/api/locations/93632501/",29.8518846205767,29.8518846205767,-19.0025367100019,"Rubella"
"260210601.52",2014-06-20,2014-06-19,0,260210601,"75","260210601","P1D","http://aido.bsvgateway.org/api/locations/260210601/","Zimbabwe","Zimbabwe","Country","http://aido.bsvgateway.org/api/locations/93632501/",-19.0025367100019,29.8518846205767,-19.0025367100019,"Rubella"
"260210601.53",2014-06-21,2014-06-20,1,260210601,"75","260210601","P1D","http://aido.bsvgateway.org/api/locations/260210601/","Zimbabwe","Zimbabwe","Country","http://aido.bsvgateway.org/api/locations/93632501/",29.8518846205767,29.8518846205767,-19.0025367100019,"Rubella"
"260210601.54",2014-06-22,2014-06-21,2,260210601,"75","260210601","P1D","http://aido.bsvgateway.org/api/locations/260210601/","Zimbabwe","Zimbabwe","Country","http://aido.bsvgateway.org/api/locations/93632501/",-19.0025367100019,29.8518846205767,-19.0025367100019,"Rubella"
"260210601.55",2014-06-23,2014-06-22,2,260210601,"75","260210601","P1D","http://aido.bsvgateway.org/api/locations/260210601/","Zimbabwe","Zimbabwe","Country","http://aido.bsvgateway.org/api/locations/93632501/",29.8518846205767,29.8518846205767,-19.0025367100019,"Rubella"
"260210601.56",2014-06-24,2014-06-23,2,260210601,"75","260210601","P1D","http://aido.bsvgateway.org/api/locations/260210601/","Zimbabwe","Zimbabwe","Country","http://aido.bsvgateway.org/api/locations/93632501/",-19.0025367100019,29.8518846205767,-19.0025367100019,"Rubella"
"260210601.57",2014-06-25,2014-06-24,8,260210601,"75","260210601","P1D","http://aido.bsvgateway.org/api/locations/260210601/","Zimbabwe","Zimbabwe","Country","http://aido.bsvgateway.org/api/locations/93632501/",29.8518846205767,29.8518846205767,-19.0025367100019,"Rubella"
"260210601.58",2014-06-26,2014-06-25,1,260210601,"75","260210601","P1D","http://aido.bsvgateway.org/api/locations/260210601/","Zimbabwe","Zimbabwe","Country","http://aido.bsvgateway.org/api/locations/93632501/",-19.0025367100019,29.8518846205767,-19.0025367100019,"Rubella"
"260210601.59",2014-06-27,2014-06-26,1,260210601,"75","260210601","P1D","http://aido.bsvgateway.org/api/locations/260210601/","Zimbabwe","Zimbabwe","Country","http://aido.bsvgateway.org/api/locations/93632501/",29.8518846205767,29.8518846205767,-19.0025367100019,"Rubella"
"260210601.60",2014-06-28,2014-06-27,3,260210601,"75","260210601","P1D","http://aido.bsvgateway.org/api/locations/260210601/","Zimbabwe","Zimbabwe","Country","http://aido.bsvgateway.org/api/locations/93632501/",-19.0025367100019,29.8518846205767,-19.0025367100019,"Rubella"
"260210601.61",2014-06-29,2014-06-28,1,260210601,"75","260210601","P1D","http://aido.bsvgateway.org/api/locations/260210601/","Zimbabwe","Zimbabwe","Country","http://aido.bsvgateway.org/api/locations/93632501/",29.8518846205767,29.8518846205767,-19.0025367100019,"Rubella"
"260210601.62",2014-06-30,2014-06-29,2,260210601,"75","260210601","P1D","http://aido.bsvgateway.org/api/locations/260210601/","Zimbabwe","Zimbabwe","Country","http://aido.bsvgateway.org/api/locations/93632501/",-19.0025367100019,29.8518846205767,-19.0025367100019,"Rubella"
"260210601.63",2014-07-01,2014-06-30,0,260210601,"75","260210601","P1D","http://aido.bsvgateway.org/api/locations/260210601/","Zimbabwe","Zimbabwe","Country","http://aido.bsvgateway.org/api/locations/93632501/",29.8518846205767,29.8518846205767,-19.0025367100019,"Rubella"
"260210601.64",2014-07-02,2014-07-01,0,260210601,"75","260210601","P1D","http://aido.bsvgateway.org/api/locations/260210601/","Zimbabwe","Zimbabwe","Country","http://aido.bsvgateway.org/api/locations/93632501/",-19.0025367100019,29.8518846205767,-19.0025367100019,"Rubella"
"260210601.65",2014-07-03,2014-07-02,3,260210601,"75","260210601","P1D","http://aido.bsvgateway.org/api/locations/260210601/","Zimbabwe","Zimbabwe","Country","http://aido.bsvgateway.org/api/locations/93632501/",29.8518846205767,29.8518846205767,-19.0025367100019,"Rubella"
"260210601.66",2014-07-04,2014-07-03,7,260210601,"75","260210601","P1D","http://aido.bsvgateway.org/api/locations/260210601/","Zimbabwe","Zimbabwe","Country","http://aido.bsvgateway.org/api/locations/93632501/",-19.0025367100019,29.8518846205767,-19.0025367100019,"Rubella"
"260210601.67",2014-07-05,2014-07-04,5,260210601,"75","260210601","P1D","http://aido.bsvgateway.org/api/locations/260210601/","Zimbabwe","Zimbabwe","Country","http://aido.bsvgateway.org/api/locations/93632501/",29.8518846205767,29.8518846205767,-19.0025367100019,"Rubella"
"260210601.68",2014-07-06,2014-07-05,0,260210601,"75","260210601","P1D","http://aido.bsvgateway.org/api/locations/260210601/","Zimbabwe","Zimbabwe","Country","http://aido.bsvgateway.org/api/locations/93632501/",-19.0025367100019,29.8518846205767,-19.0025367100019,"Rubella"
"260210601.69",2014-07-07,2014-07-06,2,260210601,"75","260210601","P1D","http://aido.bsvgateway.org/api/locations/260210601/","Zimbabwe","Zimbabwe","Country","http://aido.bsvgateway.org/api/locations/93632501/",29.8518846205767,29.8518846205767,-19.0025367100019,"Rubella"
"260210601.70",2014-07-08,2014-07-07,10,260210601,"75","260210601","P1D","http://aido.bsvgateway.org/api/locations/260210601/","Zimbabwe","Zimbabwe","Country","http://aido.bsvgateway.org/api/locations/93632501/",-19.0025367100019,29.8518846205767,-19.0025367100019,"Rubella"
"260210601.71",2014-07-09,2014-07-08,2,260210601,"75","260210601","P1D","http://aido.bsvgateway.org/api/locations/260210601/","Zimbabwe","Zimbabwe","Country","http://aido.bsvgateway.org/api/locations/93632501/",29.8518846205767,29.8518846205767,-19.0025367100019,"Rubella"
"260210601.72",2014-07-10,2014-07-09,10,260210601,"75","260210601","P1D","http://aido.bsvgateway.org/api/locations/260210601/","Zimbabwe","Zimbabwe","Country","http://aido.bsvgateway.org/api/locations/93632501/",-19.0025367100019,29.8518846205767,-19.0025367100019,"Rubella"
"260210601.73",2014-07-11,2014-07-10,6,260210601,"75","260210601","P1D","http://aido.bsvgateway.org/api/locations/260210601/","Zimbabwe","Zimbabwe","Country","http://aido.bsvgateway.org/api/locations/93632501/",29.8518846205767,29.8518846205767,-19.0025367100019,"Rubella"
"260210601.74",2014-07-12,2014-07-11,2,260210601,"75","260210601","P1D","http://aido.bsvgateway.org/api/locations/260210601/","Zimbabwe","Zimbabwe","Country","http://aido.bsvgateway.org/api/locations/93632501/",-19.0025367100019,29.8518846205767,-19.0025367100019,"Rubella"
"260210601.75",2014-07-13,2014-07-12,0,260210601,"75","260210601","P1D","http://aido.bsvgateway.org/api/locations/260210601/","Zimbabwe","Zimbabwe","Country","http://aido.bsvgateway.org/api/locations/93632501/",29.8518846205767,29.8518846205767,-19.0025367100019,"Rubella"
"260210601.76",2014-07-14,2014-07-13,2,260210601,"75","260210601","P1D","http://aido.bsvgateway.org/api/locations/260210601/","Zimbabwe","Zimbabwe","Country","http://aido.bsvgateway.org/api/locations/93632501/",-19.0025367100019,29.8518846205767,-19.0025367100019,"Rubella"
"260210601.77",2014-07-15,2014-07-14,6,260210601,"75","260210601","P1D","http://aido.bsvgateway.org/api/locations/260210601/","Zimbabwe","Zimbabwe","Country","http://aido.bsvgateway.org/api/locations/93632501/",29.8518846205767,29.8518846205767,-19.0025367100019,"Rubella"
"260210601.78",2014-07-16,2014-07-15,51,260210601,"75","260210601","P1D","http://aido.bsvgateway.org/api/locations/260210601/","Zimbabwe","Zimbabwe","Country","http://aido.bsvgateway.org/api/locations/93632501/",-19.0025367100019,29.8518846205767,-19.0025367100019,"Rubella"
"260210601.79",2014-07-17,2014-07-16,48,260210601,"75","260210601","P1D","http://aido.bsvgateway.org/api/locations/260210601/","Zimbabwe","Zimbabwe","Country","http://aido.bsvgateway.org/api/locations/93632501/",29.8518846205767,29.8518846205767,-19.0025367100019,"Rubella"
"260210601.80",2014-07-18,2014-07-17,22,260210601,"75","260210601","P1D","http://aido.bsvgateway.org/api/locations/260210601/","Zimbabwe","Zimbabwe","Country","http://aido.bsvgateway.org/api/locations/93632501/",-19.0025367100019,29.8518846205767,-19.0025367100019,"Rubella"
"260210601.81",2014-07-19,2014-07-18,13,260210601,"75","260210601","P1D","http://aido.bsvgateway.org/api/locations/260210601/","Zimbabwe","Zimbabwe","Country","http://aido.bsvgateway.org/api/locations/93632501/",29.8518846205767,29.8518846205767,-19.0025367100019,"Rubella"
"260210601.82",2014-07-20,2014-07-19,3,260210601,"75","260210601","P1D","http://aido.bsvgateway.org/api/locations/260210601/","Zimbabwe","Zimbabwe","Country","http://aido.bsvgateway.org/api/locations/93632501/",-19.0025367100019,29.8518846205767,-19.0025367100019,"Rubella"
"260210601.83",2014-07-21,2014-07-20,0,260210601,"75","260210601","P1D","http://aido.bsvgateway.org/api/locations/260210601/","Zimbabwe","Zimbabwe","Country","http://aido.bsvgateway.org/api/locations/93632501/",29.8518846205767,29.8518846205767,-19.0025367100019,"Rubella"
"260210601.84",2014-07-22,2014-07-21,22,260210601,"75","260210601","P1D","http://aido.bsvgateway.org/api/locations/260210601/","Zimbabwe","Zimbabwe","Country","http://aido.bsvgateway.org/api/locations/93632501/",-19.0025367100019,29.8518846205767,-19.0025367100019,"Rubella"
"260210601.85",2014-07-23,2014-07-22,4,260210601,"75","260210601","P1D","http://aido.bsvgateway.org/api/locations/260210601/","Zimbabwe","Zimbabwe","Country","http://aido.bsvgateway.org/api/locations/93632501/",29.8518846205767,29.8518846205767,-19.0025367100019,"Rubella"
"260210601.86",2014-07-24,2014-07-23,5,260210601,"75","260210601","P1D","http://aido.bsvgateway.org/api/locations/260210601/","Zimbabwe","Zimbabwe","Country","http://aido.bsvgateway.org/api/locations/93632501/",-19.0025367100019,29.8518846205767,-19.0025367100019,"Rubella"
"260210601.87",2014-07-25,2014-07-24,8,260210601,"75","260210601","P1D","http://aido.bsvgateway.org/api/locations/260210601/","Zimbabwe","Zimbabwe","Country","http://aido.bsvgateway.org/api/locations/93632501/",29.8518846205767,29.8518846205767,-19.0025367100019,"Rubella"
"260210601.88",2014-07-26,2014-07-25,9,260210601,"75","260210601","P1D","http://aido.bsvgateway.org/api/locations/260210601/","Zimbabwe","Zimbabwe","Country","http://aido.bsvgateway.org/api/locations/93632501/",-19.0025367100019,29.8518846205767,-19.0025367100019,"Rubella"
"260210601.89",2014-07-27,2014-07-26,5,260210601,"75","260210601","P1D","http://aido.bsvgateway.org/api/locations/260210601/","Zimbabwe","Zimbabwe","Country","http://aido.bsvgateway.org/api/locations/93632501/",29.8518846205767,29.8518846205767,-19.0025367100019,"Rubella"
"260210601.90",2014-07-28,2014-07-27,1,260210601,"75","260210601","P1D","http://aido.bsvgateway.org/api/locations/260210601/","Zimbabwe","Zimbabwe","Country","http://aido.bsvgateway.org/api/locations/93632501/",-19.0025367100019,29.8518846205767,-19.0025367100019,"Rubella"
"260210601.91",2014-07-29,2014-07-28,15,260210601,"75","260210601","P1D","http://aido.bsvgateway.org/api/locations/260210601/","Zimbabwe","Zimbabwe","Country","http://aido.bsvgateway.org/api/locations/93632501/",29.8518846205767,29.8518846205767,-19.0025367100019,"Rubella"
"260210601.92",2014-07-30,2014-07-29,9,260210601,"75","260210601","P1D","http://aido.bsvgateway.org/api/locations/260210601/","Zimbabwe","Zimbabwe","Country","http://aido.bsvgateway.org/api/locations/93632501/",-19.0025367100019,29.8518846205767,-19.0025367100019,"Rubella"
"260210601.93",2014-07-31,2014-07-30,9,260210601,"75","260210601","P1D","http://aido.bsvgateway.org/api/locations/260210601/","Zimbabwe","Zimbabwe","Country","http://aido.bsvgateway.org/api/locations/93632501/",29.8518846205767,29.8518846205767,-19.0025367100019,"Rubella"
"260210601.94",2014-08-01,2014-07-31,17,260210601,"75","260210601","P1D","http://aido.bsvgateway.org/api/locations/260210601/","Zimbabwe","Zimbabwe","Country","http://aido.bsvgateway.org/api/locations/93632501/",-19.0025367100019,29.8518846205767,-19.0025367100019,"Rubella"
"260210601.95",2014-08-02,2014-08-01,11,260210601,"75","260210601","P1D","http://aido.bsvgateway.org/api/locations/260210601/","Zimbabwe","Zimbabwe","Country","http://aido.bsvgateway.org/api/locations/93632501/",29.8518846205767,29.8518846205767,-19.0025367100019,"Rubella"
"260210601.96",2014-08-03,2014-08-02,2,260210601,"75","260210601","P1D","http://aido.bsvgateway.org/api/locations/260210601/","Zimbabwe","Zimbabwe","Country","http://aido.bsvgateway.org/api/locations/93632501/",-19.0025367100019,29.8518846205767,-19.0025367100019,"Rubella"
"260210601.97",2014-08-04,2014-08-03,1,260210601,"75","260210601","P1D","http://aido.bsvgateway.org/api/locations/260210601/","Zimbabwe","Zimbabwe","Country","http://aido.bsvgateway.org/api/locations/93632501/",29.8518846205767,29.8518846205767,-19.0025367100019,"Rubella"
"260210601.98",2014-08-05,2014-08-04,11,260210601,"75","260210601","P1D","http://aido.bsvgateway.org/api/locations/260210601/","Zimbabwe","Zimbabwe","Country","http://aido.bsvgateway.org/api/locations/93632501/",-19.0025367100019,29.8518846205767,-19.0025367100019,"Rubella"
"260210601.99",2014-08-06,2014-08-05,8,260210601,"75","260210601","P1D","http://aido.bsvgateway.org/api/locations/260210601/","Zimbabwe","Zimbabwe","Country","http://aido.bsvgateway.org/api/locations/93632501/",29.8518846205767,29.8518846205767,-19.0025367100019,"Rubella"
"260210601.100",2014-08-07,2014-08-06,6,260210601,"75","260210601","P1D","http://aido.bsvgateway.org/api/locations/260210601/","Zimbabwe","Zimbabwe","Country","http://aido.bsvgateway.org/api/locations/93632501/",-19.0025367100019,29.8518846205767,-19.0025367100019,"Rubella"
"260210601.101",2014-08-08,2014-08-07,3,260210601,"75","260210601","P1D","http://aido.bsvgateway.org/api/locations/260210601/","Zimbabwe","Zimbabwe","Country","http://aido.bsvgateway.org/api/locations/93632501/",29.8518846205767,29.8518846205767,-19.0025367100019,"Rubella"
"260210601.102",2014-08-09,2014-08-08,5,260210601,"75","260210601","P1D","http://aido.bsvgateway.org/api/locations/260210601/","Zimbabwe","Zimbabwe","Country","http://aido.bsvgateway.org/api/locations/93632501/",-19.0025367100019,29.8518846205767,-19.0025367100019,"Rubella"
"260210601.103",2014-08-10,2014-08-09,6,260210601,"75","260210601","P1D","http://aido.bsvgateway.org/api/locations/260210601/","Zimbabwe","Zimbabwe","Country","http://aido.bsvgateway.org/api/locations/93632501/",29.8518846205767,29.8518846205767,-19.0025367100019,"Rubella"
"260210601.104",2014-08-11,2014-08-10,0,260210601,"75","260210601","P1D","http://aido.bsvgateway.org/api/locations/260210601/","Zimbabwe","Zimbabwe","Country","http://aido.bsvgateway.org/api/locations/93632501/",-19.0025367100019,29.8518846205767,-19.0025367100019,"Rubella"
"260210601.105",2014-08-12,2014-08-11,6,260210601,"75","260210601","P1D","http://aido.bsvgateway.org/api/locations/260210601/","Zimbabwe","Zimbabwe","Country","http://aido.bsvgateway.org/api/locations/93632501/",29.8518846205767,29.8518846205767,-19.0025367100019,"Rubella"
"260210601.106",2014-08-13,2014-08-12,3,260210601,"75","260210601","P1D","http://aido.bsvgateway.org/api/locations/260210601/","Zimbabwe","Zimbabwe","Country","http://aido.bsvgateway.org/api/locations/93632501/",-19.0025367100019,29.8518846205767,-19.0025367100019,"Rubella"
"33023692.107",2006-03-27,2006-03-20,1,33023692,"75","33023692","P7D","http://aido.bsvgateway.org/api/locations/33023692/","Malaysia","Malaysia","Country","http://aido.bsvgateway.org/api/locations/20359812/",3.79239278856245,109.698868636613,3.79239278856245,"Rubella"
"33023692.108",2006-04-03,2006-03-27,14,33023692,"75","33023692","P7D","http://aido.bsvgateway.org/api/locations/33023692/","Malaysia","Malaysia","Country","http://aido.bsvgateway.org/api/locations/20359812/",109.698868636613,109.698868636613,3.79239278856245,"Rubella"
"33023692.109",2006-04-10,2006-04-03,13,33023692,"75","33023692","P7D","http://aido.bsvgateway.org/api/locations/33023692/","Malaysia","Malaysia","Country","http://aido.bsvgateway.org/api/locations/20359812/",3.79239278856245,109.698868636613,3.79239278856245,"Rubella"
"33023692.110",2006-04-17,2006-04-10,35,33023692,"75","33023692","P7D","http://aido.bsvgateway.org/api/locations/33023692/","Malaysia","Malaysia","Country","http://aido.bsvgateway.org/api/locations/20359812/",109.698868636613,109.698868636613,3.79239278856245,"Rubella"
"33023692.111",2006-04-24,2006-04-17,10,33023692,"75","33023692","P7D","http://aido.bsvgateway.org/api/locations/33023692/","Malaysia","Malaysia","Country","http://aido.bsvgateway.org/api/locations/20359812/",3.79239278856245,109.698868636613,3.79239278856245,"Rubella"
"33023692.112",2006-05-01,2006-04-24,1,33023692,"75","33023692","P7D","http://aido.bsvgateway.org/api/locations/33023692/","Malaysia","Malaysia","Country","http://aido.bsvgateway.org/api/locations/20359812/",109.698868636613,109.698868636613,3.79239278856245,"Rubella"
"33023692.113",2006-05-08,2006-05-01,2,33023692,"75","33023692","P7D","http://aido.bsvgateway.org/api/locations/33023692/","Malaysia","Malaysia","Country","http://aido.bsvgateway.org/api/locations/20359812/",3.79239278856245,109.698868636613,3.79239278856245,"Rubella"
"69870691.167",2006-01-09,2006-01-02,2,69870691,"75","69870691","P7D","http://aido.bsvgateway.org/api/locations/69870691/","Spain","Spain","Country","http://aido.bsvgateway.org/api/locations/216709393/",40.2272337134656,-3.65263701339604,40.2272337134656,"Rubella"
"69870691.168",2006-01-16,2006-01-09,0,69870691,"75","69870691","P7D","http://aido.bsvgateway.org/api/locations/69870691/","Spain","Spain","Country","http://aido.bsvgateway.org/api/locations/216709393/",-3.65263701339604,-3.65263701339604,40.2272337134656,"Rubella"
"69870691.169",2006-01-23,2006-01-16,3,69870691,"75","69870691","P7D","http://aido.bsvgateway.org/api/locations/69870691/","Spain","Spain","Country","http://aido.bsvgateway.org/api/locations/216709393/",40.2272337134656,-3.65263701339604,40.2272337134656,"Rubella"
"69870691.170",2006-01-30,2006-01-23,10,69870691,"75","69870691","P7D","http://aido.bsvgateway.org/api/locations/69870691/","Spain","Spain","Country","http://aido.bsvgateway.org/api/locations/216709393/",-3.65263701339604,-3.65263701339604,40.2272337134656,"Rubella"
"69870691.171",2006-02-06,2006-01-30,14,69870691,"75","69870691","P7D","http://aido.bsvgateway.org/api/locations/69870691/","Spain","Spain","Country","http://aido.bsvgateway.org/api/locations/216709393/",40.2272337134656,-3.65263701339604,40.2272337134656,"Rubella"
"69870691.172",2006-02-13,2006-02-06,8,69870691,"75","69870691","P7D","http://aido.bsvgateway.org/api/locations/69870691/","Spain","Spain","Country","http://aido.bsvgateway.org/api/locations/216709393/",-3.65263701339604,-3.65263701339604,40.2272337134656,"Rubella"
"69870691.173",2006-02-20,2006-02-13,19,69870691,"75","69870691","P7D","http://aido.bsvgateway.org/api/locations/69870691/","Spain","Spain","Country","http://aido.bsvgateway.org/api/locations/216709393/",40.2272337134656,-3.65263701339604,40.2272337134656,"Rubella"
"69870691.174",2006-02-27,2006-02-20,18,69870691,"75","69870691","P7D","http://aido.bsvgateway.org/api/locations/69870691/","Spain","Spain","Country","http://aido.bsvgateway.org/api/locations/216709393/",-3.65263701339604,-3.65263701339604,40.2272337134656,"Rubella"
"69870691.175",2006-03-06,2006-02-27,25,69870691,"75","69870691","P7D","http://aido.bsvgateway.org/api/locations/69870691/","Spain","Spain","Country","http://aido.bsvgateway.org/api/locations/216709393/",40.2272337134656,-3.65263701339604,40.2272337134656,"Rubella"
"69870691.176",2006-03-13,2006-03-06,34,69870691,"75","69870691","P7D","http://aido.bsvgateway.org/api/locations/69870691/","Spain","Spain","Country","http://aido.bsvgateway.org/api/locations/216709393/",-3.65263701339604,-3.65263701339604,40.2272337134656,"Rubella"
"69870691.177",2006-03-20,2006-03-13,42,69870691,"75","69870691","P7D","http://aido.bsvgateway.org/api/locations/69870691/","Spain","Spain","Country","http://aido.bsvgateway.org/api/locations/216709393/",40.2272337134656,-3.65263701339604,40.2272337134656,"Rubella"
"69870691.178",2006-03-27,2006-03-20,37,69870691,"75","69870691","P7D","http://aido.bsvgateway.org/api/locations/69870691/","Spain","Spain","Country","http://aido.bsvgateway.org/api/locations/216709393/",-3.65263701339604,-3.65263701339604,40.2272337134656,"Rubella"
"69870691.179",2006-04-03,2006-03-27,29,69870691,"75","69870691","P7D","http://aido.bsvgateway.org/api/locations/69870691/","Spain","Spain","Country","http://aido.bsvgateway.org/api/locations/216709393/",40.2272337134656,-3.65263701339604,40.2272337134656,"Rubella"
"69870691.180",2006-04-10,2006-04-03,36,69870691,"75","69870691","P7D","http://aido.bsvgateway.org/api/locations/69870691/","Spain","Spain","Country","http://aido.bsvgateway.org/api/locations/216709393/",-3.65263701339604,-3.65263701339604,40.2272337134656,"Rubella"
"69870691.181",2006-04-17,2006-04-10,33,69870691,"75","69870691","P7D","http://aido.bsvgateway.org/api/locations/69870691/","Spain","Spain","Country","http://aido.bsvgateway.org/api/locations/216709393/",40.2272337134656,-3.65263701339604,40.2272337134656,"Rubella"
"69870691.182",2006-04-24,2006-04-17,24,69870691,"75","69870691","P7D","http://aido.bsvgateway.org/api/locations/69870691/","Spain","Spain","Country","http://aido.bsvgateway.org/api/locations/216709393/",-3.65263701339604,-3.65263701339604,40.2272337134656,"Rubella"
"69870691.183",2006-05-01,2006-04-24,23,69870691,"75","69870691","P7D","http://aido.bsvgateway.org/api/locations/69870691/","Spain","Spain","Country","http://aido.bsvgateway.org/api/locations/216709393/",40.2272337134656,-3.65263701339604,40.2272337134656,"Rubella"
"69870691.184",2006-05-08,2006-05-01,12,69870691,"75","69870691","P7D","http://aido.bsvgateway.org/api/locations/69870691/","Spain","Spain","Country","http://aido.bsvgateway.org/api/locations/216709393/",-3.65263701339604,-3.65263701339604,40.2272337134656,"Rubella"
"69870691.185",2006-05-15,2006-05-08,19,69870691,"75","69870691","P7D","http://aido.bsvgateway.org/api/locations/69870691/","Spain","Spain","Country","http://aido.bsvgateway.org/api/locations/216709393/",40.2272337134656,-3.65263701339604,40.2272337134656,"Rubella"
"69870691.186",2006-05-22,2006-05-15,16,69870691,"75","69870691","P7D","http://aido.bsvgateway.org/api/locations/69870691/","Spain","Spain","Country","http://aido.bsvgateway.org/api/locations/216709393/",-3.65263701339604,-3.65263701339604,40.2272337134656,"Rubella"
"69870691.187",2006-05-29,2006-05-22,11,69870691,"75","69870691","P7D","http://aido.bsvgateway.org/api/locations/69870691/","Spain","Spain","Country","http://aido.bsvgateway.org/api/locations/216709393/",40.2272337134656,-3.65263701339604,40.2272337134656,"Rubella"
"69870691.188",2006-06-05,2006-05-29,5,69870691,"75","69870691","P7D","http://aido.bsvgateway.org/api/locations/69870691/","Spain","Spain","Country","http://aido.bsvgateway.org/api/locations/216709393/",-3.65263701339604,-3.65263701339604,40.2272337134656,"Rubella"
"69870691.189",2006-06-12,2006-06-05,2,69870691,"75","69870691","P7D","http://aido.bsvgateway.org/api/locations/69870691/","Spain","Spain","Country","http://aido.bsvgateway.org/api/locations/216709393/",40.2272337134656,-3.65263701339604,40.2272337134656,"Rubella"
"82572376.114",2008-12-22,2008-12-15,1,82572376,"75","82572376","P7D","http://aido.bsvgateway.org/api/locations/82572376/","Austria","Austria","Country","http://aido.bsvgateway.org/api/locations/216709393/",47.5856569228718,14.1306728678248,47.5856569228718,"Rubella"
"82572376.115",2008-12-29,2008-12-22,5,82572376,"75","82572376","P7D","http://aido.bsvgateway.org/api/locations/82572376/","Austria","Austria","Country","http://aido.bsvgateway.org/api/locations/216709393/",14.1306728678248,14.1306728678248,47.5856569228718,"Rubella"
"82572376.116",2009-01-05,2008-12-29,4,82572376,"75","82572376","P7D","http://aido.bsvgateway.org/api/locations/82572376/","Austria","Austria","Country","http://aido.bsvgateway.org/api/locations/216709393/",47.5856569228718,14.1306728678248,47.5856569228718,"Rubella"
"82572376.117",2009-01-12,2009-01-05,3,82572376,"75","82572376","P7D","http://aido.bsvgateway.org/api/locations/82572376/","Austria","Austria","Country","http://aido.bsvgateway.org/api/locations/216709393/",14.1306728678248,14.1306728678248,47.5856569228718,"Rubella"
"82572376.118",2009-01-19,2009-01-12,11,82572376,"75","82572376","P7D","http://aido.bsvgateway.org/api/locations/82572376/","Austria","Austria","Country","http://aido.bsvgateway.org/api/locations/216709393/",47.5856569228718,14.1306728678248,47.5856569228718,"Rubella"
"82572376.119",2009-01-26,2009-01-19,10,82572376,"75","82572376","P7D","http://aido.bsvgateway.org/api/locations/82572376/","Austria","Austria","Country","http://aido.bsvgateway.org/api/locations/216709393/",14.1306728678248,14.1306728678248,47.5856569228718,"Rubella"
"82572376.120",2009-02-02,2009-01-26,4,82572376,"75","82572376","P7D","http://aido.bsvgateway.org/api/locations/82572376/","Austria","Austria","Country","http://aido.bsvgateway.org/api/locations/216709393/",47.5856569228718,14.1306728678248,47.5856569228718,"Rubella"
"82572376.121",2009-02-09,2009-02-02,16,82572376,"75","82572376","P7D","http://aido.bsvgateway.org/api/locations/82572376/","Austria","Austria","Country","http://aido.bsvgateway.org/api/locations/216709393/",14.1306728678248,14.1306728678248,47.5856569228718,"Rubella"
"82572376.122",2009-02-16,2009-02-09,7,82572376,"75","82572376","P7D","http://aido.bsvgateway.org/api/locations/82572376/","Austria","Austria","Country","http://aido.bsvgateway.org/api/locations/216709393/",47.5856569228718,14.1306728678248,47.5856569228718,"Rubella"
"82572376.123",2009-02-23,2009-02-16,12,82572376,"75","82572376","P7D","http://aido.bsvgateway.org/api/locations/82572376/","Austria","Austria","Country","http://aido.bsvgateway.org/api/locations/216709393/",14.1306728678248,14.1306728678248,47.5856569228718,"Rubella"
"82572376.124",2009-03-02,2009-02-23,18,82572376,"75","82572376","P7D","http://aido.bsvgateway.org/api/locations/82572376/","Austria","Austria","Country","http://aido.bsvgateway.org/api/locations/216709393/",47.5856569228718,14.1306728678248,47.5856569228718,"Rubella"
"82572376.125",2009-03-09,2009-03-02,13,82572376,"75","82572376","P7D","http://aido.bsvgateway.org/api/locations/82572376/","Austria","Austria","Country","http://aido.bsvgateway.org/api/locations/216709393/",14.1306728678248,14.1306728678248,47.5856569228718,"Rubella"
"82572376.126",2009-03-16,2009-03-09,14,82572376,"75","82572376","P7D","http://aido.bsvgateway.org/api/locations/82572376/","Austria","Austria","Country","http://aido.bsvgateway.org/api/locations/216709393/",47.5856569228718,14.1306728678248,47.5856569228718,"Rubella"
"82572376.127",2009-03-23,2009-03-16,9,82572376,"75","82572376","P7D","http://aido.bsvgateway.org/api/locations/82572376/","Austria","Austria","Country","http://aido.bsvgateway.org/api/locations/216709393/",14.1306728678248,14.1306728678248,47.5856569228718,"Rubella"
"82572376.128",2009-03-30,2009-03-23,2,82572376,"75","82572376","P7D","http://aido.bsvgateway.org/api/locations/82572376/","Austria","Austria","Country","http://aido.bsvgateway.org/api/locations/216709393/",47.5856569228718,14.1306728678248,47.5856569228718,"Rubella"
"82572376.129",2009-04-06,2009-03-30,0,82572376,"75","82572376","P7D","http://aido.bsvgateway.org/api/locations/82572376/","Austria","Austria","Country","http://aido.bsvgateway.org/api/locations/216709393/",14.1306728678248,14.1306728678248,47.5856569228718,"Rubella"
"91078113.248",2012-04-23,2012-04-16,1,91078113,"75","91078113","P7D","http://aido.bsvgateway.org/api/locations/91078113/","Chandigarh","Chandigarh, India","State","http://aido.bsvgateway.org/api/locations/102446886/",30.7435350139614,76.7683797851754,30.7435350139614,"Rubella"
"91078113.249",2012-04-30,2012-04-23,1,91078113,"75","91078113","P7D","http://aido.bsvgateway.org/api/locations/91078113/","Chandigarh","Chandigarh, India","State","http://aido.bsvgateway.org/api/locations/102446886/",76.7683797851754,76.7683797851754,30.7435350139614,"Rubella"
"91078113.250",2012-05-07,2012-04-30,2,91078113,"75","91078113","P7D","http://aido.bsvgateway.org/api/locations/91078113/","Chandigarh","Chandigarh, India","State","http://aido.bsvgateway.org/api/locations/102446886/",30.7435350139614,76.7683797851754,30.7435350139614,"Rubella"
"91078113.251",2012-05-14,2012-05-07,1,91078113,"75","91078113","P7D","http://aido.bsvgateway.org/api/locations/91078113/","Chandigarh","Chandigarh, India","State","http://aido.bsvgateway.org/api/locations/102446886/",76.7683797851754,76.7683797851754,30.7435350139614,"Rubella"
"91078113.252",2012-05-21,2012-05-14,12,91078113,"75","91078113","P7D","http://aido.bsvgateway.org/api/locations/91078113/","Chandigarh","Chandigarh, India","State","http://aido.bsvgateway.org/api/locations/102446886/",30.7435350139614,76.7683797851754,30.7435350139614,"Rubella"
"91078113.253",2012-05-28,2012-05-21,8,91078113,"75","91078113","P7D","http://aido.bsvgateway.org/api/locations/91078113/","Chandigarh","Chandigarh, India","State","http://aido.bsvgateway.org/api/locations/102446886/",76.7683797851754,76.7683797851754,30.7435350139614,"Rubella"
"91078113.254",2012-06-04,2012-05-28,12,91078113,"75","91078113","P7D","http://aido.bsvgateway.org/api/locations/91078113/","Chandigarh","Chandigarh, India","State","http://aido.bsvgateway.org/api/locations/102446886/",30.7435350139614,76.7683797851754,30.7435350139614,"Rubella"
"91078113.255",2012-06-11,2012-06-04,17,91078113,"75","91078113","P7D","http://aido.bsvgateway.org/api/locations/91078113/","Chandigarh","Chandigarh, India","State","http://aido.bsvgateway.org/api/locations/102446886/",76.7683797851754,76.7683797851754,30.7435350139614,"Rubella"
"91078113.256",2012-06-18,2012-06-11,13,91078113,"75","91078113","P7D","http://aido.bsvgateway.org/api/locations/91078113/","Chandigarh","Chandigarh, India","State","http://aido.bsvgateway.org/api/locations/102446886/",30.7435350139614,76.7683797851754,30.7435350139614,"Rubella"
"91078113.257",2012-06-25,2012-06-18,11,91078113,"75","91078113","P7D","http://aido.bsvgateway.org/api/locations/91078113/","Chandigarh","Chandigarh, India","State","http://aido.bsvgateway.org/api/locations/102446886/",76.7683797851754,76.7683797851754,30.7435350139614,"Rubella"
"91078113.258",2012-07-02,2012-06-25,4,91078113,"75","91078113","P7D","http://aido.bsvgateway.org/api/locations/91078113/","Chandigarh","Chandigarh, India","State","http://aido.bsvgateway.org/api/locations/102446886/",30.7435350139614,76.7683797851754,30.7435350139614,"Rubella"
"91078113.259",2012-07-09,2012-07-02,1,91078113,"75","91078113","P7D","http://aido.bsvgateway.org/api/locations/91078113/","Chandigarh","Chandigarh, India","State","http://aido.bsvgateway.org/api/locations/102446886/",76.7683797851754,76.7683797851754,30.7435350139614,"Rubella"
"91078113.260",2012-07-16,2012-07-09,0,91078113,"75","91078113","P7D","http://aido.bsvgateway.org/api/locations/91078113/","Chandigarh","Chandigarh, India","State","http://aido.bsvgateway.org/api/locations/102446886/",30.7435350139614,76.7683797851754,30.7435350139614,"Rubella"
"91078113.261",2012-07-23,2012-07-16,0,91078113,"75","91078113","P7D","http://aido.bsvgateway.org/api/locations/91078113/","Chandigarh","Chandigarh, India","State","http://aido.bsvgateway.org/api/locations/102446886/",76.7683797851754,76.7683797851754,30.7435350139614,"Rubella"
"91078113.262",2012-07-30,2012-07-23,0,91078113,"75","91078113","P7D","http://aido.bsvgateway.org/api/locations/91078113/","Chandigarh","Chandigarh, India","State","http://aido.bsvgateway.org/api/locations/102446886/",30.7435350139614,76.7683797851754,30.7435350139614,"Rubella"
"97615058.263",1997-12-13,1997-12-06,1,97615058,"75","97615058","P7D","http://aido.bsvgateway.org/api/locations/97615058/","New York","New York, United States of America","State","http://aido.bsvgateway.org/api/locations/113309883/",42.9902482242734,-75.6891521001872,42.9902482242734,"Rubella"
"97615058.264",1997-12-20,1997-12-13,0,97615058,"75","97615058","P7D","http://aido.bsvgateway.org/api/locations/97615058/","New York","New York, United States of America","State","http://aido.bsvgateway.org/api/locations/113309883/",-75.6891521001872,-75.6891521001872,42.9902482242734,"Rubella"
"97615058.265",1997-12-27,1997-12-20,1,97615058,"75","97615058","P7D","http://aido.bsvgateway.org/api/locations/97615058/","New York","New York, United States of America","State","http://aido.bsvgateway.org/api/locations/113309883/",42.9902482242734,-75.6891521001872,42.9902482242734,"Rubella"
"97615058.266",1998-01-03,1997-12-27,2,97615058,"75","97615058","P7D","http://aido.bsvgateway.org/api/locations/97615058/","New York","New York, United States of America","State","http://aido.bsvgateway.org/api/locations/113309883/",-75.6891521001872,-75.6891521001872,42.9902482242734,"Rubella"
"97615058.267",1998-01-10,1998-01-03,1,97615058,"75","97615058","P7D","http://aido.bsvgateway.org/api/locations/97615058/","New York","New York, United States of America","State","http://aido.bsvgateway.org/api/locations/113309883/",42.9902482242734,-75.6891521001872,42.9902482242734,"Rubella"
"97615058.268",1998-01-17,1998-01-10,3,97615058,"75","97615058","P7D","http://aido.bsvgateway.org/api/locations/97615058/","New York","New York, United States of America","State","http://aido.bsvgateway.org/api/locations/113309883/",-75.6891521001872,-75.6891521001872,42.9902482242734,"Rubella"
"97615058.269",1998-01-24,1998-01-17,14,97615058,"75","97615058","P7D","http://aido.bsvgateway.org/api/locations/97615058/","New York","New York, United States of America","State","http://aido.bsvgateway.org/api/locations/113309883/",42.9902482242734,-75.6891521001872,42.9902482242734,"Rubella"
"97615058.270",1998-01-31,1998-01-24,3,97615058,"75","97615058","P7D","http://aido.bsvgateway.org/api/locations/97615058/","New York","New York, United States of America","State","http://aido.bsvgateway.org/api/locations/113309883/",-75.6891521001872,-75.6891521001872,42.9902482242734,"Rubella"
"97615058.271",1998-02-07,1998-01-31,4,97615058,"75","97615058","P7D","http://aido.bsvgateway.org/api/locations/97615058/","New York","New York, United States of America","State","http://aido.bsvgateway.org/api/locations/113309883/",42.9902482242734,-75.6891521001872,42.9902482242734,"Rubella"
"97615058.272",1998-02-14,1998-02-07,11,97615058,"75","97615058","P7D","http://aido.bsvgateway.org/api/locations/97615058/","New York","New York, United States of America","State","http://aido.bsvgateway.org/api/locations/113309883/",-75.6891521001872,-75.6891521001872,42.9902482242734,"Rubella"
"97615058.273",1998-02-21,1998-02-14,7,97615058,"75","97615058","P7D","http://aido.bsvgateway.org/api/locations/97615058/","New York","New York, United States of America","State","http://aido.bsvgateway.org/api/locations/113309883/",42.9902482242734,-75.6891521001872,42.9902482242734,"Rubella"
"97615058.274",1998-02-28,1998-02-21,8,97615058,"75","97615058","P7D","http://aido.bsvgateway.org/api/locations/97615058/","New York","New York, United States of America","State","http://aido.bsvgateway.org/api/locations/113309883/",-75.6891521001872,-75.6891521001872,42.9902482242734,"Rubella"
"97615058.275",1998-03-07,1998-02-28,8,97615058,"75","97615058","P7D","http://aido.bsvgateway.org/api/locations/97615058/","New York","New York, United States of America","State","http://aido.bsvgateway.org/api/locations/113309883/",42.9902482242734,-75.6891521001872,42.9902482242734,"Rubella"
"97615058.276",1998-03-14,1998-03-07,6,97615058,"75","97615058","P7D","http://aido.bsvgateway.org/api/locations/97615058/","New York","New York, United States of America","State","http://aido.bsvgateway.org/api/locations/113309883/",-75.6891521001872,-75.6891521001872,42.9902482242734,"Rubella"
"97615058.277",1998-03-21,1998-03-14,2,97615058,"75","97615058","P7D","http://aido.bsvgateway.org/api/locations/97615058/","New York","New York, United States of America","State","http://aido.bsvgateway.org/api/locations/113309883/",42.9902482242734,-75.6891521001872,42.9902482242734,"Rubella"
"97615058.278",1998-03-28,1998-03-21,5,97615058,"75","97615058","P7D","http://aido.bsvgateway.org/api/locations/97615058/","New York","New York, United States of America","State","http://aido.bsvgateway.org/api/locations/113309883/",-75.6891521001872,-75.6891521001872,42.9902482242734,"Rubella"
"97615058.279",1998-04-04,1998-03-28,4,97615058,"75","97615058","P7D","http://aido.bsvgateway.org/api/locations/97615058/","New York","New York, United States of America","State","http://aido.bsvgateway.org/api/locations/113309883/",42.9902482242734,-75.6891521001872,42.9902482242734,"Rubella"
"97615058.280",1998-04-11,1998-04-04,5,97615058,"75","97615058","P7D","http://aido.bsvgateway.org/api/locations/97615058/","New York","New York, United States of America","State","http://aido.bsvgateway.org/api/locations/113309883/",-75.6891521001872,-75.6891521001872,42.9902482242734,"Rubella"
"97615058.281",1998-04-18,1998-04-11,2,97615058,"75","97615058","P7D","http://aido.bsvgateway.org/api/locations/97615058/","New York","New York, United States of America","State","http://aido.bsvgateway.org/api/locations/113309883/",42.9902482242734,-75.6891521001872,42.9902482242734,"Rubella"
"97615058.282",1998-04-25,1998-04-18,3,97615058,"75","97615058","P7D","http://aido.bsvgateway.org/api/locations/97615058/","New York","New York, United States of America","State","http://aido.bsvgateway.org/api/locations/113309883/",-75.6891521001872,-75.6891521001872,42.9902482242734,"Rubella"
"97615058.283",1998-05-02,1998-04-25,1,97615058,"75","97615058","P7D","http://aido.bsvgateway.org/api/locations/97615058/","New York","New York, United States of America","State","http://aido.bsvgateway.org/api/locations/113309883/",42.9902482242734,-75.6891521001872,42.9902482242734,"Rubella"
"97615058.284",1998-05-09,1998-05-02,2,97615058,"75","97615058","P7D","http://aido.bsvgateway.org/api/locations/97615058/","New York","New York, United States of America","State","http://aido.bsvgateway.org/api/locations/113309883/",-75.6891521001872,-75.6891521001872,42.9902482242734,"Rubella"
"97615058.285",1998-05-16,1998-05-09,0,97615058,"75","97615058","P7D","http://aido.bsvgateway.org/api/locations/97615058/","New York","New York, United States of America","State","http://aido.bsvgateway.org/api/locations/113309883/",42.9902482242734,-75.6891521001872,42.9902482242734,"Rubella"
"97615058.286",1998-05-23,1998-05-16,0,97615058,"75","97615058","P7D","http://aido.bsvgateway.org/api/locations/97615058/","New York","New York, United States of America","State","http://aido.bsvgateway.org/api/locations/113309883/",-75.6891521001872,-75.6891521001872,42.9902482242734,"Rubella"
