"","end","start","value","id","disease","location","duration","url","name","full_name","admin_level_name","parent","centroid_lat_long","longitude","latitude","disease_name"
"115027180.64",2005-11-03,2005-11-02,2,115027180,"38","115027180","P1D","http://aido.bsvgateway.org/api/locations/115027180/","Germany","Germany","Country","http://aido.bsvgateway.org/api/locations/216709393/",51.1063634685225,10.3814938873536,51.1063634685226,"Tularemia"
"115027180.65",2005-11-04,2005-11-03,0,115027180,"38","115027180","P1D","http://aido.bsvgateway.org/api/locations/115027180/","Germany","Germany","Country","http://aido.bsvgateway.org/api/locations/216709393/",10.3814938873536,10.3814938873536,51.1063634685226,"Tularemia"
"115027180.66",2005-11-05,2005-11-04,1,115027180,"38","115027180","P1D","http://aido.bsvgateway.org/api/locations/115027180/","Germany","Germany","Country","http://aido.bsvgateway.org/api/locations/216709393/",51.1063634685225,10.3814938873536,51.1063634685226,"Tularemia"
"115027180.67",2005-11-06,2005-11-05,2,115027180,"38","115027180","P1D","http://aido.bsvgateway.org/api/locations/115027180/","Germany","Germany","Country","http://aido.bsvgateway.org/api/locations/216709393/",10.3814938873536,10.3814938873536,51.1063634685226,"Tularemia"
"115027180.68",2005-11-07,2005-11-06,2,115027180,"38","115027180","P1D","http://aido.bsvgateway.org/api/locations/115027180/","Germany","Germany","Country","http://aido.bsvgateway.org/api/locations/216709393/",51.1063634685225,10.3814938873536,51.1063634685226,"Tularemia"
"115027180.69",2005-11-08,2005-11-07,3,115027180,"38","115027180","P1D","http://aido.bsvgateway.org/api/locations/115027180/","Germany","Germany","Country","http://aido.bsvgateway.org/api/locations/216709393/",10.3814938873536,10.3814938873536,51.1063634685226,"Tularemia"
"115027180.70",2005-11-09,2005-11-08,0,115027180,"38","115027180","P1D","http://aido.bsvgateway.org/api/locations/115027180/","Germany","Germany","Country","http://aido.bsvgateway.org/api/locations/216709393/",51.1063634685225,10.3814938873536,51.1063634685226,"Tularemia"
"115027180.71",2005-11-10,2005-11-09,0,115027180,"38","115027180","P1D","http://aido.bsvgateway.org/api/locations/115027180/","Germany","Germany","Country","http://aido.bsvgateway.org/api/locations/216709393/",10.3814938873536,10.3814938873536,51.1063634685226,"Tularemia"
"120792162.187",2000-06-04,2000-05-28,2,120792162,"38","120792162","P7D","http://aido.bsvgateway.org/api/locations/120792162/","Massachusetts","Massachusetts, United States of America","State","http://aido.bsvgateway.org/api/locations/113309883/",42.2575271539207,-71.8054759190869,42.2575271539207,"Tularemia"
"120792162.188",2000-06-11,2000-06-04,2,120792162,"38","120792162","P7D","http://aido.bsvgateway.org/api/locations/120792162/","Massachusetts","Massachusetts, United States of America","State","http://aido.bsvgateway.org/api/locations/113309883/",-71.8054759190869,-71.8054759190869,42.2575271539207,"Tularemia"
"120792162.189",2000-06-18,2000-06-11,0,120792162,"38","120792162","P7D","http://aido.bsvgateway.org/api/locations/120792162/","Massachusetts","Massachusetts, United States of America","State","http://aido.bsvgateway.org/api/locations/113309883/",42.2575271539207,-71.8054759190869,42.2575271539207,"Tularemia"
"120792162.190",2000-06-25,2000-06-18,2,120792162,"38","120792162","P7D","http://aido.bsvgateway.org/api/locations/120792162/","Massachusetts","Massachusetts, United States of America","State","http://aido.bsvgateway.org/api/locations/113309883/",-71.8054759190869,-71.8054759190869,42.2575271539207,"Tularemia"
"120792162.191",2000-07-02,2000-06-25,1,120792162,"38","120792162","P7D","http://aido.bsvgateway.org/api/locations/120792162/","Massachusetts","Massachusetts, United States of America","State","http://aido.bsvgateway.org/api/locations/113309883/",42.2575271539207,-71.8054759190869,42.2575271539207,"Tularemia"
"120792162.192",2000-07-09,2000-07-02,1,120792162,"38","120792162","P7D","http://aido.bsvgateway.org/api/locations/120792162/","Massachusetts","Massachusetts, United States of America","State","http://aido.bsvgateway.org/api/locations/113309883/",-71.8054759190869,-71.8054759190869,42.2575271539207,"Tularemia"
"120792162.193",2000-07-16,2000-07-09,0,120792162,"38","120792162","P7D","http://aido.bsvgateway.org/api/locations/120792162/","Massachusetts","Massachusetts, United States of America","State","http://aido.bsvgateway.org/api/locations/113309883/",42.2575271539207,-71.8054759190869,42.2575271539207,"Tularemia"
"120792162.194",2000-07-23,2000-07-16,0,120792162,"38","120792162","P7D","http://aido.bsvgateway.org/api/locations/120792162/","Massachusetts","Massachusetts, United States of America","State","http://aido.bsvgateway.org/api/locations/113309883/",-71.8054759190869,-71.8054759190869,42.2575271539207,"Tularemia"
"120792162.195",2000-07-30,2000-07-23,0,120792162,"38","120792162","P7D","http://aido.bsvgateway.org/api/locations/120792162/","Massachusetts","Massachusetts, United States of America","State","http://aido.bsvgateway.org/api/locations/113309883/",42.2575271539207,-71.8054759190869,42.2575271539207,"Tularemia"
"120792162.196",2000-08-06,2000-07-30,2,120792162,"38","120792162","P7D","http://aido.bsvgateway.org/api/locations/120792162/","Massachusetts","Massachusetts, United States of America","State","http://aido.bsvgateway.org/api/locations/113309883/",-71.8054759190869,-71.8054759190869,42.2575271539207,"Tularemia"
"120792162.197",2000-08-13,2000-08-06,2,120792162,"38","120792162","P7D","http://aido.bsvgateway.org/api/locations/120792162/","Massachusetts","Massachusetts, United States of America","State","http://aido.bsvgateway.org/api/locations/113309883/",42.2575271539207,-71.8054759190869,42.2575271539207,"Tularemia"
"120792162.198",2000-08-20,2000-08-13,1,120792162,"38","120792162","P7D","http://aido.bsvgateway.org/api/locations/120792162/","Massachusetts","Massachusetts, United States of America","State","http://aido.bsvgateway.org/api/locations/113309883/",-71.8054759190869,-71.8054759190869,42.2575271539207,"Tularemia"
"120792162.199",2000-08-27,2000-08-20,0,120792162,"38","120792162","P7D","http://aido.bsvgateway.org/api/locations/120792162/","Massachusetts","Massachusetts, United States of America","State","http://aido.bsvgateway.org/api/locations/113309883/",42.2575271539207,-71.8054759190869,42.2575271539207,"Tularemia"
"120792162.200",2000-09-03,2000-08-27,0,120792162,"38","120792162","P7D","http://aido.bsvgateway.org/api/locations/120792162/","Massachusetts","Massachusetts, United States of America","State","http://aido.bsvgateway.org/api/locations/113309883/",-71.8054759190869,-71.8054759190869,42.2575271539207,"Tularemia"
"120792162.201",2000-09-10,2000-09-03,1,120792162,"38","120792162","P7D","http://aido.bsvgateway.org/api/locations/120792162/","Massachusetts","Massachusetts, United States of America","State","http://aido.bsvgateway.org/api/locations/113309883/",42.2575271539207,-71.8054759190869,42.2575271539207,"Tularemia"
"120792162.202",2000-09-17,2000-09-10,0,120792162,"38","120792162","P7D","http://aido.bsvgateway.org/api/locations/120792162/","Massachusetts","Massachusetts, United States of America","State","http://aido.bsvgateway.org/api/locations/113309883/",-71.8054759190869,-71.8054759190869,42.2575271539207,"Tularemia"
"120792162.203",2000-09-24,2000-09-17,0,120792162,"38","120792162","P7D","http://aido.bsvgateway.org/api/locations/120792162/","Massachusetts","Massachusetts, United States of America","State","http://aido.bsvgateway.org/api/locations/113309883/",42.2575271539207,-71.8054759190869,42.2575271539207,"Tularemia"
"120792162.204",2000-10-01,2000-09-24,0,120792162,"38","120792162","P7D","http://aido.bsvgateway.org/api/locations/120792162/","Massachusetts","Massachusetts, United States of America","State","http://aido.bsvgateway.org/api/locations/113309883/",-71.8054759190869,-71.8054759190869,42.2575271539207,"Tularemia"
"120792162.205",2000-10-08,2000-10-01,0,120792162,"38","120792162","P7D","http://aido.bsvgateway.org/api/locations/120792162/","Massachusetts","Massachusetts, United States of America","State","http://aido.bsvgateway.org/api/locations/113309883/",42.2575271539207,-71.8054759190869,42.2575271539207,"Tularemia"
"120792162.206",2000-10-15,2000-10-08,0,120792162,"38","120792162","P7D","http://aido.bsvgateway.org/api/locations/120792162/","Massachusetts","Massachusetts, United States of America","State","http://aido.bsvgateway.org/api/locations/113309883/",-71.8054759190869,-71.8054759190869,42.2575271539207,"Tularemia"
"120792162.207",2000-10-22,2000-10-15,1,120792162,"38","120792162","P7D","http://aido.bsvgateway.org/api/locations/120792162/","Massachusetts","Massachusetts, United States of America","State","http://aido.bsvgateway.org/api/locations/113309883/",42.2575271539207,-71.8054759190869,42.2575271539207,"Tularemia"
"120792162.208",2000-10-29,2000-10-22,0,120792162,"38","120792162","P7D","http://aido.bsvgateway.org/api/locations/120792162/","Massachusetts","Massachusetts, United States of America","State","http://aido.bsvgateway.org/api/locations/113309883/",-71.8054759190869,-71.8054759190869,42.2575271539207,"Tularemia"
"134953645.209",2015-06-01,2015-05-01,5,134953645,"38","134953645","P1M","http://aido.bsvgateway.org/api/locations/134953645/","Nebraska","Nebraska, United States of America","State","http://aido.bsvgateway.org/api/locations/113309883/",41.5291255039291,-99.8059407681085,41.5291255039291,"Tularemia"
"134953645.210",2015-07-01,2015-06-01,1,134953645,"38","134953645","P1M","http://aido.bsvgateway.org/api/locations/134953645/","Nebraska","Nebraska, United States of America","State","http://aido.bsvgateway.org/api/locations/113309883/",-99.8059407681085,-99.8059407681085,41.5291255039291,"Tularemia"
"134953645.211",2015-08-01,2015-07-01,5,134953645,"38","134953645","P1M","http://aido.bsvgateway.org/api/locations/134953645/","Nebraska","Nebraska, United States of America","State","http://aido.bsvgateway.org/api/locations/113309883/",41.5291255039291,-99.8059407681085,41.5291255039291,"Tularemia"
"134953645.212",2015-09-01,2015-08-01,7,134953645,"38","134953645","P1M","http://aido.bsvgateway.org/api/locations/134953645/","Nebraska","Nebraska, United States of America","State","http://aido.bsvgateway.org/api/locations/113309883/",-99.8059407681085,-99.8059407681085,41.5291255039291,"Tularemia"
"134953645.213",2015-10-01,2015-09-01,3,134953645,"38","134953645","P1M","http://aido.bsvgateway.org/api/locations/134953645/","Nebraska","Nebraska, United States of America","State","http://aido.bsvgateway.org/api/locations/113309883/",41.5291255039291,-99.8059407681085,41.5291255039291,"Tularemia"
"134953645.214",2015-11-01,2015-10-01,1,134953645,"38","134953645","P1M","http://aido.bsvgateway.org/api/locations/134953645/","Nebraska","Nebraska, United States of America","State","http://aido.bsvgateway.org/api/locations/113309883/",-99.8059407681085,-99.8059407681085,41.5291255039291,"Tularemia"
"134953645.215",2015-12-01,2015-11-01,1,134953645,"38","134953645","P1M","http://aido.bsvgateway.org/api/locations/134953645/","Nebraska","Nebraska, United States of America","State","http://aido.bsvgateway.org/api/locations/113309883/",41.5291255039291,-99.8059407681085,41.5291255039291,"Tularemia"
"134953645.216",2016-01-01,2015-12-01,1,134953645,"38","134953645","P1M","http://aido.bsvgateway.org/api/locations/134953645/","Nebraska","Nebraska, United States of America","State","http://aido.bsvgateway.org/api/locations/113309883/",-99.8059407681085,-99.8059407681085,41.5291255039291,"Tularemia"
"14791556.230",2007-06-16,2007-06-15,1,14791556,"38","14791556","P1D","http://aido.bsvgateway.org/api/locations/14791556/","Utah","Utah, United States of America","State","http://aido.bsvgateway.org/api/locations/113309883/",39.3264819034736,-111.674165618536,39.3264819034736,"Tularemia"
"14791556.231",2007-06-17,2007-06-16,0,14791556,"38","14791556","P1D","http://aido.bsvgateway.org/api/locations/14791556/","Utah","Utah, United States of America","State","http://aido.bsvgateway.org/api/locations/113309883/",-111.674165618536,-111.674165618536,39.3264819034736,"Tularemia"
"14791556.232",2007-06-18,2007-06-17,0,14791556,"38","14791556","P1D","http://aido.bsvgateway.org/api/locations/14791556/","Utah","Utah, United States of America","State","http://aido.bsvgateway.org/api/locations/113309883/",39.3264819034736,-111.674165618536,39.3264819034736,"Tularemia"
"14791556.233",2007-06-19,2007-06-18,0,14791556,"38","14791556","P1D","http://aido.bsvgateway.org/api/locations/14791556/","Utah","Utah, United States of America","State","http://aido.bsvgateway.org/api/locations/113309883/",-111.674165618536,-111.674165618536,39.3264819034736,"Tularemia"
"14791556.234",2007-06-20,2007-06-19,0,14791556,"38","14791556","P1D","http://aido.bsvgateway.org/api/locations/14791556/","Utah","Utah, United States of America","State","http://aido.bsvgateway.org/api/locations/113309883/",39.3264819034736,-111.674165618536,39.3264819034736,"Tularemia"
"14791556.235",2007-06-21,2007-06-20,0,14791556,"38","14791556","P1D","http://aido.bsvgateway.org/api/locations/14791556/","Utah","Utah, United States of America","State","http://aido.bsvgateway.org/api/locations/113309883/",-111.674165618536,-111.674165618536,39.3264819034736,"Tularemia"
"14791556.236",2007-06-22,2007-06-21,0,14791556,"38","14791556","P1D","http://aido.bsvgateway.org/api/locations/14791556/","Utah","Utah, United States of America","State","http://aido.bsvgateway.org/api/locations/113309883/",39.3264819034736,-111.674165618536,39.3264819034736,"Tularemia"
"14791556.237",2007-06-23,2007-06-22,1,14791556,"38","14791556","P1D","http://aido.bsvgateway.org/api/locations/14791556/","Utah","Utah, United States of America","State","http://aido.bsvgateway.org/api/locations/113309883/",-111.674165618536,-111.674165618536,39.3264819034736,"Tularemia"
"14791556.238",2007-06-24,2007-06-23,1,14791556,"38","14791556","P1D","http://aido.bsvgateway.org/api/locations/14791556/","Utah","Utah, United States of America","State","http://aido.bsvgateway.org/api/locations/113309883/",39.3264819034736,-111.674165618536,39.3264819034736,"Tularemia"
"14791556.239",2007-06-25,2007-06-24,0,14791556,"38","14791556","P1D","http://aido.bsvgateway.org/api/locations/14791556/","Utah","Utah, United States of America","State","http://aido.bsvgateway.org/api/locations/113309883/",-111.674165618536,-111.674165618536,39.3264819034736,"Tularemia"
"14791556.240",2007-06-26,2007-06-25,0,14791556,"38","14791556","P1D","http://aido.bsvgateway.org/api/locations/14791556/","Utah","Utah, United States of America","State","http://aido.bsvgateway.org/api/locations/113309883/",39.3264819034736,-111.674165618536,39.3264819034736,"Tularemia"
"14791556.241",2007-06-27,2007-06-26,0,14791556,"38","14791556","P1D","http://aido.bsvgateway.org/api/locations/14791556/","Utah","Utah, United States of America","State","http://aido.bsvgateway.org/api/locations/113309883/",-111.674165618536,-111.674165618536,39.3264819034736,"Tularemia"
"14791556.242",2007-06-28,2007-06-27,0,14791556,"38","14791556","P1D","http://aido.bsvgateway.org/api/locations/14791556/","Utah","Utah, United States of America","State","http://aido.bsvgateway.org/api/locations/113309883/",39.3264819034736,-111.674165618536,39.3264819034736,"Tularemia"
"14791556.243",2007-06-29,2007-06-28,1,14791556,"38","14791556","P1D","http://aido.bsvgateway.org/api/locations/14791556/","Utah","Utah, United States of America","State","http://aido.bsvgateway.org/api/locations/113309883/",-111.674165618536,-111.674165618536,39.3264819034736,"Tularemia"
"14791556.244",2007-06-30,2007-06-29,2,14791556,"38","14791556","P1D","http://aido.bsvgateway.org/api/locations/14791556/","Utah","Utah, United States of America","State","http://aido.bsvgateway.org/api/locations/113309883/",39.3264819034736,-111.674165618536,39.3264819034736,"Tularemia"
"14791556.245",2007-07-01,2007-06-30,0,14791556,"38","14791556","P1D","http://aido.bsvgateway.org/api/locations/14791556/","Utah","Utah, United States of America","State","http://aido.bsvgateway.org/api/locations/113309883/",-111.674165618536,-111.674165618536,39.3264819034736,"Tularemia"
"14791556.246",2007-07-02,2007-07-01,3,14791556,"38","14791556","P1D","http://aido.bsvgateway.org/api/locations/14791556/","Utah","Utah, United States of America","State","http://aido.bsvgateway.org/api/locations/113309883/",39.3264819034736,-111.674165618536,39.3264819034736,"Tularemia"
"14791556.247",2007-07-03,2007-07-02,2,14791556,"38","14791556","P1D","http://aido.bsvgateway.org/api/locations/14791556/","Utah","Utah, United States of America","State","http://aido.bsvgateway.org/api/locations/113309883/",-111.674165618536,-111.674165618536,39.3264819034736,"Tularemia"
"14791556.248",2007-07-04,2007-07-03,0,14791556,"38","14791556","P1D","http://aido.bsvgateway.org/api/locations/14791556/","Utah","Utah, United States of America","State","http://aido.bsvgateway.org/api/locations/113309883/",39.3264819034736,-111.674165618536,39.3264819034736,"Tularemia"
"14791556.249",2007-07-05,2007-07-04,0,14791556,"38","14791556","P1D","http://aido.bsvgateway.org/api/locations/14791556/","Utah","Utah, United States of America","State","http://aido.bsvgateway.org/api/locations/113309883/",-111.674165618536,-111.674165618536,39.3264819034736,"Tularemia"
"14791556.250",2007-07-06,2007-07-05,2,14791556,"38","14791556","P1D","http://aido.bsvgateway.org/api/locations/14791556/","Utah","Utah, United States of America","State","http://aido.bsvgateway.org/api/locations/113309883/",39.3264819034736,-111.674165618536,39.3264819034736,"Tularemia"
"14791556.251",2007-07-07,2007-07-06,0,14791556,"38","14791556","P1D","http://aido.bsvgateway.org/api/locations/14791556/","Utah","Utah, United States of America","State","http://aido.bsvgateway.org/api/locations/113309883/",-111.674165618536,-111.674165618536,39.3264819034736,"Tularemia"
"14791556.252",2007-07-08,2007-07-07,0,14791556,"38","14791556","P1D","http://aido.bsvgateway.org/api/locations/14791556/","Utah","Utah, United States of America","State","http://aido.bsvgateway.org/api/locations/113309883/",39.3264819034736,-111.674165618536,39.3264819034736,"Tularemia"
"14791556.253",2007-07-09,2007-07-08,1,14791556,"38","14791556","P1D","http://aido.bsvgateway.org/api/locations/14791556/","Utah","Utah, United States of America","State","http://aido.bsvgateway.org/api/locations/113309883/",-111.674165618536,-111.674165618536,39.3264819034736,"Tularemia"
"152661502.254",2015-03-01,2015-02-01,1,152661502,"38","152661502","P1M","http://aido.bsvgateway.org/api/locations/152661502/","Wyoming","Wyoming, United States of America","State","http://aido.bsvgateway.org/api/locations/113309883/",42.9998271801902,-107.552293634056,42.9998271801902,"Tularemia"
"152661502.255",2015-04-01,2015-03-01,0,152661502,"38","152661502","P1M","http://aido.bsvgateway.org/api/locations/152661502/","Wyoming","Wyoming, United States of America","State","http://aido.bsvgateway.org/api/locations/113309883/",-107.552293634056,-107.552293634056,42.9998271801902,"Tularemia"
"152661502.256",2015-05-01,2015-04-01,0,152661502,"38","152661502","P1M","http://aido.bsvgateway.org/api/locations/152661502/","Wyoming","Wyoming, United States of America","State","http://aido.bsvgateway.org/api/locations/113309883/",42.9998271801902,-107.552293634056,42.9998271801902,"Tularemia"
"152661502.257",2015-06-01,2015-05-01,0,152661502,"38","152661502","P1M","http://aido.bsvgateway.org/api/locations/152661502/","Wyoming","Wyoming, United States of America","State","http://aido.bsvgateway.org/api/locations/113309883/",-107.552293634056,-107.552293634056,42.9998271801902,"Tularemia"
"152661502.258",2015-07-01,2015-06-01,2,152661502,"38","152661502","P1M","http://aido.bsvgateway.org/api/locations/152661502/","Wyoming","Wyoming, United States of America","State","http://aido.bsvgateway.org/api/locations/113309883/",42.9998271801902,-107.552293634056,42.9998271801902,"Tularemia"
"152661502.259",2015-08-01,2015-07-01,10,152661502,"38","152661502","P1M","http://aido.bsvgateway.org/api/locations/152661502/","Wyoming","Wyoming, United States of America","State","http://aido.bsvgateway.org/api/locations/113309883/",-107.552293634056,-107.552293634056,42.9998271801902,"Tularemia"
"152661502.260",2015-09-01,2015-08-01,3,152661502,"38","152661502","P1M","http://aido.bsvgateway.org/api/locations/152661502/","Wyoming","Wyoming, United States of America","State","http://aido.bsvgateway.org/api/locations/113309883/",42.9998271801902,-107.552293634056,42.9998271801902,"Tularemia"
"152661502.261",2015-10-01,2015-09-01,3,152661502,"38","152661502","P1M","http://aido.bsvgateway.org/api/locations/152661502/","Wyoming","Wyoming, United States of America","State","http://aido.bsvgateway.org/api/locations/113309883/",-107.552293634056,-107.552293634056,42.9998271801902,"Tularemia"
"152661502.262",2015-11-01,2015-10-01,2,152661502,"38","152661502","P1M","http://aido.bsvgateway.org/api/locations/152661502/","Wyoming","Wyoming, United States of America","State","http://aido.bsvgateway.org/api/locations/113309883/",42.9998271801902,-107.552293634056,42.9998271801902,"Tularemia"
"156539085.138",2000-07-17,2000-07-10,5,156539085,"38","156539085","P7D","http://aido.bsvgateway.org/api/locations/156539085/","Sweden","Sweden","Country","http://aido.bsvgateway.org/api/locations/216709393/",62.7770998682217,16.7544664409103,62.7770998682217,"Tularemia"
"156539085.139",2000-07-24,2000-07-17,2,156539085,"38","156539085","P7D","http://aido.bsvgateway.org/api/locations/156539085/","Sweden","Sweden","Country","http://aido.bsvgateway.org/api/locations/216709393/",16.7544664409103,16.7544664409103,62.7770998682217,"Tularemia"
"156539085.140",2000-07-31,2000-07-24,5,156539085,"38","156539085","P7D","http://aido.bsvgateway.org/api/locations/156539085/","Sweden","Sweden","Country","http://aido.bsvgateway.org/api/locations/216709393/",62.7770998682217,16.7544664409103,62.7770998682217,"Tularemia"
"156539085.141",2000-08-07,2000-07-31,13,156539085,"38","156539085","P7D","http://aido.bsvgateway.org/api/locations/156539085/","Sweden","Sweden","Country","http://aido.bsvgateway.org/api/locations/216709393/",16.7544664409103,16.7544664409103,62.7770998682217,"Tularemia"
"156539085.142",2000-08-14,2000-08-07,17,156539085,"38","156539085","P7D","http://aido.bsvgateway.org/api/locations/156539085/","Sweden","Sweden","Country","http://aido.bsvgateway.org/api/locations/216709393/",62.7770998682217,16.7544664409103,62.7770998682217,"Tularemia"
"156539085.143",2000-08-21,2000-08-14,24,156539085,"38","156539085","P7D","http://aido.bsvgateway.org/api/locations/156539085/","Sweden","Sweden","Country","http://aido.bsvgateway.org/api/locations/216709393/",16.7544664409103,16.7544664409103,62.7770998682217,"Tularemia"
"156539085.144",2000-08-28,2000-08-21,41,156539085,"38","156539085","P7D","http://aido.bsvgateway.org/api/locations/156539085/","Sweden","Sweden","Country","http://aido.bsvgateway.org/api/locations/216709393/",62.7770998682217,16.7544664409103,62.7770998682217,"Tularemia"
"156539085.145",2000-09-04,2000-08-28,50,156539085,"38","156539085","P7D","http://aido.bsvgateway.org/api/locations/156539085/","Sweden","Sweden","Country","http://aido.bsvgateway.org/api/locations/216709393/",16.7544664409103,16.7544664409103,62.7770998682217,"Tularemia"
"156539085.146",2000-09-11,2000-09-04,51,156539085,"38","156539085","P7D","http://aido.bsvgateway.org/api/locations/156539085/","Sweden","Sweden","Country","http://aido.bsvgateway.org/api/locations/216709393/",62.7770998682217,16.7544664409103,62.7770998682217,"Tularemia"
"156539085.147",2000-09-18,2000-09-11,16,156539085,"38","156539085","P7D","http://aido.bsvgateway.org/api/locations/156539085/","Sweden","Sweden","Country","http://aido.bsvgateway.org/api/locations/216709393/",16.7544664409103,16.7544664409103,62.7770998682217,"Tularemia"
"156539085.148",2000-09-25,2000-09-18,2,156539085,"38","156539085","P7D","http://aido.bsvgateway.org/api/locations/156539085/","Sweden","Sweden","Country","http://aido.bsvgateway.org/api/locations/216709393/",62.7770998682217,16.7544664409103,62.7770998682217,"Tularemia"
"156539085.149",2000-10-02,2000-09-25,7,156539085,"38","156539085","P7D","http://aido.bsvgateway.org/api/locations/156539085/","Sweden","Sweden","Country","http://aido.bsvgateway.org/api/locations/216709393/",16.7544664409103,16.7544664409103,62.7770998682217,"Tularemia"
"156539085.150",2000-10-09,2000-10-02,0,156539085,"38","156539085","P7D","http://aido.bsvgateway.org/api/locations/156539085/","Sweden","Sweden","Country","http://aido.bsvgateway.org/api/locations/216709393/",62.7770998682217,16.7544664409103,62.7770998682217,"Tularemia"
"156539085.151",2000-10-16,2000-10-09,2,156539085,"38","156539085","P7D","http://aido.bsvgateway.org/api/locations/156539085/","Sweden","Sweden","Country","http://aido.bsvgateway.org/api/locations/216709393/",16.7544664409103,16.7544664409103,62.7770998682217,"Tularemia"
"156539085.152",2000-10-23,2000-10-16,0,156539085,"38","156539085","P7D","http://aido.bsvgateway.org/api/locations/156539085/","Sweden","Sweden","Country","http://aido.bsvgateway.org/api/locations/216709393/",62.7770998682217,16.7544664409103,62.7770998682217,"Tularemia"
"156539085.153",2000-10-30,2000-10-23,0,156539085,"38","156539085","P7D","http://aido.bsvgateway.org/api/locations/156539085/","Sweden","Sweden","Country","http://aido.bsvgateway.org/api/locations/216709393/",16.7544664409103,16.7544664409103,62.7770998682217,"Tularemia"
"156539085.154",2000-11-06,2000-10-30,1,156539085,"38","156539085","P7D","http://aido.bsvgateway.org/api/locations/156539085/","Sweden","Sweden","Country","http://aido.bsvgateway.org/api/locations/216709393/",62.7770998682217,16.7544664409103,62.7770998682217,"Tularemia"
"156539085.155",2000-11-13,2000-11-06,0,156539085,"38","156539085","P7D","http://aido.bsvgateway.org/api/locations/156539085/","Sweden","Sweden","Country","http://aido.bsvgateway.org/api/locations/216709393/",16.7544664409103,16.7544664409103,62.7770998682217,"Tularemia"
"156539085.156",2003-07-07,2003-06-30,1,156539085,"38","156539085","P7D","http://aido.bsvgateway.org/api/locations/156539085/","Sweden","Sweden","Country","http://aido.bsvgateway.org/api/locations/216709393/",62.7770998682217,16.7544664409103,62.7770998682217,"Tularemia"
"156539085.157",2003-07-14,2003-07-07,0,156539085,"38","156539085","P7D","http://aido.bsvgateway.org/api/locations/156539085/","Sweden","Sweden","Country","http://aido.bsvgateway.org/api/locations/216709393/",16.7544664409103,16.7544664409103,62.7770998682217,"Tularemia"
"156539085.158",2003-07-21,2003-07-14,8,156539085,"38","156539085","P7D","http://aido.bsvgateway.org/api/locations/156539085/","Sweden","Sweden","Country","http://aido.bsvgateway.org/api/locations/216709393/",62.7770998682217,16.7544664409103,62.7770998682217,"Tularemia"
"156539085.159",2003-07-28,2003-07-21,6,156539085,"38","156539085","P7D","http://aido.bsvgateway.org/api/locations/156539085/","Sweden","Sweden","Country","http://aido.bsvgateway.org/api/locations/216709393/",16.7544664409103,16.7544664409103,62.7770998682217,"Tularemia"
"156539085.160",2003-08-04,2003-07-28,17,156539085,"38","156539085","P7D","http://aido.bsvgateway.org/api/locations/156539085/","Sweden","Sweden","Country","http://aido.bsvgateway.org/api/locations/216709393/",62.7770998682217,16.7544664409103,62.7770998682217,"Tularemia"
"156539085.161",2003-08-11,2003-08-04,45,156539085,"38","156539085","P7D","http://aido.bsvgateway.org/api/locations/156539085/","Sweden","Sweden","Country","http://aido.bsvgateway.org/api/locations/216709393/",16.7544664409103,16.7544664409103,62.7770998682217,"Tularemia"
"156539085.162",2003-08-18,2003-08-11,32,156539085,"38","156539085","P7D","http://aido.bsvgateway.org/api/locations/156539085/","Sweden","Sweden","Country","http://aido.bsvgateway.org/api/locations/216709393/",62.7770998682217,16.7544664409103,62.7770998682217,"Tularemia"
"16876403.1",2006-11-04,2006-11-02,1,16876403,"38","16876403","P2D","http://aido.bsvgateway.org/api/locations/16876403/","Georgia","Georgia","Country","http://aido.bsvgateway.org/api/locations/20359812/",42.1688007770931,43.5075263304431,42.1688007770931,"Tularemia"
"16876403.2",2006-11-06,2006-11-04,0,16876403,"38","16876403","P2D","http://aido.bsvgateway.org/api/locations/16876403/","Georgia","Georgia","Country","http://aido.bsvgateway.org/api/locations/20359812/",43.5075263304431,43.5075263304431,42.1688007770931,"Tularemia"
"16876403.3",2006-11-08,2006-11-06,0,16876403,"38","16876403","P2D","http://aido.bsvgateway.org/api/locations/16876403/","Georgia","Georgia","Country","http://aido.bsvgateway.org/api/locations/20359812/",42.1688007770931,43.5075263304431,42.1688007770931,"Tularemia"
"16876403.4",2006-11-10,2006-11-08,0,16876403,"38","16876403","P2D","http://aido.bsvgateway.org/api/locations/16876403/","Georgia","Georgia","Country","http://aido.bsvgateway.org/api/locations/20359812/",43.5075263304431,43.5075263304431,42.1688007770931,"Tularemia"
"16876403.5",2006-11-12,2006-11-10,0,16876403,"38","16876403","P2D","http://aido.bsvgateway.org/api/locations/16876403/","Georgia","Georgia","Country","http://aido.bsvgateway.org/api/locations/20359812/",42.1688007770931,43.5075263304431,42.1688007770931,"Tularemia"
"16876403.6",2006-11-14,2006-11-12,1,16876403,"38","16876403","P2D","http://aido.bsvgateway.org/api/locations/16876403/","Georgia","Georgia","Country","http://aido.bsvgateway.org/api/locations/20359812/",43.5075263304431,43.5075263304431,42.1688007770931,"Tularemia"
"16876403.7",2006-11-16,2006-11-14,0,16876403,"38","16876403","P2D","http://aido.bsvgateway.org/api/locations/16876403/","Georgia","Georgia","Country","http://aido.bsvgateway.org/api/locations/20359812/",42.1688007770931,43.5075263304431,42.1688007770931,"Tularemia"
"16876403.8",2006-11-18,2006-11-16,0,16876403,"38","16876403","P2D","http://aido.bsvgateway.org/api/locations/16876403/","Georgia","Georgia","Country","http://aido.bsvgateway.org/api/locations/20359812/",43.5075263304431,43.5075263304431,42.1688007770931,"Tularemia"
"16876403.9",2006-11-20,2006-11-18,0,16876403,"38","16876403","P2D","http://aido.bsvgateway.org/api/locations/16876403/","Georgia","Georgia","Country","http://aido.bsvgateway.org/api/locations/20359812/",42.1688007770931,43.5075263304431,42.1688007770931,"Tularemia"
"16876403.10",2006-11-22,2006-11-20,1,16876403,"38","16876403","P2D","http://aido.bsvgateway.org/api/locations/16876403/","Georgia","Georgia","Country","http://aido.bsvgateway.org/api/locations/20359812/",43.5075263304431,43.5075263304431,42.1688007770931,"Tularemia"
"16876403.11",2006-11-24,2006-11-22,0,16876403,"38","16876403","P2D","http://aido.bsvgateway.org/api/locations/16876403/","Georgia","Georgia","Country","http://aido.bsvgateway.org/api/locations/20359812/",42.1688007770931,43.5075263304431,42.1688007770931,"Tularemia"
"16876403.12",2006-11-26,2006-11-24,1,16876403,"38","16876403","P2D","http://aido.bsvgateway.org/api/locations/16876403/","Georgia","Georgia","Country","http://aido.bsvgateway.org/api/locations/20359812/",43.5075263304431,43.5075263304431,42.1688007770931,"Tularemia"
"16876403.13",2006-11-28,2006-11-26,1,16876403,"38","16876403","P2D","http://aido.bsvgateway.org/api/locations/16876403/","Georgia","Georgia","Country","http://aido.bsvgateway.org/api/locations/20359812/",42.1688007770931,43.5075263304431,42.1688007770931,"Tularemia"
"16876403.14",2006-11-30,2006-11-28,0,16876403,"38","16876403","P2D","http://aido.bsvgateway.org/api/locations/16876403/","Georgia","Georgia","Country","http://aido.bsvgateway.org/api/locations/20359812/",43.5075263304431,43.5075263304431,42.1688007770931,"Tularemia"
"16876403.15",2006-12-02,2006-11-30,1,16876403,"38","16876403","P2D","http://aido.bsvgateway.org/api/locations/16876403/","Georgia","Georgia","Country","http://aido.bsvgateway.org/api/locations/20359812/",42.1688007770931,43.5075263304431,42.1688007770931,"Tularemia"
"16876403.16",2006-12-04,2006-12-02,2,16876403,"38","16876403","P2D","http://aido.bsvgateway.org/api/locations/16876403/","Georgia","Georgia","Country","http://aido.bsvgateway.org/api/locations/20359812/",43.5075263304431,43.5075263304431,42.1688007770931,"Tularemia"
"16876403.17",2006-12-06,2006-12-04,1,16876403,"38","16876403","P2D","http://aido.bsvgateway.org/api/locations/16876403/","Georgia","Georgia","Country","http://aido.bsvgateway.org/api/locations/20359812/",42.1688007770931,43.5075263304431,42.1688007770931,"Tularemia"
"16876403.18",2006-12-08,2006-12-06,2,16876403,"38","16876403","P2D","http://aido.bsvgateway.org/api/locations/16876403/","Georgia","Georgia","Country","http://aido.bsvgateway.org/api/locations/20359812/",43.5075263304431,43.5075263304431,42.1688007770931,"Tularemia"
"16876403.19",2006-12-10,2006-12-08,2,16876403,"38","16876403","P2D","http://aido.bsvgateway.org/api/locations/16876403/","Georgia","Georgia","Country","http://aido.bsvgateway.org/api/locations/20359812/",42.1688007770931,43.5075263304431,42.1688007770931,"Tularemia"
"16876403.20",2006-12-12,2006-12-10,1,16876403,"38","16876403","P2D","http://aido.bsvgateway.org/api/locations/16876403/","Georgia","Georgia","Country","http://aido.bsvgateway.org/api/locations/20359812/",43.5075263304431,43.5075263304431,42.1688007770931,"Tularemia"
"16876403.21",2006-12-14,2006-12-12,0,16876403,"38","16876403","P2D","http://aido.bsvgateway.org/api/locations/16876403/","Georgia","Georgia","Country","http://aido.bsvgateway.org/api/locations/20359812/",42.1688007770931,43.5075263304431,42.1688007770931,"Tularemia"
"16876403.22",2006-12-16,2006-12-14,0,16876403,"38","16876403","P2D","http://aido.bsvgateway.org/api/locations/16876403/","Georgia","Georgia","Country","http://aido.bsvgateway.org/api/locations/20359812/",43.5075263304431,43.5075263304431,42.1688007770931,"Tularemia"
"16876403.23",2006-12-18,2006-12-16,1,16876403,"38","16876403","P2D","http://aido.bsvgateway.org/api/locations/16876403/","Georgia","Georgia","Country","http://aido.bsvgateway.org/api/locations/20359812/",42.1688007770931,43.5075263304431,42.1688007770931,"Tularemia"
"16876403.24",2006-12-20,2006-12-18,0,16876403,"38","16876403","P2D","http://aido.bsvgateway.org/api/locations/16876403/","Georgia","Georgia","Country","http://aido.bsvgateway.org/api/locations/20359812/",43.5075263304431,43.5075263304431,42.1688007770931,"Tularemia"
"16876403.25",2006-12-22,2006-12-20,0,16876403,"38","16876403","P2D","http://aido.bsvgateway.org/api/locations/16876403/","Georgia","Georgia","Country","http://aido.bsvgateway.org/api/locations/20359812/",42.1688007770931,43.5075263304431,42.1688007770931,"Tularemia"
"16876403.26",2006-12-24,2006-12-22,0,16876403,"38","16876403","P2D","http://aido.bsvgateway.org/api/locations/16876403/","Georgia","Georgia","Country","http://aido.bsvgateway.org/api/locations/20359812/",43.5075263304431,43.5075263304431,42.1688007770931,"Tularemia"
"16876403.27",2006-12-26,2006-12-24,0,16876403,"38","16876403","P2D","http://aido.bsvgateway.org/api/locations/16876403/","Georgia","Georgia","Country","http://aido.bsvgateway.org/api/locations/20359812/",42.1688007770931,43.5075263304431,42.1688007770931,"Tularemia"
"16876403.28",2006-12-28,2006-12-26,2,16876403,"38","16876403","P2D","http://aido.bsvgateway.org/api/locations/16876403/","Georgia","Georgia","Country","http://aido.bsvgateway.org/api/locations/20359812/",43.5075263304431,43.5075263304431,42.1688007770931,"Tularemia"
"16876403.29",2006-12-30,2006-12-28,1,16876403,"38","16876403","P2D","http://aido.bsvgateway.org/api/locations/16876403/","Georgia","Georgia","Country","http://aido.bsvgateway.org/api/locations/20359812/",42.1688007770931,43.5075263304431,42.1688007770931,"Tularemia"
"16876403.30",2007-01-01,2006-12-30,2,16876403,"38","16876403","P2D","http://aido.bsvgateway.org/api/locations/16876403/","Georgia","Georgia","Country","http://aido.bsvgateway.org/api/locations/20359812/",43.5075263304431,43.5075263304431,42.1688007770931,"Tularemia"
"16876403.31",2007-01-03,2007-01-01,3,16876403,"38","16876403","P2D","http://aido.bsvgateway.org/api/locations/16876403/","Georgia","Georgia","Country","http://aido.bsvgateway.org/api/locations/20359812/",42.1688007770931,43.5075263304431,42.1688007770931,"Tularemia"
"16876403.32",2007-01-05,2007-01-03,1,16876403,"38","16876403","P2D","http://aido.bsvgateway.org/api/locations/16876403/","Georgia","Georgia","Country","http://aido.bsvgateway.org/api/locations/20359812/",43.5075263304431,43.5075263304431,42.1688007770931,"Tularemia"
"16876403.33",2007-01-07,2007-01-05,0,16876403,"38","16876403","P2D","http://aido.bsvgateway.org/api/locations/16876403/","Georgia","Georgia","Country","http://aido.bsvgateway.org/api/locations/20359812/",42.1688007770931,43.5075263304431,42.1688007770931,"Tularemia"
"16876403.34",2007-01-09,2007-01-07,0,16876403,"38","16876403","P2D","http://aido.bsvgateway.org/api/locations/16876403/","Georgia","Georgia","Country","http://aido.bsvgateway.org/api/locations/20359812/",43.5075263304431,43.5075263304431,42.1688007770931,"Tularemia"
"16876403.35",2007-01-11,2007-01-09,1,16876403,"38","16876403","P2D","http://aido.bsvgateway.org/api/locations/16876403/","Georgia","Georgia","Country","http://aido.bsvgateway.org/api/locations/20359812/",42.1688007770931,43.5075263304431,42.1688007770931,"Tularemia"
"181572885.60",2004-08-10,2004-08-09,5,181572885,"38","181572885","P1D","http://aido.bsvgateway.org/api/locations/181572885/","France","France","Country","http://aido.bsvgateway.org/api/locations/216709393/",42.1801070051846,-2.75522114869556,42.1801070051846,"Tularemia"
"181572885.61",2004-08-11,2004-08-10,6,181572885,"38","181572885","P1D","http://aido.bsvgateway.org/api/locations/181572885/","France","France","Country","http://aido.bsvgateway.org/api/locations/216709393/",-2.75522114869557,-2.75522114869556,42.1801070051846,"Tularemia"
"181572885.62",2004-08-12,2004-08-11,3,181572885,"38","181572885","P1D","http://aido.bsvgateway.org/api/locations/181572885/","France","France","Country","http://aido.bsvgateway.org/api/locations/216709393/",42.1801070051846,-2.75522114869556,42.1801070051846,"Tularemia"
"181572885.63",2004-08-13,2004-08-12,1,181572885,"38","181572885","P1D","http://aido.bsvgateway.org/api/locations/181572885/","France","France","Country","http://aido.bsvgateway.org/api/locations/216709393/",-2.75522114869557,-2.75522114869556,42.1801070051846,"Tularemia"
"239713796.217",2015-06-01,2015-05-01,1,239713796,"38","239713796","P1M","http://aido.bsvgateway.org/api/locations/239713796/","South Dakota","South Dakota, United States of America","State","http://aido.bsvgateway.org/api/locations/113309883/",44.4394218125222,-100.233740408239,44.4394218125222,"Tularemia"
"239713796.218",2015-07-01,2015-06-01,5,239713796,"38","239713796","P1M","http://aido.bsvgateway.org/api/locations/239713796/","South Dakota","South Dakota, United States of America","State","http://aido.bsvgateway.org/api/locations/113309883/",-100.233740408239,-100.233740408239,44.4394218125222,"Tularemia"
"239713796.219",2015-08-01,2015-07-01,12,239713796,"38","239713796","P1M","http://aido.bsvgateway.org/api/locations/239713796/","South Dakota","South Dakota, United States of America","State","http://aido.bsvgateway.org/api/locations/113309883/",44.4394218125222,-100.233740408239,44.4394218125222,"Tularemia"
"239713796.220",2015-09-01,2015-08-01,3,239713796,"38","239713796","P1M","http://aido.bsvgateway.org/api/locations/239713796/","South Dakota","South Dakota, United States of America","State","http://aido.bsvgateway.org/api/locations/113309883/",-100.233740408239,-100.233740408239,44.4394218125222,"Tularemia"
"239713796.221",2015-10-01,2015-09-01,4,239713796,"38","239713796","P1M","http://aido.bsvgateway.org/api/locations/239713796/","South Dakota","South Dakota, United States of America","State","http://aido.bsvgateway.org/api/locations/113309883/",44.4394218125222,-100.233740408239,44.4394218125222,"Tularemia"
"239713796.222",1984-06-03,1984-05-27,2,239713796,"38","239713796","P7D","http://aido.bsvgateway.org/api/locations/239713796/","South Dakota","South Dakota, United States of America","State","http://aido.bsvgateway.org/api/locations/113309883/",-100.233740408239,-100.233740408239,44.4394218125222,"Tularemia"
"239713796.223",1984-06-10,1984-06-03,4,239713796,"38","239713796","P7D","http://aido.bsvgateway.org/api/locations/239713796/","South Dakota","South Dakota, United States of America","State","http://aido.bsvgateway.org/api/locations/113309883/",44.4394218125222,-100.233740408239,44.4394218125222,"Tularemia"
"239713796.224",1984-06-17,1984-06-10,1,239713796,"38","239713796","P7D","http://aido.bsvgateway.org/api/locations/239713796/","South Dakota","South Dakota, United States of America","State","http://aido.bsvgateway.org/api/locations/113309883/",-100.233740408239,-100.233740408239,44.4394218125222,"Tularemia"
"239713796.225",1984-06-24,1984-06-17,2,239713796,"38","239713796","P7D","http://aido.bsvgateway.org/api/locations/239713796/","South Dakota","South Dakota, United States of America","State","http://aido.bsvgateway.org/api/locations/113309883/",44.4394218125222,-100.233740408239,44.4394218125222,"Tularemia"
"239713796.226",1984-07-01,1984-06-24,1,239713796,"38","239713796","P7D","http://aido.bsvgateway.org/api/locations/239713796/","South Dakota","South Dakota, United States of America","State","http://aido.bsvgateway.org/api/locations/113309883/",-100.233740408239,-100.233740408239,44.4394218125222,"Tularemia"
"239713796.227",1984-07-08,1984-07-01,6,239713796,"38","239713796","P7D","http://aido.bsvgateway.org/api/locations/239713796/","South Dakota","South Dakota, United States of America","State","http://aido.bsvgateway.org/api/locations/113309883/",44.4394218125222,-100.233740408239,44.4394218125222,"Tularemia"
"239713796.228",1984-07-15,1984-07-08,3,239713796,"38","239713796","P7D","http://aido.bsvgateway.org/api/locations/239713796/","South Dakota","South Dakota, United States of America","State","http://aido.bsvgateway.org/api/locations/113309883/",-100.233740408239,-100.233740408239,44.4394218125222,"Tularemia"
"239713796.229",1984-07-22,1984-07-15,1,239713796,"38","239713796","P7D","http://aido.bsvgateway.org/api/locations/239713796/","South Dakota","South Dakota, United States of America","State","http://aido.bsvgateway.org/api/locations/113309883/",44.4394218125222,-100.233740408239,44.4394218125222,"Tularemia"
"241817553.72",1982-03-23,1982-03-16,3,241817553,"38","241817553","P7D","http://aido.bsvgateway.org/api/locations/241817553/","Italy","Italy","Country","http://aido.bsvgateway.org/api/locations/216709393/",42.7864339963678,12.0719070927293,42.7864339963678,"Tularemia"
"241817553.73",1982-03-30,1982-03-23,12,241817553,"38","241817553","P7D","http://aido.bsvgateway.org/api/locations/241817553/","Italy","Italy","Country","http://aido.bsvgateway.org/api/locations/216709393/",12.0719070927293,12.0719070927293,42.7864339963678,"Tularemia"
"241817553.74",1982-04-06,1982-03-30,25,241817553,"38","241817553","P7D","http://aido.bsvgateway.org/api/locations/241817553/","Italy","Italy","Country","http://aido.bsvgateway.org/api/locations/216709393/",42.7864339963678,12.0719070927293,42.7864339963678,"Tularemia"
"241817553.75",1982-04-13,1982-04-06,9,241817553,"38","241817553","P7D","http://aido.bsvgateway.org/api/locations/241817553/","Italy","Italy","Country","http://aido.bsvgateway.org/api/locations/216709393/",12.0719070927293,12.0719070927293,42.7864339963678,"Tularemia"
"241817553.76",1982-04-20,1982-04-13,1,241817553,"38","241817553","P7D","http://aido.bsvgateway.org/api/locations/241817553/","Italy","Italy","Country","http://aido.bsvgateway.org/api/locations/216709393/",42.7864339963678,12.0719070927293,42.7864339963678,"Tularemia"
"256046374.163",2010-07-19,2010-07-12,1,256046374,"38","256046374","P7D","http://aido.bsvgateway.org/api/locations/256046374/","Jämtland","Jämtland, Sweden","State","http://aido.bsvgateway.org/api/locations/156539085/",63.2643025673046,14.3310376491784,63.2643025673046,"Tularemia"
"256046374.164",2010-07-26,2010-07-19,0,256046374,"38","256046374","P7D","http://aido.bsvgateway.org/api/locations/256046374/","Jämtland","Jämtland, Sweden","State","http://aido.bsvgateway.org/api/locations/156539085/",14.3310376491784,14.3310376491784,63.2643025673046,"Tularemia"
"256046374.165",2010-08-02,2010-07-26,0,256046374,"38","256046374","P7D","http://aido.bsvgateway.org/api/locations/256046374/","Jämtland","Jämtland, Sweden","State","http://aido.bsvgateway.org/api/locations/156539085/",63.2643025673046,14.3310376491784,63.2643025673046,"Tularemia"
"256046374.166",2010-08-09,2010-08-02,1,256046374,"38","256046374","P7D","http://aido.bsvgateway.org/api/locations/256046374/","Jämtland","Jämtland, Sweden","State","http://aido.bsvgateway.org/api/locations/156539085/",14.3310376491784,14.3310376491784,63.2643025673046,"Tularemia"
"256046374.167",2010-08-16,2010-08-09,2,256046374,"38","256046374","P7D","http://aido.bsvgateway.org/api/locations/256046374/","Jämtland","Jämtland, Sweden","State","http://aido.bsvgateway.org/api/locations/156539085/",63.2643025673046,14.3310376491784,63.2643025673046,"Tularemia"
"256046374.168",2010-08-23,2010-08-16,5,256046374,"38","256046374","P7D","http://aido.bsvgateway.org/api/locations/256046374/","Jämtland","Jämtland, Sweden","State","http://aido.bsvgateway.org/api/locations/156539085/",14.3310376491784,14.3310376491784,63.2643025673046,"Tularemia"
"256046374.169",2010-08-30,2010-08-23,5,256046374,"38","256046374","P7D","http://aido.bsvgateway.org/api/locations/256046374/","Jämtland","Jämtland, Sweden","State","http://aido.bsvgateway.org/api/locations/156539085/",63.2643025673046,14.3310376491784,63.2643025673046,"Tularemia"
"256046374.170",2010-09-06,2010-08-30,11,256046374,"38","256046374","P7D","http://aido.bsvgateway.org/api/locations/256046374/","Jämtland","Jämtland, Sweden","State","http://aido.bsvgateway.org/api/locations/156539085/",14.3310376491784,14.3310376491784,63.2643025673046,"Tularemia"
"256046374.171",2010-09-13,2010-09-06,13,256046374,"38","256046374","P7D","http://aido.bsvgateway.org/api/locations/256046374/","Jämtland","Jämtland, Sweden","State","http://aido.bsvgateway.org/api/locations/156539085/",63.2643025673046,14.3310376491784,63.2643025673046,"Tularemia"
"256046374.172",2010-09-20,2010-09-13,7,256046374,"38","256046374","P7D","http://aido.bsvgateway.org/api/locations/256046374/","Jämtland","Jämtland, Sweden","State","http://aido.bsvgateway.org/api/locations/156539085/",14.3310376491784,14.3310376491784,63.2643025673046,"Tularemia"
"256046374.173",2010-09-27,2010-09-20,9,256046374,"38","256046374","P7D","http://aido.bsvgateway.org/api/locations/256046374/","Jämtland","Jämtland, Sweden","State","http://aido.bsvgateway.org/api/locations/156539085/",63.2643025673046,14.3310376491784,63.2643025673046,"Tularemia"
"256046374.174",2010-10-04,2010-09-27,4,256046374,"38","256046374","P7D","http://aido.bsvgateway.org/api/locations/256046374/","Jämtland","Jämtland, Sweden","State","http://aido.bsvgateway.org/api/locations/156539085/",14.3310376491784,14.3310376491784,63.2643025673046,"Tularemia"
"256046374.175",2010-10-11,2010-10-04,2,256046374,"38","256046374","P7D","http://aido.bsvgateway.org/api/locations/256046374/","Jämtland","Jämtland, Sweden","State","http://aido.bsvgateway.org/api/locations/156539085/",63.2643025673046,14.3310376491784,63.2643025673046,"Tularemia"
"256046374.176",2010-10-18,2010-10-11,3,256046374,"38","256046374","P7D","http://aido.bsvgateway.org/api/locations/256046374/","Jämtland","Jämtland, Sweden","State","http://aido.bsvgateway.org/api/locations/156539085/",14.3310376491784,14.3310376491784,63.2643025673046,"Tularemia"
"256046374.177",2010-10-25,2010-10-18,2,256046374,"38","256046374","P7D","http://aido.bsvgateway.org/api/locations/256046374/","Jämtland","Jämtland, Sweden","State","http://aido.bsvgateway.org/api/locations/156539085/",63.2643025673046,14.3310376491784,63.2643025673046,"Tularemia"
"256046374.178",2010-11-01,2010-10-25,2,256046374,"38","256046374","P7D","http://aido.bsvgateway.org/api/locations/256046374/","Jämtland","Jämtland, Sweden","State","http://aido.bsvgateway.org/api/locations/156539085/",14.3310376491784,14.3310376491784,63.2643025673046,"Tularemia"
"263703205.89",2011-02-01,2011-01-01,3,263703205,"38","263703205","P1M","http://aido.bsvgateway.org/api/locations/263703205/","Norway","Norway","Country","http://aido.bsvgateway.org/api/locations/216709393/",68.7942729200572,15.4095991559425,68.7942729200572,"Tularemia"
"263703205.90",2011-03-01,2011-02-01,6,263703205,"38","263703205","P1M","http://aido.bsvgateway.org/api/locations/263703205/","Norway","Norway","Country","http://aido.bsvgateway.org/api/locations/216709393/",15.4095991559425,15.4095991559425,68.7942729200572,"Tularemia"
"263703205.91",2011-04-01,2011-03-01,6,263703205,"38","263703205","P1M","http://aido.bsvgateway.org/api/locations/263703205/","Norway","Norway","Country","http://aido.bsvgateway.org/api/locations/216709393/",68.7942729200572,15.4095991559425,68.7942729200572,"Tularemia"
"263703205.92",2011-05-01,2011-04-01,3,263703205,"38","263703205","P1M","http://aido.bsvgateway.org/api/locations/263703205/","Norway","Norway","Country","http://aido.bsvgateway.org/api/locations/216709393/",15.4095991559425,15.4095991559425,68.7942729200572,"Tularemia"
"263703205.93",2011-06-01,2011-05-01,2,263703205,"38","263703205","P1M","http://aido.bsvgateway.org/api/locations/263703205/","Norway","Norway","Country","http://aido.bsvgateway.org/api/locations/216709393/",68.7942729200572,15.4095991559425,68.7942729200572,"Tularemia"
"263703205.94",2011-07-01,2011-06-01,2,263703205,"38","263703205","P1M","http://aido.bsvgateway.org/api/locations/263703205/","Norway","Norway","Country","http://aido.bsvgateway.org/api/locations/216709393/",15.4095991559425,15.4095991559425,68.7942729200572,"Tularemia"
"263703205.95",2011-08-01,2011-07-01,2,263703205,"38","263703205","P1M","http://aido.bsvgateway.org/api/locations/263703205/","Norway","Norway","Country","http://aido.bsvgateway.org/api/locations/216709393/",68.7942729200572,15.4095991559425,68.7942729200572,"Tularemia"
"263703205.96",2011-09-01,2011-08-01,5,263703205,"38","263703205","P1M","http://aido.bsvgateway.org/api/locations/263703205/","Norway","Norway","Country","http://aido.bsvgateway.org/api/locations/216709393/",15.4095991559425,15.4095991559425,68.7942729200572,"Tularemia"
"263703205.97",2011-10-01,2011-09-01,4,263703205,"38","263703205","P1M","http://aido.bsvgateway.org/api/locations/263703205/","Norway","Norway","Country","http://aido.bsvgateway.org/api/locations/216709393/",68.7942729200572,15.4095991559425,68.7942729200572,"Tularemia"
"263703205.98",2011-11-01,2011-10-01,5,263703205,"38","263703205","P1M","http://aido.bsvgateway.org/api/locations/263703205/","Norway","Norway","Country","http://aido.bsvgateway.org/api/locations/216709393/",15.4095991559425,15.4095991559425,68.7942729200572,"Tularemia"
"263703205.99",2011-12-01,2011-11-01,11,263703205,"38","263703205","P1M","http://aido.bsvgateway.org/api/locations/263703205/","Norway","Norway","Country","http://aido.bsvgateway.org/api/locations/216709393/",68.7942729200572,15.4095991559425,68.7942729200572,"Tularemia"
"263703205.100",2012-01-01,2011-12-01,8,263703205,"38","263703205","P1M","http://aido.bsvgateway.org/api/locations/263703205/","Norway","Norway","Country","http://aido.bsvgateway.org/api/locations/216709393/",15.4095991559425,15.4095991559425,68.7942729200572,"Tularemia"
"5346084.77",1999-08-01,1999-07-01,0,5346084,"38","5346084","P1M","http://aido.bsvgateway.org/api/locations/5346084/","Kosovo","Kosovo","Country","http://aido.bsvgateway.org/api/locations/216709393/",42.5728833561224,20.8737429775439,42.5728833561224,"Tularemia"
"5346084.78",1999-09-01,1999-08-01,0,5346084,"38","5346084","P1M","http://aido.bsvgateway.org/api/locations/5346084/","Kosovo","Kosovo","Country","http://aido.bsvgateway.org/api/locations/216709393/",20.8737429775439,20.8737429775439,42.5728833561224,"Tularemia"
"5346084.79",1999-10-01,1999-09-01,0,5346084,"38","5346084","P1M","http://aido.bsvgateway.org/api/locations/5346084/","Kosovo","Kosovo","Country","http://aido.bsvgateway.org/api/locations/216709393/",42.5728833561224,20.8737429775439,42.5728833561224,"Tularemia"
"5346084.80",1999-11-01,1999-10-01,5,5346084,"38","5346084","P1M","http://aido.bsvgateway.org/api/locations/5346084/","Kosovo","Kosovo","Country","http://aido.bsvgateway.org/api/locations/216709393/",20.8737429775439,20.8737429775439,42.5728833561224,"Tularemia"
"5346084.81",1999-12-01,1999-11-01,15,5346084,"38","5346084","P1M","http://aido.bsvgateway.org/api/locations/5346084/","Kosovo","Kosovo","Country","http://aido.bsvgateway.org/api/locations/216709393/",42.5728833561224,20.8737429775439,42.5728833561224,"Tularemia"
"5346084.82",2000-01-01,1999-12-01,55,5346084,"38","5346084","P1M","http://aido.bsvgateway.org/api/locations/5346084/","Kosovo","Kosovo","Country","http://aido.bsvgateway.org/api/locations/216709393/",20.8737429775439,20.8737429775439,42.5728833561224,"Tularemia"
"5346084.83",2000-02-01,2000-01-01,89,5346084,"38","5346084","P1M","http://aido.bsvgateway.org/api/locations/5346084/","Kosovo","Kosovo","Country","http://aido.bsvgateway.org/api/locations/216709393/",42.5728833561224,20.8737429775439,42.5728833561224,"Tularemia"
"5346084.84",2000-03-01,2000-02-01,48,5346084,"38","5346084","P1M","http://aido.bsvgateway.org/api/locations/5346084/","Kosovo","Kosovo","Country","http://aido.bsvgateway.org/api/locations/216709393/",20.8737429775439,20.8737429775439,42.5728833561224,"Tularemia"
"5346084.85",2000-04-01,2000-03-01,24,5346084,"38","5346084","P1M","http://aido.bsvgateway.org/api/locations/5346084/","Kosovo","Kosovo","Country","http://aido.bsvgateway.org/api/locations/216709393/",42.5728833561224,20.8737429775439,42.5728833561224,"Tularemia"
"5346084.86",2000-05-01,2000-04-01,10,5346084,"38","5346084","P1M","http://aido.bsvgateway.org/api/locations/5346084/","Kosovo","Kosovo","Country","http://aido.bsvgateway.org/api/locations/216709393/",20.8737429775439,20.8737429775439,42.5728833561224,"Tularemia"
"5346084.87",2000-06-01,2000-05-01,1,5346084,"38","5346084","P1M","http://aido.bsvgateway.org/api/locations/5346084/","Kosovo","Kosovo","Country","http://aido.bsvgateway.org/api/locations/216709393/",42.5728833561224,20.8737429775439,42.5728833561224,"Tularemia"
"5346084.88",2000-07-01,2000-06-01,0,5346084,"38","5346084","P1M","http://aido.bsvgateway.org/api/locations/5346084/","Kosovo","Kosovo","Country","http://aido.bsvgateway.org/api/locations/216709393/",20.8737429775439,20.8737429775439,42.5728833561224,"Tularemia"
"60806876.36",2001-10-01,2001-09-01,10,60806876,"38","60806876","P1M","http://aido.bsvgateway.org/api/locations/60806876/","Turkey","Turkey","Country","http://aido.bsvgateway.org/api/locations/20359812/",39.0610805909994,35.1672394263075,39.0610805909994,"Tularemia"
"60806876.37",2001-11-01,2001-10-01,1,60806876,"38","60806876","P1M","http://aido.bsvgateway.org/api/locations/60806876/","Turkey","Turkey","Country","http://aido.bsvgateway.org/api/locations/20359812/",35.1672394263075,35.1672394263075,39.0610805909994,"Tularemia"
"60806876.38",2001-12-01,2001-11-01,2,60806876,"38","60806876","P1M","http://aido.bsvgateway.org/api/locations/60806876/","Turkey","Turkey","Country","http://aido.bsvgateway.org/api/locations/20359812/",39.0610805909994,35.1672394263075,39.0610805909994,"Tularemia"
"60806876.39",2002-01-01,2001-12-01,1,60806876,"38","60806876","P1M","http://aido.bsvgateway.org/api/locations/60806876/","Turkey","Turkey","Country","http://aido.bsvgateway.org/api/locations/20359812/",35.1672394263075,35.1672394263075,39.0610805909994,"Tularemia"
"60806876.40",2010-02-01,2010-01-01,18,60806876,"38","60806876","P1M","http://aido.bsvgateway.org/api/locations/60806876/","Turkey","Turkey","Country","http://aido.bsvgateway.org/api/locations/20359812/",39.0610805909994,35.1672394263075,39.0610805909994,"Tularemia"
"60806876.41",2010-03-01,2010-02-01,24,60806876,"38","60806876","P1M","http://aido.bsvgateway.org/api/locations/60806876/","Turkey","Turkey","Country","http://aido.bsvgateway.org/api/locations/20359812/",35.1672394263075,35.1672394263075,39.0610805909994,"Tularemia"
"60806876.42",2010-04-01,2010-03-01,20,60806876,"38","60806876","P1M","http://aido.bsvgateway.org/api/locations/60806876/","Turkey","Turkey","Country","http://aido.bsvgateway.org/api/locations/20359812/",39.0610805909994,35.1672394263075,39.0610805909994,"Tularemia"
"60806876.43",2010-05-01,2010-04-01,16,60806876,"38","60806876","P1M","http://aido.bsvgateway.org/api/locations/60806876/","Turkey","Turkey","Country","http://aido.bsvgateway.org/api/locations/20359812/",35.1672394263075,35.1672394263075,39.0610805909994,"Tularemia"
"60806876.44",2010-06-01,2010-05-01,6,60806876,"38","60806876","P1M","http://aido.bsvgateway.org/api/locations/60806876/","Turkey","Turkey","Country","http://aido.bsvgateway.org/api/locations/20359812/",39.0610805909994,35.1672394263075,39.0610805909994,"Tularemia"
"60806876.45",2010-07-01,2010-06-01,1,60806876,"38","60806876","P1M","http://aido.bsvgateway.org/api/locations/60806876/","Turkey","Turkey","Country","http://aido.bsvgateway.org/api/locations/20359812/",35.1672394263075,35.1672394263075,39.0610805909994,"Tularemia"
"60806876.46",2010-08-01,2010-07-01,3,60806876,"38","60806876","P1M","http://aido.bsvgateway.org/api/locations/60806876/","Turkey","Turkey","Country","http://aido.bsvgateway.org/api/locations/20359812/",39.0610805909994,35.1672394263075,39.0610805909994,"Tularemia"
"60806876.47",2010-09-01,2010-08-01,2,60806876,"38","60806876","P1M","http://aido.bsvgateway.org/api/locations/60806876/","Turkey","Turkey","Country","http://aido.bsvgateway.org/api/locations/20359812/",35.1672394263075,35.1672394263075,39.0610805909994,"Tularemia"
"60806876.48",2010-10-01,2010-09-01,1,60806876,"38","60806876","P1M","http://aido.bsvgateway.org/api/locations/60806876/","Turkey","Turkey","Country","http://aido.bsvgateway.org/api/locations/20359812/",39.0610805909994,35.1672394263075,39.0610805909994,"Tularemia"
"60806876.49",2010-11-01,2010-10-01,1,60806876,"38","60806876","P1M","http://aido.bsvgateway.org/api/locations/60806876/","Turkey","Turkey","Country","http://aido.bsvgateway.org/api/locations/20359812/",35.1672394263075,35.1672394263075,39.0610805909994,"Tularemia"
"60806876.50",2010-12-01,2010-11-01,5,60806876,"38","60806876","P1M","http://aido.bsvgateway.org/api/locations/60806876/","Turkey","Turkey","Country","http://aido.bsvgateway.org/api/locations/20359812/",39.0610805909994,35.1672394263075,39.0610805909994,"Tularemia"
"60806876.51",2011-01-01,2010-12-01,16,60806876,"38","60806876","P1M","http://aido.bsvgateway.org/api/locations/60806876/","Turkey","Turkey","Country","http://aido.bsvgateway.org/api/locations/20359812/",35.1672394263075,35.1672394263075,39.0610805909994,"Tularemia"
"60806876.52",2013-07-08,2013-07-01,15,60806876,"38","60806876","P7D","http://aido.bsvgateway.org/api/locations/60806876/","Turkey","Turkey","Country","http://aido.bsvgateway.org/api/locations/20359812/",39.0610805909994,35.1672394263075,39.0610805909994,"Tularemia"
"60806876.53",2013-07-15,2013-07-08,11,60806876,"38","60806876","P7D","http://aido.bsvgateway.org/api/locations/60806876/","Turkey","Turkey","Country","http://aido.bsvgateway.org/api/locations/20359812/",35.1672394263075,35.1672394263075,39.0610805909994,"Tularemia"
"60806876.54",2013-07-22,2013-07-15,34,60806876,"38","60806876","P7D","http://aido.bsvgateway.org/api/locations/60806876/","Turkey","Turkey","Country","http://aido.bsvgateway.org/api/locations/20359812/",39.0610805909994,35.1672394263075,39.0610805909994,"Tularemia"
"60806876.55",2013-07-29,2013-07-22,11,60806876,"38","60806876","P7D","http://aido.bsvgateway.org/api/locations/60806876/","Turkey","Turkey","Country","http://aido.bsvgateway.org/api/locations/20359812/",35.1672394263075,35.1672394263075,39.0610805909994,"Tularemia"
"60806876.56",2013-08-05,2013-07-29,3,60806876,"38","60806876","P7D","http://aido.bsvgateway.org/api/locations/60806876/","Turkey","Turkey","Country","http://aido.bsvgateway.org/api/locations/20359812/",39.0610805909994,35.1672394263075,39.0610805909994,"Tularemia"
"60806876.57",2013-08-12,2013-08-05,6,60806876,"38","60806876","P7D","http://aido.bsvgateway.org/api/locations/60806876/","Turkey","Turkey","Country","http://aido.bsvgateway.org/api/locations/20359812/",35.1672394263075,35.1672394263075,39.0610805909994,"Tularemia"
"60806876.58",2013-08-19,2013-08-12,3,60806876,"38","60806876","P7D","http://aido.bsvgateway.org/api/locations/60806876/","Turkey","Turkey","Country","http://aido.bsvgateway.org/api/locations/20359812/",39.0610805909994,35.1672394263075,39.0610805909994,"Tularemia"
"60806876.59",2013-08-26,2013-08-19,3,60806876,"38","60806876","P7D","http://aido.bsvgateway.org/api/locations/60806876/","Turkey","Turkey","Country","http://aido.bsvgateway.org/api/locations/20359812/",35.1672394263075,35.1672394263075,39.0610805909994,"Tularemia"
"69870691.101",1997-07-20,1997-07-13,6,69870691,"38","69870691","P7D","http://aido.bsvgateway.org/api/locations/69870691/","Spain","Spain","Country","http://aido.bsvgateway.org/api/locations/216709393/",40.2272337134656,-3.65263701339604,40.2272337134656,"Tularemia"
"69870691.102",1997-07-27,1997-07-20,8,69870691,"38","69870691","P7D","http://aido.bsvgateway.org/api/locations/69870691/","Spain","Spain","Country","http://aido.bsvgateway.org/api/locations/216709393/",-3.65263701339604,-3.65263701339604,40.2272337134656,"Tularemia"
"69870691.103",1997-08-03,1997-07-27,3,69870691,"38","69870691","P7D","http://aido.bsvgateway.org/api/locations/69870691/","Spain","Spain","Country","http://aido.bsvgateway.org/api/locations/216709393/",40.2272337134656,-3.65263701339604,40.2272337134656,"Tularemia"
"69870691.104",1997-08-10,1997-08-03,1,69870691,"38","69870691","P7D","http://aido.bsvgateway.org/api/locations/69870691/","Spain","Spain","Country","http://aido.bsvgateway.org/api/locations/216709393/",-3.65263701339604,-3.65263701339604,40.2272337134656,"Tularemia"
"69870691.105",2007-05-21,2007-05-14,3,69870691,"38","69870691","P7D","http://aido.bsvgateway.org/api/locations/69870691/","Spain","Spain","Country","http://aido.bsvgateway.org/api/locations/216709393/",40.2272337134656,-3.65263701339604,40.2272337134656,"Tularemia"
"69870691.106",2007-05-28,2007-05-21,1,69870691,"38","69870691","P7D","http://aido.bsvgateway.org/api/locations/69870691/","Spain","Spain","Country","http://aido.bsvgateway.org/api/locations/216709393/",-3.65263701339604,-3.65263701339604,40.2272337134656,"Tularemia"
"69870691.107",2007-06-04,2007-05-28,5,69870691,"38","69870691","P7D","http://aido.bsvgateway.org/api/locations/69870691/","Spain","Spain","Country","http://aido.bsvgateway.org/api/locations/216709393/",40.2272337134656,-3.65263701339604,40.2272337134656,"Tularemia"
"69870691.108",2007-06-11,2007-06-04,4,69870691,"38","69870691","P7D","http://aido.bsvgateway.org/api/locations/69870691/","Spain","Spain","Country","http://aido.bsvgateway.org/api/locations/216709393/",-3.65263701339604,-3.65263701339604,40.2272337134656,"Tularemia"
"69870691.109",2007-06-18,2007-06-11,9,69870691,"38","69870691","P7D","http://aido.bsvgateway.org/api/locations/69870691/","Spain","Spain","Country","http://aido.bsvgateway.org/api/locations/216709393/",40.2272337134656,-3.65263701339604,40.2272337134656,"Tularemia"
"69870691.110",2007-06-25,2007-06-18,14,69870691,"38","69870691","P7D","http://aido.bsvgateway.org/api/locations/69870691/","Spain","Spain","Country","http://aido.bsvgateway.org/api/locations/216709393/",-3.65263701339604,-3.65263701339604,40.2272337134656,"Tularemia"
"69870691.111",2007-07-02,2007-06-25,21,69870691,"38","69870691","P7D","http://aido.bsvgateway.org/api/locations/69870691/","Spain","Spain","Country","http://aido.bsvgateway.org/api/locations/216709393/",40.2272337134656,-3.65263701339604,40.2272337134656,"Tularemia"
"69870691.112",2007-07-09,2007-07-02,52,69870691,"38","69870691","P7D","http://aido.bsvgateway.org/api/locations/69870691/","Spain","Spain","Country","http://aido.bsvgateway.org/api/locations/216709393/",-3.65263701339604,-3.65263701339604,40.2272337134656,"Tularemia"
"69870691.113",2007-07-16,2007-07-09,61,69870691,"38","69870691","P7D","http://aido.bsvgateway.org/api/locations/69870691/","Spain","Spain","Country","http://aido.bsvgateway.org/api/locations/216709393/",40.2272337134656,-3.65263701339604,40.2272337134656,"Tularemia"
"69870691.114",2007-07-23,2007-07-16,68,69870691,"38","69870691","P7D","http://aido.bsvgateway.org/api/locations/69870691/","Spain","Spain","Country","http://aido.bsvgateway.org/api/locations/216709393/",-3.65263701339604,-3.65263701339604,40.2272337134656,"Tularemia"
"69870691.115",2007-07-30,2007-07-23,34,69870691,"38","69870691","P7D","http://aido.bsvgateway.org/api/locations/69870691/","Spain","Spain","Country","http://aido.bsvgateway.org/api/locations/216709393/",40.2272337134656,-3.65263701339604,40.2272337134656,"Tularemia"
"69870691.116",2007-08-06,2007-07-30,28,69870691,"38","69870691","P7D","http://aido.bsvgateway.org/api/locations/69870691/","Spain","Spain","Country","http://aido.bsvgateway.org/api/locations/216709393/",-3.65263701339604,-3.65263701339604,40.2272337134656,"Tularemia"
"69870691.117",2007-08-13,2007-08-06,20,69870691,"38","69870691","P7D","http://aido.bsvgateway.org/api/locations/69870691/","Spain","Spain","Country","http://aido.bsvgateway.org/api/locations/216709393/",40.2272337134656,-3.65263701339604,40.2272337134656,"Tularemia"
"69870691.118",2007-08-20,2007-08-13,18,69870691,"38","69870691","P7D","http://aido.bsvgateway.org/api/locations/69870691/","Spain","Spain","Country","http://aido.bsvgateway.org/api/locations/216709393/",-3.65263701339604,-3.65263701339604,40.2272337134656,"Tularemia"
"69870691.119",2007-08-27,2007-08-20,15,69870691,"38","69870691","P7D","http://aido.bsvgateway.org/api/locations/69870691/","Spain","Spain","Country","http://aido.bsvgateway.org/api/locations/216709393/",40.2272337134656,-3.65263701339604,40.2272337134656,"Tularemia"
"69870691.120",2007-09-03,2007-08-27,5,69870691,"38","69870691","P7D","http://aido.bsvgateway.org/api/locations/69870691/","Spain","Spain","Country","http://aido.bsvgateway.org/api/locations/216709393/",-3.65263701339604,-3.65263701339604,40.2272337134656,"Tularemia"
"69870691.121",2007-09-10,2007-09-03,11,69870691,"38","69870691","P7D","http://aido.bsvgateway.org/api/locations/69870691/","Spain","Spain","Country","http://aido.bsvgateway.org/api/locations/216709393/",40.2272337134656,-3.65263701339604,40.2272337134656,"Tularemia"
"69870691.122",2007-09-17,2007-09-10,23,69870691,"38","69870691","P7D","http://aido.bsvgateway.org/api/locations/69870691/","Spain","Spain","Country","http://aido.bsvgateway.org/api/locations/216709393/",-3.65263701339604,-3.65263701339604,40.2272337134656,"Tularemia"
"69870691.123",2007-09-24,2007-09-17,14,69870691,"38","69870691","P7D","http://aido.bsvgateway.org/api/locations/69870691/","Spain","Spain","Country","http://aido.bsvgateway.org/api/locations/216709393/",40.2272337134656,-3.65263701339604,40.2272337134656,"Tularemia"
"69870691.124",2007-10-01,2007-09-24,13,69870691,"38","69870691","P7D","http://aido.bsvgateway.org/api/locations/69870691/","Spain","Spain","Country","http://aido.bsvgateway.org/api/locations/216709393/",-3.65263701339604,-3.65263701339604,40.2272337134656,"Tularemia"
"69870691.125",2007-10-08,2007-10-01,10,69870691,"38","69870691","P7D","http://aido.bsvgateway.org/api/locations/69870691/","Spain","Spain","Country","http://aido.bsvgateway.org/api/locations/216709393/",40.2272337134656,-3.65263701339604,40.2272337134656,"Tularemia"
"69870691.126",2007-10-15,2007-10-08,12,69870691,"38","69870691","P7D","http://aido.bsvgateway.org/api/locations/69870691/","Spain","Spain","Country","http://aido.bsvgateway.org/api/locations/216709393/",-3.65263701339604,-3.65263701339604,40.2272337134656,"Tularemia"
"69870691.127",2007-10-22,2007-10-15,12,69870691,"38","69870691","P7D","http://aido.bsvgateway.org/api/locations/69870691/","Spain","Spain","Country","http://aido.bsvgateway.org/api/locations/216709393/",40.2272337134656,-3.65263701339604,40.2272337134656,"Tularemia"
"69870691.128",2007-10-29,2007-10-22,18,69870691,"38","69870691","P7D","http://aido.bsvgateway.org/api/locations/69870691/","Spain","Spain","Country","http://aido.bsvgateway.org/api/locations/216709393/",-3.65263701339604,-3.65263701339604,40.2272337134656,"Tularemia"
"69870691.129",2007-11-05,2007-10-29,3,69870691,"38","69870691","P7D","http://aido.bsvgateway.org/api/locations/69870691/","Spain","Spain","Country","http://aido.bsvgateway.org/api/locations/216709393/",40.2272337134656,-3.65263701339604,40.2272337134656,"Tularemia"
"69870691.130",2007-11-12,2007-11-05,6,69870691,"38","69870691","P7D","http://aido.bsvgateway.org/api/locations/69870691/","Spain","Spain","Country","http://aido.bsvgateway.org/api/locations/216709393/",-3.65263701339604,-3.65263701339604,40.2272337134656,"Tularemia"
"69870691.131",2007-11-19,2007-11-12,5,69870691,"38","69870691","P7D","http://aido.bsvgateway.org/api/locations/69870691/","Spain","Spain","Country","http://aido.bsvgateway.org/api/locations/216709393/",40.2272337134656,-3.65263701339604,40.2272337134656,"Tularemia"
"69870691.132",2007-11-26,2007-11-19,2,69870691,"38","69870691","P7D","http://aido.bsvgateway.org/api/locations/69870691/","Spain","Spain","Country","http://aido.bsvgateway.org/api/locations/216709393/",-3.65263701339604,-3.65263701339604,40.2272337134656,"Tularemia"
"69870691.133",2007-12-03,2007-11-26,1,69870691,"38","69870691","P7D","http://aido.bsvgateway.org/api/locations/69870691/","Spain","Spain","Country","http://aido.bsvgateway.org/api/locations/216709393/",40.2272337134656,-3.65263701339604,40.2272337134656,"Tularemia"
"69870691.134",2007-12-10,2007-12-03,5,69870691,"38","69870691","P7D","http://aido.bsvgateway.org/api/locations/69870691/","Spain","Spain","Country","http://aido.bsvgateway.org/api/locations/216709393/",-3.65263701339604,-3.65263701339604,40.2272337134656,"Tularemia"
"69870691.135",2007-12-17,2007-12-10,6,69870691,"38","69870691","P7D","http://aido.bsvgateway.org/api/locations/69870691/","Spain","Spain","Country","http://aido.bsvgateway.org/api/locations/216709393/",40.2272337134656,-3.65263701339604,40.2272337134656,"Tularemia"
"69870691.136",2007-12-24,2007-12-17,2,69870691,"38","69870691","P7D","http://aido.bsvgateway.org/api/locations/69870691/","Spain","Spain","Country","http://aido.bsvgateway.org/api/locations/216709393/",-3.65263701339604,-3.65263701339604,40.2272337134656,"Tularemia"
"69870691.137",2007-12-31,2007-12-24,2,69870691,"38","69870691","P7D","http://aido.bsvgateway.org/api/locations/69870691/","Spain","Spain","Country","http://aido.bsvgateway.org/api/locations/216709393/",40.2272337134656,-3.65263701339604,40.2272337134656,"Tularemia"
"74921528.179",2015-06-01,2015-05-01,3,74921528,"38","74921528","P1M","http://aido.bsvgateway.org/api/locations/74921528/","Colorado","Colorado, United States of America","State","http://aido.bsvgateway.org/api/locations/113309883/",38.9991444969154,-105.546755322633,38.9991444969154,"Tularemia"
"74921528.180",2015-07-01,2015-06-01,12,74921528,"38","74921528","P1M","http://aido.bsvgateway.org/api/locations/74921528/","Colorado","Colorado, United States of America","State","http://aido.bsvgateway.org/api/locations/113309883/",-105.546755322633,-105.546755322633,38.9991444969154,"Tularemia"
"74921528.181",2015-08-01,2015-07-01,8,74921528,"38","74921528","P1M","http://aido.bsvgateway.org/api/locations/74921528/","Colorado","Colorado, United States of America","State","http://aido.bsvgateway.org/api/locations/113309883/",38.9991444969154,-105.546755322633,38.9991444969154,"Tularemia"
"74921528.182",2015-09-01,2015-08-01,17,74921528,"38","74921528","P1M","http://aido.bsvgateway.org/api/locations/74921528/","Colorado","Colorado, United States of America","State","http://aido.bsvgateway.org/api/locations/113309883/",-105.546755322633,-105.546755322633,38.9991444969154,"Tularemia"
"74921528.183",2015-10-01,2015-09-01,8,74921528,"38","74921528","P1M","http://aido.bsvgateway.org/api/locations/74921528/","Colorado","Colorado, United States of America","State","http://aido.bsvgateway.org/api/locations/113309883/",38.9991444969154,-105.546755322633,38.9991444969154,"Tularemia"
"74921528.184",2015-11-01,2015-10-01,2,74921528,"38","74921528","P1M","http://aido.bsvgateway.org/api/locations/74921528/","Colorado","Colorado, United States of America","State","http://aido.bsvgateway.org/api/locations/113309883/",-105.546755322633,-105.546755322633,38.9991444969154,"Tularemia"
"74921528.185",2015-12-01,2015-11-01,1,74921528,"38","74921528","P1M","http://aido.bsvgateway.org/api/locations/74921528/","Colorado","Colorado, United States of America","State","http://aido.bsvgateway.org/api/locations/113309883/",38.9991444969154,-105.546755322633,38.9991444969154,"Tularemia"
"74921528.186",2016-01-01,2015-12-01,1,74921528,"38","74921528","P1M","http://aido.bsvgateway.org/api/locations/74921528/","Colorado","Colorado, United States of America","State","http://aido.bsvgateway.org/api/locations/113309883/",-105.546755322633,-105.546755322633,38.9991444969154,"Tularemia"
