"","end","start","value","id","disease","location","duration","url","name","full_name","admin_level_name","parent","centroid_lat_long","longitude","latitude","disease_name"
"112245735.7",2012-01-09,2012-01-02,1,112245735,"79","112245735","P7D","http://aido.bsvgateway.org/api/locations/112245735/","Ebonyi","Ebonyi, Nigeria","State","http://aido.bsvgateway.org/api/locations/125801471/",6.2658435656205,8.00185754347804,6.2658435656205,"Lassa Fever"
"112245735.8",2012-01-16,2012-01-09,5,112245735,"79","112245735","P7D","http://aido.bsvgateway.org/api/locations/112245735/","Ebonyi","Ebonyi, Nigeria","State","http://aido.bsvgateway.org/api/locations/125801471/",8.00185754347804,8.00185754347804,6.2658435656205,"Lassa Fever"
"112245735.9",2012-01-23,2012-01-16,3,112245735,"79","112245735","P7D","http://aido.bsvgateway.org/api/locations/112245735/","Ebonyi","Ebonyi, Nigeria","State","http://aido.bsvgateway.org/api/locations/125801471/",6.2658435656205,8.00185754347804,6.2658435656205,"Lassa Fever"
"112245735.10",2012-01-30,2012-01-23,2,112245735,"79","112245735","P7D","http://aido.bsvgateway.org/api/locations/112245735/","Ebonyi","Ebonyi, Nigeria","State","http://aido.bsvgateway.org/api/locations/125801471/",8.00185754347804,8.00185754347804,6.2658435656205,"Lassa Fever"
"112245735.11",2012-02-06,2012-01-30,2,112245735,"79","112245735","P7D","http://aido.bsvgateway.org/api/locations/112245735/","Ebonyi","Ebonyi, Nigeria","State","http://aido.bsvgateway.org/api/locations/125801471/",6.2658435656205,8.00185754347804,6.2658435656205,"Lassa Fever"
"112245735.12",2012-02-13,2012-02-06,1,112245735,"79","112245735","P7D","http://aido.bsvgateway.org/api/locations/112245735/","Ebonyi","Ebonyi, Nigeria","State","http://aido.bsvgateway.org/api/locations/125801471/",8.00185754347804,8.00185754347804,6.2658435656205,"Lassa Fever"
"112245735.13",2012-02-20,2012-02-13,1,112245735,"79","112245735","P7D","http://aido.bsvgateway.org/api/locations/112245735/","Ebonyi","Ebonyi, Nigeria","State","http://aido.bsvgateway.org/api/locations/125801471/",6.2658435656205,8.00185754347804,6.2658435656205,"Lassa Fever"
"112245735.14",2012-02-27,2012-02-20,1,112245735,"79","112245735","P7D","http://aido.bsvgateway.org/api/locations/112245735/","Ebonyi","Ebonyi, Nigeria","State","http://aido.bsvgateway.org/api/locations/125801471/",8.00185754347804,8.00185754347804,6.2658435656205,"Lassa Fever"
"112245735.15",2012-03-05,2012-02-27,1,112245735,"79","112245735","P7D","http://aido.bsvgateway.org/api/locations/112245735/","Ebonyi","Ebonyi, Nigeria","State","http://aido.bsvgateway.org/api/locations/125801471/",6.2658435656205,8.00185754347804,6.2658435656205,"Lassa Fever"
"112245735.16",2012-03-12,2012-03-05,1,112245735,"79","112245735","P7D","http://aido.bsvgateway.org/api/locations/112245735/","Ebonyi","Ebonyi, Nigeria","State","http://aido.bsvgateway.org/api/locations/125801471/",8.00185754347804,8.00185754347804,6.2658435656205,"Lassa Fever"
"112245735.17",2012-03-19,2012-03-12,0,112245735,"79","112245735","P7D","http://aido.bsvgateway.org/api/locations/112245735/","Ebonyi","Ebonyi, Nigeria","State","http://aido.bsvgateway.org/api/locations/125801471/",6.2658435656205,8.00185754347804,6.2658435656205,"Lassa Fever"
"112245735.18",2012-03-26,2012-03-19,1,112245735,"79","112245735","P7D","http://aido.bsvgateway.org/api/locations/112245735/","Ebonyi","Ebonyi, Nigeria","State","http://aido.bsvgateway.org/api/locations/125801471/",8.00185754347804,8.00185754347804,6.2658435656205,"Lassa Fever"
"112245735.19",2012-04-02,2012-03-26,1,112245735,"79","112245735","P7D","http://aido.bsvgateway.org/api/locations/112245735/","Ebonyi","Ebonyi, Nigeria","State","http://aido.bsvgateway.org/api/locations/125801471/",6.2658435656205,8.00185754347804,6.2658435656205,"Lassa Fever"
"125801471.1",2012-02-01,2012-01-01,164,125801471,"79","125801471","P1M","http://aido.bsvgateway.org/api/locations/125801471/","Nigeria","Nigeria","Country","http://aido.bsvgateway.org/api/locations/93632501/",9.59531482374172,8.09123927154669,9.59531482374172,"Lassa Fever"
"125801471.2",2012-03-01,2012-02-01,355,125801471,"79","125801471","P1M","http://aido.bsvgateway.org/api/locations/125801471/","Nigeria","Nigeria","Country","http://aido.bsvgateway.org/api/locations/93632501/",8.09123927154669,8.09123927154669,9.59531482374172,"Lassa Fever"
"125801471.3",2012-04-01,2012-03-01,189,125801471,"79","125801471","P1M","http://aido.bsvgateway.org/api/locations/125801471/","Nigeria","Nigeria","Country","http://aido.bsvgateway.org/api/locations/93632501/",9.59531482374172,8.09123927154669,9.59531482374172,"Lassa Fever"
"125801471.4",2012-05-01,2012-04-01,160,125801471,"79","125801471","P1M","http://aido.bsvgateway.org/api/locations/125801471/","Nigeria","Nigeria","Country","http://aido.bsvgateway.org/api/locations/93632501/",8.09123927154669,8.09123927154669,9.59531482374172,"Lassa Fever"
"125801471.5",2012-06-01,2012-05-01,39,125801471,"79","125801471","P1M","http://aido.bsvgateway.org/api/locations/125801471/","Nigeria","Nigeria","Country","http://aido.bsvgateway.org/api/locations/93632501/",9.59531482374172,8.09123927154669,9.59531482374172,"Lassa Fever"
"125801471.6",2012-07-01,2012-06-01,24,125801471,"79","125801471","P1M","http://aido.bsvgateway.org/api/locations/125801471/","Nigeria","Nigeria","Country","http://aido.bsvgateway.org/api/locations/93632501/",8.09123927154669,8.09123927154669,9.59531482374172,"Lassa Fever"
"19904816.20",1970-01-12,1970-01-11,1,19904816,"79","19904816","P1D","http://aido.bsvgateway.org/api/locations/19904816/","Jos","Jos, Plateau, Nigeria","City","http://aido.bsvgateway.org/api/locations/260361556/",9.92997731092851,8.89004438826948,9.92997731092851,"Lassa Fever"
"19904816.21",1970-01-13,1970-01-12,0,19904816,"79","19904816","P1D","http://aido.bsvgateway.org/api/locations/19904816/","Jos","Jos, Plateau, Nigeria","City","http://aido.bsvgateway.org/api/locations/260361556/",8.89004438826948,8.89004438826948,9.92997731092851,"Lassa Fever"
"19904816.22",1970-01-14,1970-01-13,1,19904816,"79","19904816","P1D","http://aido.bsvgateway.org/api/locations/19904816/","Jos","Jos, Plateau, Nigeria","City","http://aido.bsvgateway.org/api/locations/260361556/",9.92997731092851,8.89004438826948,9.92997731092851,"Lassa Fever"
"19904816.23",1970-01-15,1970-01-14,0,19904816,"79","19904816","P1D","http://aido.bsvgateway.org/api/locations/19904816/","Jos","Jos, Plateau, Nigeria","City","http://aido.bsvgateway.org/api/locations/260361556/",8.89004438826948,8.89004438826948,9.92997731092851,"Lassa Fever"
"19904816.24",1970-01-16,1970-01-15,3,19904816,"79","19904816","P1D","http://aido.bsvgateway.org/api/locations/19904816/","Jos","Jos, Plateau, Nigeria","City","http://aido.bsvgateway.org/api/locations/260361556/",9.92997731092851,8.89004438826948,9.92997731092851,"Lassa Fever"
"19904816.25",1970-01-17,1970-01-16,2,19904816,"79","19904816","P1D","http://aido.bsvgateway.org/api/locations/19904816/","Jos","Jos, Plateau, Nigeria","City","http://aido.bsvgateway.org/api/locations/260361556/",8.89004438826948,8.89004438826948,9.92997731092851,"Lassa Fever"
"19904816.26",1970-01-18,1970-01-17,5,19904816,"79","19904816","P1D","http://aido.bsvgateway.org/api/locations/19904816/","Jos","Jos, Plateau, Nigeria","City","http://aido.bsvgateway.org/api/locations/260361556/",9.92997731092851,8.89004438826948,9.92997731092851,"Lassa Fever"
"19904816.27",1970-01-19,1970-01-18,0,19904816,"79","19904816","P1D","http://aido.bsvgateway.org/api/locations/19904816/","Jos","Jos, Plateau, Nigeria","City","http://aido.bsvgateway.org/api/locations/260361556/",8.89004438826948,8.89004438826948,9.92997731092851,"Lassa Fever"
"19904816.28",1970-01-20,1970-01-19,1,19904816,"79","19904816","P1D","http://aido.bsvgateway.org/api/locations/19904816/","Jos","Jos, Plateau, Nigeria","City","http://aido.bsvgateway.org/api/locations/260361556/",9.92997731092851,8.89004438826948,9.92997731092851,"Lassa Fever"
"19904816.29",1970-01-21,1970-01-20,3,19904816,"79","19904816","P1D","http://aido.bsvgateway.org/api/locations/19904816/","Jos","Jos, Plateau, Nigeria","City","http://aido.bsvgateway.org/api/locations/260361556/",8.89004438826948,8.89004438826948,9.92997731092851,"Lassa Fever"
"19904816.30",1970-01-22,1970-01-21,1,19904816,"79","19904816","P1D","http://aido.bsvgateway.org/api/locations/19904816/","Jos","Jos, Plateau, Nigeria","City","http://aido.bsvgateway.org/api/locations/260361556/",9.92997731092851,8.89004438826948,9.92997731092851,"Lassa Fever"
"19904816.31",1970-01-23,1970-01-22,0,19904816,"79","19904816","P1D","http://aido.bsvgateway.org/api/locations/19904816/","Jos","Jos, Plateau, Nigeria","City","http://aido.bsvgateway.org/api/locations/260361556/",8.89004438826948,8.89004438826948,9.92997731092851,"Lassa Fever"
"19904816.32",1970-01-24,1970-01-23,0,19904816,"79","19904816","P1D","http://aido.bsvgateway.org/api/locations/19904816/","Jos","Jos, Plateau, Nigeria","City","http://aido.bsvgateway.org/api/locations/260361556/",9.92997731092851,8.89004438826948,9.92997731092851,"Lassa Fever"
"19904816.33",1970-01-25,1970-01-24,0,19904816,"79","19904816","P1D","http://aido.bsvgateway.org/api/locations/19904816/","Jos","Jos, Plateau, Nigeria","City","http://aido.bsvgateway.org/api/locations/260361556/",8.89004438826948,8.89004438826948,9.92997731092851,"Lassa Fever"
"19904816.34",1970-01-26,1970-01-25,1,19904816,"79","19904816","P1D","http://aido.bsvgateway.org/api/locations/19904816/","Jos","Jos, Plateau, Nigeria","City","http://aido.bsvgateway.org/api/locations/260361556/",9.92997731092851,8.89004438826948,9.92997731092851,"Lassa Fever"
"19904816.35",1970-01-27,1970-01-26,0,19904816,"79","19904816","P1D","http://aido.bsvgateway.org/api/locations/19904816/","Jos","Jos, Plateau, Nigeria","City","http://aido.bsvgateway.org/api/locations/260361556/",8.89004438826948,8.89004438826948,9.92997731092851,"Lassa Fever"
"19904816.36",1970-01-28,1970-01-27,0,19904816,"79","19904816","P1D","http://aido.bsvgateway.org/api/locations/19904816/","Jos","Jos, Plateau, Nigeria","City","http://aido.bsvgateway.org/api/locations/260361556/",9.92997731092851,8.89004438826948,9.92997731092851,"Lassa Fever"
"19904816.37",1970-01-29,1970-01-28,0,19904816,"79","19904816","P1D","http://aido.bsvgateway.org/api/locations/19904816/","Jos","Jos, Plateau, Nigeria","City","http://aido.bsvgateway.org/api/locations/260361556/",8.89004438826948,8.89004438826948,9.92997731092851,"Lassa Fever"
"19904816.38",1970-01-30,1970-01-29,0,19904816,"79","19904816","P1D","http://aido.bsvgateway.org/api/locations/19904816/","Jos","Jos, Plateau, Nigeria","City","http://aido.bsvgateway.org/api/locations/260361556/",9.92997731092851,8.89004438826948,9.92997731092851,"Lassa Fever"
"19904816.39",1970-01-31,1970-01-30,0,19904816,"79","19904816","P1D","http://aido.bsvgateway.org/api/locations/19904816/","Jos","Jos, Plateau, Nigeria","City","http://aido.bsvgateway.org/api/locations/260361556/",8.89004438826948,8.89004438826948,9.92997731092851,"Lassa Fever"
"19904816.40",1970-02-01,1970-01-31,0,19904816,"79","19904816","P1D","http://aido.bsvgateway.org/api/locations/19904816/","Jos","Jos, Plateau, Nigeria","City","http://aido.bsvgateway.org/api/locations/260361556/",9.92997731092851,8.89004438826948,9.92997731092851,"Lassa Fever"
"19904816.41",1970-02-02,1970-02-01,0,19904816,"79","19904816","P1D","http://aido.bsvgateway.org/api/locations/19904816/","Jos","Jos, Plateau, Nigeria","City","http://aido.bsvgateway.org/api/locations/260361556/",8.89004438826948,8.89004438826948,9.92997731092851,"Lassa Fever"
"19904816.42",1970-02-03,1970-02-02,1,19904816,"79","19904816","P1D","http://aido.bsvgateway.org/api/locations/19904816/","Jos","Jos, Plateau, Nigeria","City","http://aido.bsvgateway.org/api/locations/260361556/",9.92997731092851,8.89004438826948,9.92997731092851,"Lassa Fever"
"19904816.43",1970-02-04,1970-02-03,0,19904816,"79","19904816","P1D","http://aido.bsvgateway.org/api/locations/19904816/","Jos","Jos, Plateau, Nigeria","City","http://aido.bsvgateway.org/api/locations/260361556/",8.89004438826948,8.89004438826948,9.92997731092851,"Lassa Fever"
"19904816.44",1970-02-05,1970-02-04,2,19904816,"79","19904816","P1D","http://aido.bsvgateway.org/api/locations/19904816/","Jos","Jos, Plateau, Nigeria","City","http://aido.bsvgateway.org/api/locations/260361556/",9.92997731092851,8.89004438826948,9.92997731092851,"Lassa Fever"
"19904816.45",1970-02-06,1970-02-05,1,19904816,"79","19904816","P1D","http://aido.bsvgateway.org/api/locations/19904816/","Jos","Jos, Plateau, Nigeria","City","http://aido.bsvgateway.org/api/locations/260361556/",8.89004438826948,8.89004438826948,9.92997731092851,"Lassa Fever"
"19904816.46",1970-02-07,1970-02-06,0,19904816,"79","19904816","P1D","http://aido.bsvgateway.org/api/locations/19904816/","Jos","Jos, Plateau, Nigeria","City","http://aido.bsvgateway.org/api/locations/260361556/",9.92997731092851,8.89004438826948,9.92997731092851,"Lassa Fever"
"19904816.47",1970-02-08,1970-02-07,1,19904816,"79","19904816","P1D","http://aido.bsvgateway.org/api/locations/19904816/","Jos","Jos, Plateau, Nigeria","City","http://aido.bsvgateway.org/api/locations/260361556/",8.89004438826948,8.89004438826948,9.92997731092851,"Lassa Fever"
