"","end","start","value","id","disease","location","duration","url","name","full_name","admin_level_name","parent","centroid_lat_long","longitude","latitude","disease_name"
"134996356.76",2008-02-05,2008-01-29,0,134996356,"78","134996356","P7D","http://aido.bsvgateway.org/api/locations/134996356/","Greece","Greece","Country","http://aido.bsvgateway.org/api/locations/216709393/",39.0511811667275,22.9748189963382,39.0511811667275,"Brucellosis"
"134996356.77",2008-02-12,2008-02-05,2,134996356,"78","134996356","P7D","http://aido.bsvgateway.org/api/locations/134996356/","Greece","Greece","Country","http://aido.bsvgateway.org/api/locations/216709393/",22.9748189963382,22.9748189963382,39.0511811667275,"Brucellosis"
"134996356.78",2008-02-19,2008-02-12,0,134996356,"78","134996356","P7D","http://aido.bsvgateway.org/api/locations/134996356/","Greece","Greece","Country","http://aido.bsvgateway.org/api/locations/216709393/",39.0511811667275,22.9748189963382,39.0511811667275,"Brucellosis"
"134996356.79",2008-02-26,2008-02-19,0,134996356,"78","134996356","P7D","http://aido.bsvgateway.org/api/locations/134996356/","Greece","Greece","Country","http://aido.bsvgateway.org/api/locations/216709393/",22.9748189963382,22.9748189963382,39.0511811667275,"Brucellosis"
"134996356.80",2008-03-04,2008-02-26,0,134996356,"78","134996356","P7D","http://aido.bsvgateway.org/api/locations/134996356/","Greece","Greece","Country","http://aido.bsvgateway.org/api/locations/216709393/",39.0511811667275,22.9748189963382,39.0511811667275,"Brucellosis"
"134996356.81",2008-03-11,2008-03-04,0,134996356,"78","134996356","P7D","http://aido.bsvgateway.org/api/locations/134996356/","Greece","Greece","Country","http://aido.bsvgateway.org/api/locations/216709393/",22.9748189963382,22.9748189963382,39.0511811667275,"Brucellosis"
"134996356.82",2008-03-18,2008-03-11,0,134996356,"78","134996356","P7D","http://aido.bsvgateway.org/api/locations/134996356/","Greece","Greece","Country","http://aido.bsvgateway.org/api/locations/216709393/",39.0511811667275,22.9748189963382,39.0511811667275,"Brucellosis"
"134996356.83",2008-03-25,2008-03-18,0,134996356,"78","134996356","P7D","http://aido.bsvgateway.org/api/locations/134996356/","Greece","Greece","Country","http://aido.bsvgateway.org/api/locations/216709393/",22.9748189963382,22.9748189963382,39.0511811667275,"Brucellosis"
"134996356.84",2008-04-01,2008-03-25,0,134996356,"78","134996356","P7D","http://aido.bsvgateway.org/api/locations/134996356/","Greece","Greece","Country","http://aido.bsvgateway.org/api/locations/216709393/",39.0511811667275,22.9748189963382,39.0511811667275,"Brucellosis"
"134996356.85",2008-04-08,2008-04-01,1,134996356,"78","134996356","P7D","http://aido.bsvgateway.org/api/locations/134996356/","Greece","Greece","Country","http://aido.bsvgateway.org/api/locations/216709393/",22.9748189963382,22.9748189963382,39.0511811667275,"Brucellosis"
"134996356.86",2008-04-15,2008-04-08,2,134996356,"78","134996356","P7D","http://aido.bsvgateway.org/api/locations/134996356/","Greece","Greece","Country","http://aido.bsvgateway.org/api/locations/216709393/",39.0511811667275,22.9748189963382,39.0511811667275,"Brucellosis"
"134996356.87",2008-04-22,2008-04-15,2,134996356,"78","134996356","P7D","http://aido.bsvgateway.org/api/locations/134996356/","Greece","Greece","Country","http://aido.bsvgateway.org/api/locations/216709393/",22.9748189963382,22.9748189963382,39.0511811667275,"Brucellosis"
"134996356.88",2008-04-29,2008-04-22,1,134996356,"78","134996356","P7D","http://aido.bsvgateway.org/api/locations/134996356/","Greece","Greece","Country","http://aido.bsvgateway.org/api/locations/216709393/",39.0511811667275,22.9748189963382,39.0511811667275,"Brucellosis"
"134996356.89",2008-05-06,2008-04-29,4,134996356,"78","134996356","P7D","http://aido.bsvgateway.org/api/locations/134996356/","Greece","Greece","Country","http://aido.bsvgateway.org/api/locations/216709393/",22.9748189963382,22.9748189963382,39.0511811667275,"Brucellosis"
"134996356.90",2008-05-13,2008-05-06,10,134996356,"78","134996356","P7D","http://aido.bsvgateway.org/api/locations/134996356/","Greece","Greece","Country","http://aido.bsvgateway.org/api/locations/216709393/",39.0511811667275,22.9748189963382,39.0511811667275,"Brucellosis"
"134996356.91",2008-05-20,2008-05-13,12,134996356,"78","134996356","P7D","http://aido.bsvgateway.org/api/locations/134996356/","Greece","Greece","Country","http://aido.bsvgateway.org/api/locations/216709393/",22.9748189963382,22.9748189963382,39.0511811667275,"Brucellosis"
"134996356.92",2008-05-27,2008-05-20,7,134996356,"78","134996356","P7D","http://aido.bsvgateway.org/api/locations/134996356/","Greece","Greece","Country","http://aido.bsvgateway.org/api/locations/216709393/",39.0511811667275,22.9748189963382,39.0511811667275,"Brucellosis"
"134996356.93",2008-06-03,2008-05-27,5,134996356,"78","134996356","P7D","http://aido.bsvgateway.org/api/locations/134996356/","Greece","Greece","Country","http://aido.bsvgateway.org/api/locations/216709393/",22.9748189963382,22.9748189963382,39.0511811667275,"Brucellosis"
"134996356.94",2008-06-10,2008-06-03,5,134996356,"78","134996356","P7D","http://aido.bsvgateway.org/api/locations/134996356/","Greece","Greece","Country","http://aido.bsvgateway.org/api/locations/216709393/",39.0511811667275,22.9748189963382,39.0511811667275,"Brucellosis"
"134996356.95",2008-06-17,2008-06-10,1,134996356,"78","134996356","P7D","http://aido.bsvgateway.org/api/locations/134996356/","Greece","Greece","Country","http://aido.bsvgateway.org/api/locations/216709393/",22.9748189963382,22.9748189963382,39.0511811667275,"Brucellosis"
"134996356.96",2008-06-24,2008-06-17,5,134996356,"78","134996356","P7D","http://aido.bsvgateway.org/api/locations/134996356/","Greece","Greece","Country","http://aido.bsvgateway.org/api/locations/216709393/",39.0511811667275,22.9748189963382,39.0511811667275,"Brucellosis"
"134996356.97",2008-07-01,2008-06-24,6,134996356,"78","134996356","P7D","http://aido.bsvgateway.org/api/locations/134996356/","Greece","Greece","Country","http://aido.bsvgateway.org/api/locations/216709393/",22.9748189963382,22.9748189963382,39.0511811667275,"Brucellosis"
"134996356.98",2008-07-08,2008-07-01,5,134996356,"78","134996356","P7D","http://aido.bsvgateway.org/api/locations/134996356/","Greece","Greece","Country","http://aido.bsvgateway.org/api/locations/216709393/",39.0511811667275,22.9748189963382,39.0511811667275,"Brucellosis"
"134996356.99",2008-07-15,2008-07-08,2,134996356,"78","134996356","P7D","http://aido.bsvgateway.org/api/locations/134996356/","Greece","Greece","Country","http://aido.bsvgateway.org/api/locations/216709393/",22.9748189963382,22.9748189963382,39.0511811667275,"Brucellosis"
"134996356.100",2008-07-22,2008-07-15,0,134996356,"78","134996356","P7D","http://aido.bsvgateway.org/api/locations/134996356/","Greece","Greece","Country","http://aido.bsvgateway.org/api/locations/216709393/",39.0511811667275,22.9748189963382,39.0511811667275,"Brucellosis"
"134996356.101",2008-07-29,2008-07-22,2,134996356,"78","134996356","P7D","http://aido.bsvgateway.org/api/locations/134996356/","Greece","Greece","Country","http://aido.bsvgateway.org/api/locations/216709393/",22.9748189963382,22.9748189963382,39.0511811667275,"Brucellosis"
"134996356.102",2008-08-05,2008-07-29,2,134996356,"78","134996356","P7D","http://aido.bsvgateway.org/api/locations/134996356/","Greece","Greece","Country","http://aido.bsvgateway.org/api/locations/216709393/",39.0511811667275,22.9748189963382,39.0511811667275,"Brucellosis"
"134996356.103",2008-08-12,2008-08-05,0,134996356,"78","134996356","P7D","http://aido.bsvgateway.org/api/locations/134996356/","Greece","Greece","Country","http://aido.bsvgateway.org/api/locations/216709393/",22.9748189963382,22.9748189963382,39.0511811667275,"Brucellosis"
"134996356.104",2008-08-19,2008-08-12,0,134996356,"78","134996356","P7D","http://aido.bsvgateway.org/api/locations/134996356/","Greece","Greece","Country","http://aido.bsvgateway.org/api/locations/216709393/",39.0511811667275,22.9748189963382,39.0511811667275,"Brucellosis"
"199410357.51",2013-03-03,2013-02-24,10,199410357,"78","199410357","P7D","http://aido.bsvgateway.org/api/locations/199410357/","Syria","Syria","Country","http://aido.bsvgateway.org/api/locations/20359812/",35.0230025583862,38.5045643291001,35.0230025583862,"Brucellosis"
"199410357.52",2013-03-10,2013-03-03,3,199410357,"78","199410357","P7D","http://aido.bsvgateway.org/api/locations/199410357/","Syria","Syria","Country","http://aido.bsvgateway.org/api/locations/20359812/",38.5045643291001,38.5045643291001,35.0230025583862,"Brucellosis"
"199410357.53",2013-03-17,2013-03-10,8,199410357,"78","199410357","P7D","http://aido.bsvgateway.org/api/locations/199410357/","Syria","Syria","Country","http://aido.bsvgateway.org/api/locations/20359812/",35.0230025583862,38.5045643291001,35.0230025583862,"Brucellosis"
"199410357.54",2013-03-24,2013-03-17,10,199410357,"78","199410357","P7D","http://aido.bsvgateway.org/api/locations/199410357/","Syria","Syria","Country","http://aido.bsvgateway.org/api/locations/20359812/",38.5045643291001,38.5045643291001,35.0230025583862,"Brucellosis"
"199410357.55",2013-03-31,2013-03-24,2,199410357,"78","199410357","P7D","http://aido.bsvgateway.org/api/locations/199410357/","Syria","Syria","Country","http://aido.bsvgateway.org/api/locations/20359812/",35.0230025583862,38.5045643291001,35.0230025583862,"Brucellosis"
"199410357.56",2013-04-07,2013-03-31,13,199410357,"78","199410357","P7D","http://aido.bsvgateway.org/api/locations/199410357/","Syria","Syria","Country","http://aido.bsvgateway.org/api/locations/20359812/",38.5045643291001,38.5045643291001,35.0230025583862,"Brucellosis"
"199410357.57",2013-04-14,2013-04-07,9,199410357,"78","199410357","P7D","http://aido.bsvgateway.org/api/locations/199410357/","Syria","Syria","Country","http://aido.bsvgateway.org/api/locations/20359812/",35.0230025583862,38.5045643291001,35.0230025583862,"Brucellosis"
"199410357.58",2013-04-21,2013-04-14,6,199410357,"78","199410357","P7D","http://aido.bsvgateway.org/api/locations/199410357/","Syria","Syria","Country","http://aido.bsvgateway.org/api/locations/20359812/",38.5045643291001,38.5045643291001,35.0230025583862,"Brucellosis"
"199410357.59",2013-04-28,2013-04-21,14,199410357,"78","199410357","P7D","http://aido.bsvgateway.org/api/locations/199410357/","Syria","Syria","Country","http://aido.bsvgateway.org/api/locations/20359812/",35.0230025583862,38.5045643291001,35.0230025583862,"Brucellosis"
"199410357.60",2013-05-05,2013-04-28,4,199410357,"78","199410357","P7D","http://aido.bsvgateway.org/api/locations/199410357/","Syria","Syria","Country","http://aido.bsvgateway.org/api/locations/20359812/",38.5045643291001,38.5045643291001,35.0230025583862,"Brucellosis"
"199410357.61",2013-05-12,2013-05-05,11,199410357,"78","199410357","P7D","http://aido.bsvgateway.org/api/locations/199410357/","Syria","Syria","Country","http://aido.bsvgateway.org/api/locations/20359812/",35.0230025583862,38.5045643291001,35.0230025583862,"Brucellosis"
"199410357.62",2013-05-19,2013-05-12,13,199410357,"78","199410357","P7D","http://aido.bsvgateway.org/api/locations/199410357/","Syria","Syria","Country","http://aido.bsvgateway.org/api/locations/20359812/",38.5045643291001,38.5045643291001,35.0230025583862,"Brucellosis"
"199410357.63",2013-05-26,2013-05-19,24,199410357,"78","199410357","P7D","http://aido.bsvgateway.org/api/locations/199410357/","Syria","Syria","Country","http://aido.bsvgateway.org/api/locations/20359812/",35.0230025583862,38.5045643291001,35.0230025583862,"Brucellosis"
"199410357.64",2013-06-02,2013-05-26,21,199410357,"78","199410357","P7D","http://aido.bsvgateway.org/api/locations/199410357/","Syria","Syria","Country","http://aido.bsvgateway.org/api/locations/20359812/",38.5045643291001,38.5045643291001,35.0230025583862,"Brucellosis"
"199410357.65",2013-06-09,2013-06-02,23,199410357,"78","199410357","P7D","http://aido.bsvgateway.org/api/locations/199410357/","Syria","Syria","Country","http://aido.bsvgateway.org/api/locations/20359812/",35.0230025583862,38.5045643291001,35.0230025583862,"Brucellosis"
"199410357.66",2013-06-16,2013-06-09,24,199410357,"78","199410357","P7D","http://aido.bsvgateway.org/api/locations/199410357/","Syria","Syria","Country","http://aido.bsvgateway.org/api/locations/20359812/",38.5045643291001,38.5045643291001,35.0230025583862,"Brucellosis"
"199410357.67",2013-06-23,2013-06-16,87,199410357,"78","199410357","P7D","http://aido.bsvgateway.org/api/locations/199410357/","Syria","Syria","Country","http://aido.bsvgateway.org/api/locations/20359812/",35.0230025583862,38.5045643291001,35.0230025583862,"Brucellosis"
"199410357.68",2013-06-30,2013-06-23,119,199410357,"78","199410357","P7D","http://aido.bsvgateway.org/api/locations/199410357/","Syria","Syria","Country","http://aido.bsvgateway.org/api/locations/20359812/",38.5045643291001,38.5045643291001,35.0230025583862,"Brucellosis"
"199410357.69",2013-07-07,2013-06-30,115,199410357,"78","199410357","P7D","http://aido.bsvgateway.org/api/locations/199410357/","Syria","Syria","Country","http://aido.bsvgateway.org/api/locations/20359812/",35.0230025583862,38.5045643291001,35.0230025583862,"Brucellosis"
"199410357.70",2013-07-14,2013-07-07,120,199410357,"78","199410357","P7D","http://aido.bsvgateway.org/api/locations/199410357/","Syria","Syria","Country","http://aido.bsvgateway.org/api/locations/20359812/",38.5045643291001,38.5045643291001,35.0230025583862,"Brucellosis"
"199410357.71",2013-07-21,2013-07-14,98,199410357,"78","199410357","P7D","http://aido.bsvgateway.org/api/locations/199410357/","Syria","Syria","Country","http://aido.bsvgateway.org/api/locations/20359812/",35.0230025583862,38.5045643291001,35.0230025583862,"Brucellosis"
"199410357.72",2013-07-28,2013-07-21,0,199410357,"78","199410357","P7D","http://aido.bsvgateway.org/api/locations/199410357/","Syria","Syria","Country","http://aido.bsvgateway.org/api/locations/20359812/",38.5045643291001,38.5045643291001,35.0230025583862,"Brucellosis"
"199410357.73",2013-08-04,2013-07-28,0,199410357,"78","199410357","P7D","http://aido.bsvgateway.org/api/locations/199410357/","Syria","Syria","Country","http://aido.bsvgateway.org/api/locations/20359812/",35.0230025583862,38.5045643291001,35.0230025583862,"Brucellosis"
"199410357.74",2013-08-11,2013-08-04,200,199410357,"78","199410357","P7D","http://aido.bsvgateway.org/api/locations/199410357/","Syria","Syria","Country","http://aido.bsvgateway.org/api/locations/20359812/",38.5045643291001,38.5045643291001,35.0230025583862,"Brucellosis"
"199410357.75",2013-08-18,2013-08-11,124,199410357,"78","199410357","P7D","http://aido.bsvgateway.org/api/locations/199410357/","Syria","Syria","Country","http://aido.bsvgateway.org/api/locations/20359812/",35.0230025583862,38.5045643291001,35.0230025583862,"Brucellosis"
"204325566.43",2003-03-01,2003-02-01,5,204325566,"78","204325566","P1M","http://aido.bsvgateway.org/api/locations/204325566/","South Korea","South Korea","Country","http://aido.bsvgateway.org/api/locations/20359812/",36.3733535127376,127.819093957479,36.3733535127376,"Brucellosis"
"204325566.44",2003-04-01,2003-03-01,0,204325566,"78","204325566","P1M","http://aido.bsvgateway.org/api/locations/204325566/","South Korea","South Korea","Country","http://aido.bsvgateway.org/api/locations/20359812/",127.819093957479,127.819093957479,36.3733535127376,"Brucellosis"
"204325566.45",2003-05-01,2003-04-01,0,204325566,"78","204325566","P1M","http://aido.bsvgateway.org/api/locations/204325566/","South Korea","South Korea","Country","http://aido.bsvgateway.org/api/locations/20359812/",36.3733535127376,127.819093957479,36.3733535127376,"Brucellosis"
"204325566.46",2003-06-01,2003-05-01,0,204325566,"78","204325566","P1M","http://aido.bsvgateway.org/api/locations/204325566/","South Korea","South Korea","Country","http://aido.bsvgateway.org/api/locations/20359812/",127.819093957479,127.819093957479,36.3733535127376,"Brucellosis"
"204325566.47",2003-07-01,2003-06-01,3,204325566,"78","204325566","P1M","http://aido.bsvgateway.org/api/locations/204325566/","South Korea","South Korea","Country","http://aido.bsvgateway.org/api/locations/20359812/",36.3733535127376,127.819093957479,36.3733535127376,"Brucellosis"
"204325566.48",2003-08-01,2003-07-01,1,204325566,"78","204325566","P1M","http://aido.bsvgateway.org/api/locations/204325566/","South Korea","South Korea","Country","http://aido.bsvgateway.org/api/locations/20359812/",127.819093957479,127.819093957479,36.3733535127376,"Brucellosis"
"204325566.49",2003-09-01,2003-08-01,2,204325566,"78","204325566","P1M","http://aido.bsvgateway.org/api/locations/204325566/","South Korea","South Korea","Country","http://aido.bsvgateway.org/api/locations/20359812/",36.3733535127376,127.819093957479,36.3733535127376,"Brucellosis"
"204325566.50",2003-10-01,2003-09-01,0,204325566,"78","204325566","P1M","http://aido.bsvgateway.org/api/locations/204325566/","South Korea","South Korea","Country","http://aido.bsvgateway.org/api/locations/20359812/",127.819093957479,127.819093957479,36.3733535127376,"Brucellosis"
"236286771.138",2008-01-08,2007-12-07,11,236286771,"78","236286771","irregular","http://aido.bsvgateway.org/api/locations/236286771/","Peru","Peru","Country","http://aido.bsvgateway.org/api/locations/13410479/",-9.15438848311193,-74.3780645707316,-9.15438848311193,"Brucellosis"
"236286771.139",2008-02-08,2008-01-08,1,236286771,"78","236286771","irregular","http://aido.bsvgateway.org/api/locations/236286771/","Peru","Peru","Country","http://aido.bsvgateway.org/api/locations/13410479/",-74.3780645707316,-74.3780645707316,-9.15438848311193,"Brucellosis"
"236286771.140",2008-03-08,2008-02-08,3,236286771,"78","236286771","irregular","http://aido.bsvgateway.org/api/locations/236286771/","Peru","Peru","Country","http://aido.bsvgateway.org/api/locations/13410479/",-9.15438848311193,-74.3780645707316,-9.15438848311193,"Brucellosis"
"241817553.105",1990-12-08,1990-11-15,5,241817553,"78","241817553","irregular","http://aido.bsvgateway.org/api/locations/241817553/","Italy","Italy","Country","http://aido.bsvgateway.org/api/locations/216709393/",42.7864339963678,12.0719070927293,42.7864339963678,"Brucellosis"
"241817553.106",1990-12-16,1990-12-08,2,241817553,"78","241817553","irregular","http://aido.bsvgateway.org/api/locations/241817553/","Italy","Italy","Country","http://aido.bsvgateway.org/api/locations/216709393/",12.0719070927293,12.0719070927293,42.7864339963678,"Brucellosis"
"241817553.107",1991-01-07,1990-12-16,1,241817553,"78","241817553","irregular","http://aido.bsvgateway.org/api/locations/241817553/","Italy","Italy","Country","http://aido.bsvgateway.org/api/locations/216709393/",42.7864339963678,12.0719070927293,42.7864339963678,"Brucellosis"
"241817553.108",1991-03-15,1991-01-07,3,241817553,"78","241817553","irregular","http://aido.bsvgateway.org/api/locations/241817553/","Italy","Italy","Country","http://aido.bsvgateway.org/api/locations/216709393/",12.0719070927293,12.0719070927293,42.7864339963678,"Brucellosis"
"255062558.141",2015-07-02,2015-07-01,1,255062558,"78","255062558","P1D","http://aido.bsvgateway.org/api/locations/255062558/","Kyustendil","Kyustendil, Bulgaria","State","http://aido.bsvgateway.org/api/locations/259099528/",42.2617171091454,22.8752834449085,42.2617171091454,"Brucellosis"
"255062558.142",2015-07-03,2015-07-02,0,255062558,"78","255062558","P1D","http://aido.bsvgateway.org/api/locations/255062558/","Kyustendil","Kyustendil, Bulgaria","State","http://aido.bsvgateway.org/api/locations/259099528/",22.8752834449085,22.8752834449085,42.2617171091454,"Brucellosis"
"255062558.143",2015-07-04,2015-07-03,0,255062558,"78","255062558","P1D","http://aido.bsvgateway.org/api/locations/255062558/","Kyustendil","Kyustendil, Bulgaria","State","http://aido.bsvgateway.org/api/locations/259099528/",42.2617171091454,22.8752834449085,42.2617171091454,"Brucellosis"
"255062558.144",2015-07-05,2015-07-04,0,255062558,"78","255062558","P1D","http://aido.bsvgateway.org/api/locations/255062558/","Kyustendil","Kyustendil, Bulgaria","State","http://aido.bsvgateway.org/api/locations/259099528/",22.8752834449085,22.8752834449085,42.2617171091454,"Brucellosis"
"255062558.145",2015-07-06,2015-07-05,0,255062558,"78","255062558","P1D","http://aido.bsvgateway.org/api/locations/255062558/","Kyustendil","Kyustendil, Bulgaria","State","http://aido.bsvgateway.org/api/locations/259099528/",42.2617171091454,22.8752834449085,42.2617171091454,"Brucellosis"
"255062558.146",2015-07-07,2015-07-06,0,255062558,"78","255062558","P1D","http://aido.bsvgateway.org/api/locations/255062558/","Kyustendil","Kyustendil, Bulgaria","State","http://aido.bsvgateway.org/api/locations/259099528/",22.8752834449085,22.8752834449085,42.2617171091454,"Brucellosis"
"255062558.147",2015-07-08,2015-07-07,0,255062558,"78","255062558","P1D","http://aido.bsvgateway.org/api/locations/255062558/","Kyustendil","Kyustendil, Bulgaria","State","http://aido.bsvgateway.org/api/locations/259099528/",42.2617171091454,22.8752834449085,42.2617171091454,"Brucellosis"
"255062558.148",2015-07-09,2015-07-08,0,255062558,"78","255062558","P1D","http://aido.bsvgateway.org/api/locations/255062558/","Kyustendil","Kyustendil, Bulgaria","State","http://aido.bsvgateway.org/api/locations/259099528/",22.8752834449085,22.8752834449085,42.2617171091454,"Brucellosis"
"255062558.149",2015-07-10,2015-07-09,0,255062558,"78","255062558","P1D","http://aido.bsvgateway.org/api/locations/255062558/","Kyustendil","Kyustendil, Bulgaria","State","http://aido.bsvgateway.org/api/locations/259099528/",42.2617171091454,22.8752834449085,42.2617171091454,"Brucellosis"
"255062558.150",2015-07-11,2015-07-10,0,255062558,"78","255062558","P1D","http://aido.bsvgateway.org/api/locations/255062558/","Kyustendil","Kyustendil, Bulgaria","State","http://aido.bsvgateway.org/api/locations/259099528/",22.8752834449085,22.8752834449085,42.2617171091454,"Brucellosis"
"255062558.151",2015-07-12,2015-07-11,0,255062558,"78","255062558","P1D","http://aido.bsvgateway.org/api/locations/255062558/","Kyustendil","Kyustendil, Bulgaria","State","http://aido.bsvgateway.org/api/locations/259099528/",42.2617171091454,22.8752834449085,42.2617171091454,"Brucellosis"
"255062558.152",2015-07-13,2015-07-12,0,255062558,"78","255062558","P1D","http://aido.bsvgateway.org/api/locations/255062558/","Kyustendil","Kyustendil, Bulgaria","State","http://aido.bsvgateway.org/api/locations/259099528/",22.8752834449085,22.8752834449085,42.2617171091454,"Brucellosis"
"255062558.153",2015-07-14,2015-07-13,0,255062558,"78","255062558","P1D","http://aido.bsvgateway.org/api/locations/255062558/","Kyustendil","Kyustendil, Bulgaria","State","http://aido.bsvgateway.org/api/locations/259099528/",42.2617171091454,22.8752834449085,42.2617171091454,"Brucellosis"
"255062558.154",2015-07-15,2015-07-14,0,255062558,"78","255062558","P1D","http://aido.bsvgateway.org/api/locations/255062558/","Kyustendil","Kyustendil, Bulgaria","State","http://aido.bsvgateway.org/api/locations/259099528/",22.8752834449085,22.8752834449085,42.2617171091454,"Brucellosis"
"255062558.155",2015-07-16,2015-07-15,0,255062558,"78","255062558","P1D","http://aido.bsvgateway.org/api/locations/255062558/","Kyustendil","Kyustendil, Bulgaria","State","http://aido.bsvgateway.org/api/locations/259099528/",42.2617171091454,22.8752834449085,42.2617171091454,"Brucellosis"
"255062558.156",2015-07-17,2015-07-16,0,255062558,"78","255062558","P1D","http://aido.bsvgateway.org/api/locations/255062558/","Kyustendil","Kyustendil, Bulgaria","State","http://aido.bsvgateway.org/api/locations/259099528/",22.8752834449085,22.8752834449085,42.2617171091454,"Brucellosis"
"255062558.157",2015-07-18,2015-07-17,0,255062558,"78","255062558","P1D","http://aido.bsvgateway.org/api/locations/255062558/","Kyustendil","Kyustendil, Bulgaria","State","http://aido.bsvgateway.org/api/locations/259099528/",42.2617171091454,22.8752834449085,42.2617171091454,"Brucellosis"
"255062558.158",2015-07-19,2015-07-18,0,255062558,"78","255062558","P1D","http://aido.bsvgateway.org/api/locations/255062558/","Kyustendil","Kyustendil, Bulgaria","State","http://aido.bsvgateway.org/api/locations/259099528/",22.8752834449085,22.8752834449085,42.2617171091454,"Brucellosis"
"255062558.159",2015-07-20,2015-07-19,0,255062558,"78","255062558","P1D","http://aido.bsvgateway.org/api/locations/255062558/","Kyustendil","Kyustendil, Bulgaria","State","http://aido.bsvgateway.org/api/locations/259099528/",42.2617171091454,22.8752834449085,42.2617171091454,"Brucellosis"
"255062558.160",2015-07-21,2015-07-20,0,255062558,"78","255062558","P1D","http://aido.bsvgateway.org/api/locations/255062558/","Kyustendil","Kyustendil, Bulgaria","State","http://aido.bsvgateway.org/api/locations/259099528/",22.8752834449085,22.8752834449085,42.2617171091454,"Brucellosis"
"255062558.161",2015-07-22,2015-07-21,0,255062558,"78","255062558","P1D","http://aido.bsvgateway.org/api/locations/255062558/","Kyustendil","Kyustendil, Bulgaria","State","http://aido.bsvgateway.org/api/locations/259099528/",42.2617171091454,22.8752834449085,42.2617171091454,"Brucellosis"
"255062558.162",2015-07-23,2015-07-22,0,255062558,"78","255062558","P1D","http://aido.bsvgateway.org/api/locations/255062558/","Kyustendil","Kyustendil, Bulgaria","State","http://aido.bsvgateway.org/api/locations/259099528/",22.8752834449085,22.8752834449085,42.2617171091454,"Brucellosis"
"255062558.163",2015-07-24,2015-07-23,2,255062558,"78","255062558","P1D","http://aido.bsvgateway.org/api/locations/255062558/","Kyustendil","Kyustendil, Bulgaria","State","http://aido.bsvgateway.org/api/locations/259099528/",42.2617171091454,22.8752834449085,42.2617171091454,"Brucellosis"
"255062558.164",2015-07-25,2015-07-24,0,255062558,"78","255062558","P1D","http://aido.bsvgateway.org/api/locations/255062558/","Kyustendil","Kyustendil, Bulgaria","State","http://aido.bsvgateway.org/api/locations/259099528/",22.8752834449085,22.8752834449085,42.2617171091454,"Brucellosis"
"255062558.165",2015-07-26,2015-07-25,0,255062558,"78","255062558","P1D","http://aido.bsvgateway.org/api/locations/255062558/","Kyustendil","Kyustendil, Bulgaria","State","http://aido.bsvgateway.org/api/locations/259099528/",42.2617171091454,22.8752834449085,42.2617171091454,"Brucellosis"
"255062558.166",2015-07-27,2015-07-26,0,255062558,"78","255062558","P1D","http://aido.bsvgateway.org/api/locations/255062558/","Kyustendil","Kyustendil, Bulgaria","State","http://aido.bsvgateway.org/api/locations/259099528/",22.8752834449085,22.8752834449085,42.2617171091454,"Brucellosis"
"255062558.167",2015-07-28,2015-07-27,0,255062558,"78","255062558","P1D","http://aido.bsvgateway.org/api/locations/255062558/","Kyustendil","Kyustendil, Bulgaria","State","http://aido.bsvgateway.org/api/locations/259099528/",42.2617171091454,22.8752834449085,42.2617171091454,"Brucellosis"
"255062558.168",2015-07-29,2015-07-28,0,255062558,"78","255062558","P1D","http://aido.bsvgateway.org/api/locations/255062558/","Kyustendil","Kyustendil, Bulgaria","State","http://aido.bsvgateway.org/api/locations/259099528/",22.8752834449085,22.8752834449085,42.2617171091454,"Brucellosis"
"255062558.169",2015-07-30,2015-07-29,8,255062558,"78","255062558","P1D","http://aido.bsvgateway.org/api/locations/255062558/","Kyustendil","Kyustendil, Bulgaria","State","http://aido.bsvgateway.org/api/locations/259099528/",42.2617171091454,22.8752834449085,42.2617171091454,"Brucellosis"
"255062558.170",2015-07-31,2015-07-30,2,255062558,"78","255062558","P1D","http://aido.bsvgateway.org/api/locations/255062558/","Kyustendil","Kyustendil, Bulgaria","State","http://aido.bsvgateway.org/api/locations/259099528/",22.8752834449085,22.8752834449085,42.2617171091454,"Brucellosis"
"255062558.171",2015-08-01,2015-07-31,0,255062558,"78","255062558","P1D","http://aido.bsvgateway.org/api/locations/255062558/","Kyustendil","Kyustendil, Bulgaria","State","http://aido.bsvgateway.org/api/locations/259099528/",42.2617171091454,22.8752834449085,42.2617171091454,"Brucellosis"
"255062558.172",2015-08-02,2015-08-01,0,255062558,"78","255062558","P1D","http://aido.bsvgateway.org/api/locations/255062558/","Kyustendil","Kyustendil, Bulgaria","State","http://aido.bsvgateway.org/api/locations/259099528/",22.8752834449085,22.8752834449085,42.2617171091454,"Brucellosis"
"255062558.173",2015-08-03,2015-08-02,0,255062558,"78","255062558","P1D","http://aido.bsvgateway.org/api/locations/255062558/","Kyustendil","Kyustendil, Bulgaria","State","http://aido.bsvgateway.org/api/locations/259099528/",42.2617171091454,22.8752834449085,42.2617171091454,"Brucellosis"
"255062558.174",2015-08-04,2015-08-03,2,255062558,"78","255062558","P1D","http://aido.bsvgateway.org/api/locations/255062558/","Kyustendil","Kyustendil, Bulgaria","State","http://aido.bsvgateway.org/api/locations/259099528/",22.8752834449085,22.8752834449085,42.2617171091454,"Brucellosis"
"255062558.175",2015-08-05,2015-08-04,0,255062558,"78","255062558","P1D","http://aido.bsvgateway.org/api/locations/255062558/","Kyustendil","Kyustendil, Bulgaria","State","http://aido.bsvgateway.org/api/locations/259099528/",42.2617171091454,22.8752834449085,42.2617171091454,"Brucellosis"
"255062558.176",2015-08-06,2015-08-05,13,255062558,"78","255062558","P1D","http://aido.bsvgateway.org/api/locations/255062558/","Kyustendil","Kyustendil, Bulgaria","State","http://aido.bsvgateway.org/api/locations/259099528/",22.8752834449085,22.8752834449085,42.2617171091454,"Brucellosis"
"255062558.177",2015-08-07,2015-08-06,0,255062558,"78","255062558","P1D","http://aido.bsvgateway.org/api/locations/255062558/","Kyustendil","Kyustendil, Bulgaria","State","http://aido.bsvgateway.org/api/locations/259099528/",42.2617171091454,22.8752834449085,42.2617171091454,"Brucellosis"
"255062558.178",2015-08-08,2015-08-07,0,255062558,"78","255062558","P1D","http://aido.bsvgateway.org/api/locations/255062558/","Kyustendil","Kyustendil, Bulgaria","State","http://aido.bsvgateway.org/api/locations/259099528/",22.8752834449085,22.8752834449085,42.2617171091454,"Brucellosis"
"255062558.179",2015-08-09,2015-08-08,0,255062558,"78","255062558","P1D","http://aido.bsvgateway.org/api/locations/255062558/","Kyustendil","Kyustendil, Bulgaria","State","http://aido.bsvgateway.org/api/locations/259099528/",42.2617171091454,22.8752834449085,42.2617171091454,"Brucellosis"
"255062558.180",2015-08-10,2015-08-09,0,255062558,"78","255062558","P1D","http://aido.bsvgateway.org/api/locations/255062558/","Kyustendil","Kyustendil, Bulgaria","State","http://aido.bsvgateway.org/api/locations/259099528/",22.8752834449085,22.8752834449085,42.2617171091454,"Brucellosis"
"255062558.181",2015-08-11,2015-08-10,0,255062558,"78","255062558","P1D","http://aido.bsvgateway.org/api/locations/255062558/","Kyustendil","Kyustendil, Bulgaria","State","http://aido.bsvgateway.org/api/locations/259099528/",42.2617171091454,22.8752834449085,42.2617171091454,"Brucellosis"
"255062558.182",2015-08-12,2015-08-11,0,255062558,"78","255062558","P1D","http://aido.bsvgateway.org/api/locations/255062558/","Kyustendil","Kyustendil, Bulgaria","State","http://aido.bsvgateway.org/api/locations/259099528/",22.8752834449085,22.8752834449085,42.2617171091454,"Brucellosis"
"255062558.183",2015-08-13,2015-08-12,0,255062558,"78","255062558","P1D","http://aido.bsvgateway.org/api/locations/255062558/","Kyustendil","Kyustendil, Bulgaria","State","http://aido.bsvgateway.org/api/locations/259099528/",42.2617171091454,22.8752834449085,42.2617171091454,"Brucellosis"
"255062558.184",2015-08-14,2015-08-13,3,255062558,"78","255062558","P1D","http://aido.bsvgateway.org/api/locations/255062558/","Kyustendil","Kyustendil, Bulgaria","State","http://aido.bsvgateway.org/api/locations/259099528/",22.8752834449085,22.8752834449085,42.2617171091454,"Brucellosis"
"255062558.185",2015-08-15,2015-08-14,0,255062558,"78","255062558","P1D","http://aido.bsvgateway.org/api/locations/255062558/","Kyustendil","Kyustendil, Bulgaria","State","http://aido.bsvgateway.org/api/locations/259099528/",42.2617171091454,22.8752834449085,42.2617171091454,"Brucellosis"
"255062558.186",2015-08-16,2015-08-15,0,255062558,"78","255062558","P1D","http://aido.bsvgateway.org/api/locations/255062558/","Kyustendil","Kyustendil, Bulgaria","State","http://aido.bsvgateway.org/api/locations/259099528/",22.8752834449085,22.8752834449085,42.2617171091454,"Brucellosis"
"29496896.119",1997-01-16,1996-12-31,1,29496896,"78","29496896","P16D","http://aido.bsvgateway.org/api/locations/29496896/","Argentina","Argentina","Country","http://aido.bsvgateway.org/api/locations/13410479/",-35.3875510414117,-65.178190552794,-35.3875510414116,"Brucellosis"
"29496896.120",1997-02-01,1997-01-16,0,29496896,"78","29496896","P16D","http://aido.bsvgateway.org/api/locations/29496896/","Argentina","Argentina","Country","http://aido.bsvgateway.org/api/locations/13410479/",-65.178190552794,-65.178190552794,-35.3875510414116,"Brucellosis"
"29496896.121",1997-02-17,1997-02-01,0,29496896,"78","29496896","P16D","http://aido.bsvgateway.org/api/locations/29496896/","Argentina","Argentina","Country","http://aido.bsvgateway.org/api/locations/13410479/",-35.3875510414117,-65.178190552794,-35.3875510414116,"Brucellosis"
"29496896.122",1997-03-05,1997-02-17,5,29496896,"78","29496896","P16D","http://aido.bsvgateway.org/api/locations/29496896/","Argentina","Argentina","Country","http://aido.bsvgateway.org/api/locations/13410479/",-65.178190552794,-65.178190552794,-35.3875510414116,"Brucellosis"
"29496896.123",1997-03-21,1997-03-05,8,29496896,"78","29496896","P16D","http://aido.bsvgateway.org/api/locations/29496896/","Argentina","Argentina","Country","http://aido.bsvgateway.org/api/locations/13410479/",-35.3875510414117,-65.178190552794,-35.3875510414116,"Brucellosis"
"29496896.124",1997-04-06,1997-03-21,3,29496896,"78","29496896","P16D","http://aido.bsvgateway.org/api/locations/29496896/","Argentina","Argentina","Country","http://aido.bsvgateway.org/api/locations/13410479/",-65.178190552794,-65.178190552794,-35.3875510414116,"Brucellosis"
"29496896.125",1997-04-22,1997-04-06,2,29496896,"78","29496896","P16D","http://aido.bsvgateway.org/api/locations/29496896/","Argentina","Argentina","Country","http://aido.bsvgateway.org/api/locations/13410479/",-35.3875510414117,-65.178190552794,-35.3875510414116,"Brucellosis"
"29496896.126",1997-05-08,1997-04-22,1,29496896,"78","29496896","P16D","http://aido.bsvgateway.org/api/locations/29496896/","Argentina","Argentina","Country","http://aido.bsvgateway.org/api/locations/13410479/",-65.178190552794,-65.178190552794,-35.3875510414116,"Brucellosis"
"29496896.127",1997-05-24,1997-05-08,2,29496896,"78","29496896","P16D","http://aido.bsvgateway.org/api/locations/29496896/","Argentina","Argentina","Country","http://aido.bsvgateway.org/api/locations/13410479/",-35.3875510414117,-65.178190552794,-35.3875510414116,"Brucellosis"
"29496896.128",1997-06-09,1997-05-24,3,29496896,"78","29496896","P16D","http://aido.bsvgateway.org/api/locations/29496896/","Argentina","Argentina","Country","http://aido.bsvgateway.org/api/locations/13410479/",-65.178190552794,-65.178190552794,-35.3875510414116,"Brucellosis"
"29496896.129",1997-06-25,1997-06-09,1,29496896,"78","29496896","P16D","http://aido.bsvgateway.org/api/locations/29496896/","Argentina","Argentina","Country","http://aido.bsvgateway.org/api/locations/13410479/",-35.3875510414117,-65.178190552794,-35.3875510414116,"Brucellosis"
"29496896.130",1997-07-11,1997-06-25,0,29496896,"78","29496896","P16D","http://aido.bsvgateway.org/api/locations/29496896/","Argentina","Argentina","Country","http://aido.bsvgateway.org/api/locations/13410479/",-65.178190552794,-65.178190552794,-35.3875510414116,"Brucellosis"
"29496896.131",1997-07-27,1997-07-11,0,29496896,"78","29496896","P16D","http://aido.bsvgateway.org/api/locations/29496896/","Argentina","Argentina","Country","http://aido.bsvgateway.org/api/locations/13410479/",-35.3875510414117,-65.178190552794,-35.3875510414116,"Brucellosis"
"29496896.132",1997-08-12,1997-07-27,0,29496896,"78","29496896","P16D","http://aido.bsvgateway.org/api/locations/29496896/","Argentina","Argentina","Country","http://aido.bsvgateway.org/api/locations/13410479/",-65.178190552794,-65.178190552794,-35.3875510414116,"Brucellosis"
"29496896.133",1997-08-28,1997-08-12,0,29496896,"78","29496896","P16D","http://aido.bsvgateway.org/api/locations/29496896/","Argentina","Argentina","Country","http://aido.bsvgateway.org/api/locations/13410479/",-35.3875510414117,-65.178190552794,-35.3875510414116,"Brucellosis"
"29496896.134",1997-09-13,1997-08-28,0,29496896,"78","29496896","P16D","http://aido.bsvgateway.org/api/locations/29496896/","Argentina","Argentina","Country","http://aido.bsvgateway.org/api/locations/13410479/",-65.178190552794,-65.178190552794,-35.3875510414116,"Brucellosis"
"29496896.135",1997-09-29,1997-09-13,0,29496896,"78","29496896","P16D","http://aido.bsvgateway.org/api/locations/29496896/","Argentina","Argentina","Country","http://aido.bsvgateway.org/api/locations/13410479/",-35.3875510414117,-65.178190552794,-35.3875510414116,"Brucellosis"
"29496896.136",1997-10-15,1997-09-29,2,29496896,"78","29496896","P16D","http://aido.bsvgateway.org/api/locations/29496896/","Argentina","Argentina","Country","http://aido.bsvgateway.org/api/locations/13410479/",-65.178190552794,-65.178190552794,-35.3875510414116,"Brucellosis"
"29496896.137",1997-10-31,1997-10-15,1,29496896,"78","29496896","P16D","http://aido.bsvgateway.org/api/locations/29496896/","Argentina","Argentina","Country","http://aido.bsvgateway.org/api/locations/13410479/",-35.3875510414117,-65.178190552794,-35.3875510414116,"Brucellosis"
"54420901.13",2015-01-30,2015-01-29,1,54420901,"78","54420901","P1D","http://aido.bsvgateway.org/api/locations/54420901/","Qatar","Qatar","Country","http://aido.bsvgateway.org/api/locations/20359812/",25.3130745941065,51.1868312935573,25.3130745941065,"Brucellosis"
"54420901.14",2015-01-31,2015-01-30,0,54420901,"78","54420901","P1D","http://aido.bsvgateway.org/api/locations/54420901/","Qatar","Qatar","Country","http://aido.bsvgateway.org/api/locations/20359812/",51.1868312935573,51.1868312935573,25.3130745941065,"Brucellosis"
"54420901.15",2015-02-01,2015-01-31,2,54420901,"78","54420901","P1D","http://aido.bsvgateway.org/api/locations/54420901/","Qatar","Qatar","Country","http://aido.bsvgateway.org/api/locations/20359812/",25.3130745941065,51.1868312935573,25.3130745941065,"Brucellosis"
"54420901.16",2015-02-02,2015-02-01,0,54420901,"78","54420901","P1D","http://aido.bsvgateway.org/api/locations/54420901/","Qatar","Qatar","Country","http://aido.bsvgateway.org/api/locations/20359812/",51.1868312935573,51.1868312935573,25.3130745941065,"Brucellosis"
"54420901.17",2015-02-03,2015-02-02,0,54420901,"78","54420901","P1D","http://aido.bsvgateway.org/api/locations/54420901/","Qatar","Qatar","Country","http://aido.bsvgateway.org/api/locations/20359812/",25.3130745941065,51.1868312935573,25.3130745941065,"Brucellosis"
"54420901.18",2015-02-04,2015-02-03,0,54420901,"78","54420901","P1D","http://aido.bsvgateway.org/api/locations/54420901/","Qatar","Qatar","Country","http://aido.bsvgateway.org/api/locations/20359812/",51.1868312935573,51.1868312935573,25.3130745941065,"Brucellosis"
"54420901.19",2015-02-05,2015-02-04,0,54420901,"78","54420901","P1D","http://aido.bsvgateway.org/api/locations/54420901/","Qatar","Qatar","Country","http://aido.bsvgateway.org/api/locations/20359812/",25.3130745941065,51.1868312935573,25.3130745941065,"Brucellosis"
"54420901.20",2015-02-06,2015-02-05,0,54420901,"78","54420901","P1D","http://aido.bsvgateway.org/api/locations/54420901/","Qatar","Qatar","Country","http://aido.bsvgateway.org/api/locations/20359812/",51.1868312935573,51.1868312935573,25.3130745941065,"Brucellosis"
"54420901.21",2015-02-07,2015-02-06,1,54420901,"78","54420901","P1D","http://aido.bsvgateway.org/api/locations/54420901/","Qatar","Qatar","Country","http://aido.bsvgateway.org/api/locations/20359812/",25.3130745941065,51.1868312935573,25.3130745941065,"Brucellosis"
"54420901.22",2015-02-08,2015-02-07,0,54420901,"78","54420901","P1D","http://aido.bsvgateway.org/api/locations/54420901/","Qatar","Qatar","Country","http://aido.bsvgateway.org/api/locations/20359812/",51.1868312935573,51.1868312935573,25.3130745941065,"Brucellosis"
"54420901.23",2015-02-09,2015-02-08,0,54420901,"78","54420901","P1D","http://aido.bsvgateway.org/api/locations/54420901/","Qatar","Qatar","Country","http://aido.bsvgateway.org/api/locations/20359812/",25.3130745941065,51.1868312935573,25.3130745941065,"Brucellosis"
"54420901.24",2015-02-10,2015-02-09,0,54420901,"78","54420901","P1D","http://aido.bsvgateway.org/api/locations/54420901/","Qatar","Qatar","Country","http://aido.bsvgateway.org/api/locations/20359812/",51.1868312935573,51.1868312935573,25.3130745941065,"Brucellosis"
"54420901.25",2015-02-11,2015-02-10,0,54420901,"78","54420901","P1D","http://aido.bsvgateway.org/api/locations/54420901/","Qatar","Qatar","Country","http://aido.bsvgateway.org/api/locations/20359812/",25.3130745941065,51.1868312935573,25.3130745941065,"Brucellosis"
"54420901.26",2015-02-12,2015-02-11,0,54420901,"78","54420901","P1D","http://aido.bsvgateway.org/api/locations/54420901/","Qatar","Qatar","Country","http://aido.bsvgateway.org/api/locations/20359812/",51.1868312935573,51.1868312935573,25.3130745941065,"Brucellosis"
"54420901.27",2015-02-13,2015-02-12,0,54420901,"78","54420901","P1D","http://aido.bsvgateway.org/api/locations/54420901/","Qatar","Qatar","Country","http://aido.bsvgateway.org/api/locations/20359812/",25.3130745941065,51.1868312935573,25.3130745941065,"Brucellosis"
"54420901.28",2015-02-14,2015-02-13,0,54420901,"78","54420901","P1D","http://aido.bsvgateway.org/api/locations/54420901/","Qatar","Qatar","Country","http://aido.bsvgateway.org/api/locations/20359812/",51.1868312935573,51.1868312935573,25.3130745941065,"Brucellosis"
"54420901.29",2015-02-15,2015-02-14,0,54420901,"78","54420901","P1D","http://aido.bsvgateway.org/api/locations/54420901/","Qatar","Qatar","Country","http://aido.bsvgateway.org/api/locations/20359812/",25.3130745941065,51.1868312935573,25.3130745941065,"Brucellosis"
"54420901.30",2015-02-16,2015-02-15,0,54420901,"78","54420901","P1D","http://aido.bsvgateway.org/api/locations/54420901/","Qatar","Qatar","Country","http://aido.bsvgateway.org/api/locations/20359812/",51.1868312935573,51.1868312935573,25.3130745941065,"Brucellosis"
"54420901.31",2015-02-17,2015-02-16,1,54420901,"78","54420901","P1D","http://aido.bsvgateway.org/api/locations/54420901/","Qatar","Qatar","Country","http://aido.bsvgateway.org/api/locations/20359812/",25.3130745941065,51.1868312935573,25.3130745941065,"Brucellosis"
"54420901.32",2015-02-18,2015-02-17,0,54420901,"78","54420901","P1D","http://aido.bsvgateway.org/api/locations/54420901/","Qatar","Qatar","Country","http://aido.bsvgateway.org/api/locations/20359812/",51.1868312935573,51.1868312935573,25.3130745941065,"Brucellosis"
"54420901.33",2015-02-19,2015-02-18,0,54420901,"78","54420901","P1D","http://aido.bsvgateway.org/api/locations/54420901/","Qatar","Qatar","Country","http://aido.bsvgateway.org/api/locations/20359812/",25.3130745941065,51.1868312935573,25.3130745941065,"Brucellosis"
"54420901.34",2015-02-20,2015-02-19,0,54420901,"78","54420901","P1D","http://aido.bsvgateway.org/api/locations/54420901/","Qatar","Qatar","Country","http://aido.bsvgateway.org/api/locations/20359812/",51.1868312935573,51.1868312935573,25.3130745941065,"Brucellosis"
"54420901.35",2015-02-21,2015-02-20,1,54420901,"78","54420901","P1D","http://aido.bsvgateway.org/api/locations/54420901/","Qatar","Qatar","Country","http://aido.bsvgateway.org/api/locations/20359812/",25.3130745941065,51.1868312935573,25.3130745941065,"Brucellosis"
"54420901.36",2015-02-22,2015-02-21,3,54420901,"78","54420901","P1D","http://aido.bsvgateway.org/api/locations/54420901/","Qatar","Qatar","Country","http://aido.bsvgateway.org/api/locations/20359812/",51.1868312935573,51.1868312935573,25.3130745941065,"Brucellosis"
"54420901.37",2015-02-23,2015-02-22,0,54420901,"78","54420901","P1D","http://aido.bsvgateway.org/api/locations/54420901/","Qatar","Qatar","Country","http://aido.bsvgateway.org/api/locations/20359812/",25.3130745941065,51.1868312935573,25.3130745941065,"Brucellosis"
"54420901.38",2015-02-24,2015-02-23,0,54420901,"78","54420901","P1D","http://aido.bsvgateway.org/api/locations/54420901/","Qatar","Qatar","Country","http://aido.bsvgateway.org/api/locations/20359812/",51.1868312935573,51.1868312935573,25.3130745941065,"Brucellosis"
"54420901.39",2015-02-25,2015-02-24,1,54420901,"78","54420901","P1D","http://aido.bsvgateway.org/api/locations/54420901/","Qatar","Qatar","Country","http://aido.bsvgateway.org/api/locations/20359812/",25.3130745941065,51.1868312935573,25.3130745941065,"Brucellosis"
"54420901.40",2015-02-26,2015-02-25,0,54420901,"78","54420901","P1D","http://aido.bsvgateway.org/api/locations/54420901/","Qatar","Qatar","Country","http://aido.bsvgateway.org/api/locations/20359812/",51.1868312935573,51.1868312935573,25.3130745941065,"Brucellosis"
"54420901.41",2015-02-27,2015-02-26,4,54420901,"78","54420901","P1D","http://aido.bsvgateway.org/api/locations/54420901/","Qatar","Qatar","Country","http://aido.bsvgateway.org/api/locations/20359812/",25.3130745941065,51.1868312935573,25.3130745941065,"Brucellosis"
"54420901.42",2015-02-28,2015-02-27,0,54420901,"78","54420901","P1D","http://aido.bsvgateway.org/api/locations/54420901/","Qatar","Qatar","Country","http://aido.bsvgateway.org/api/locations/20359812/",51.1868312935573,51.1868312935573,25.3130745941065,"Brucellosis"
"69870691.109",1982-07-26,1982-07-19,2,69870691,"78","69870691","P7D","http://aido.bsvgateway.org/api/locations/69870691/","Spain","Spain","Country","http://aido.bsvgateway.org/api/locations/216709393/",40.2272337134656,-3.65263701339604,40.2272337134656,"Brucellosis"
"69870691.110",1982-08-02,1982-07-26,4,69870691,"78","69870691","P7D","http://aido.bsvgateway.org/api/locations/69870691/","Spain","Spain","Country","http://aido.bsvgateway.org/api/locations/216709393/",-3.65263701339604,-3.65263701339604,40.2272337134656,"Brucellosis"
"69870691.111",1982-08-09,1982-08-02,2,69870691,"78","69870691","P7D","http://aido.bsvgateway.org/api/locations/69870691/","Spain","Spain","Country","http://aido.bsvgateway.org/api/locations/216709393/",40.2272337134656,-3.65263701339604,40.2272337134656,"Brucellosis"
"69870691.112",1982-08-16,1982-08-09,1,69870691,"78","69870691","P7D","http://aido.bsvgateway.org/api/locations/69870691/","Spain","Spain","Country","http://aido.bsvgateway.org/api/locations/216709393/",-3.65263701339604,-3.65263701339604,40.2272337134656,"Brucellosis"
"69870691.113",1982-08-23,1982-08-16,3,69870691,"78","69870691","P7D","http://aido.bsvgateway.org/api/locations/69870691/","Spain","Spain","Country","http://aido.bsvgateway.org/api/locations/216709393/",40.2272337134656,-3.65263701339604,40.2272337134656,"Brucellosis"
"69870691.114",1982-08-30,1982-08-23,2,69870691,"78","69870691","P7D","http://aido.bsvgateway.org/api/locations/69870691/","Spain","Spain","Country","http://aido.bsvgateway.org/api/locations/216709393/",-3.65263701339604,-3.65263701339604,40.2272337134656,"Brucellosis"
"69870691.115",1982-09-06,1982-08-30,0,69870691,"78","69870691","P7D","http://aido.bsvgateway.org/api/locations/69870691/","Spain","Spain","Country","http://aido.bsvgateway.org/api/locations/216709393/",40.2272337134656,-3.65263701339604,40.2272337134656,"Brucellosis"
"69870691.116",1982-09-13,1982-09-06,4,69870691,"78","69870691","P7D","http://aido.bsvgateway.org/api/locations/69870691/","Spain","Spain","Country","http://aido.bsvgateway.org/api/locations/216709393/",-3.65263701339604,-3.65263701339604,40.2272337134656,"Brucellosis"
"69870691.117",1982-09-20,1982-09-13,2,69870691,"78","69870691","P7D","http://aido.bsvgateway.org/api/locations/69870691/","Spain","Spain","Country","http://aido.bsvgateway.org/api/locations/216709393/",40.2272337134656,-3.65263701339604,40.2272337134656,"Brucellosis"
"69870691.118",1982-09-27,1982-09-20,2,69870691,"78","69870691","P7D","http://aido.bsvgateway.org/api/locations/69870691/","Spain","Spain","Country","http://aido.bsvgateway.org/api/locations/216709393/",-3.65263701339604,-3.65263701339604,40.2272337134656,"Brucellosis"
"99510252.1",2009-02-01,2009-01-01,0,99510252,"78","99510252","P1M","http://aido.bsvgateway.org/api/locations/99510252/","Lebanon","Lebanon","Country","http://aido.bsvgateway.org/api/locations/20359812/",33.9203588659134,35.879936376182,33.9203588659134,"Brucellosis"
"99510252.2",2009-03-01,2009-02-01,0,99510252,"78","99510252","P1M","http://aido.bsvgateway.org/api/locations/99510252/","Lebanon","Lebanon","Country","http://aido.bsvgateway.org/api/locations/20359812/",35.879936376182,35.879936376182,33.9203588659134,"Brucellosis"
"99510252.3",2009-04-01,2009-03-01,0,99510252,"78","99510252","P1M","http://aido.bsvgateway.org/api/locations/99510252/","Lebanon","Lebanon","Country","http://aido.bsvgateway.org/api/locations/20359812/",33.9203588659134,35.879936376182,33.9203588659134,"Brucellosis"
"99510252.4",2009-05-01,2009-04-01,0,99510252,"78","99510252","P1M","http://aido.bsvgateway.org/api/locations/99510252/","Lebanon","Lebanon","Country","http://aido.bsvgateway.org/api/locations/20359812/",35.879936376182,35.879936376182,33.9203588659134,"Brucellosis"
"99510252.5",2009-06-01,2009-05-01,0,99510252,"78","99510252","P1M","http://aido.bsvgateway.org/api/locations/99510252/","Lebanon","Lebanon","Country","http://aido.bsvgateway.org/api/locations/20359812/",33.9203588659134,35.879936376182,33.9203588659134,"Brucellosis"
"99510252.6",2009-07-01,2009-06-01,28,99510252,"78","99510252","P1M","http://aido.bsvgateway.org/api/locations/99510252/","Lebanon","Lebanon","Country","http://aido.bsvgateway.org/api/locations/20359812/",35.879936376182,35.879936376182,33.9203588659134,"Brucellosis"
"99510252.7",2009-08-01,2009-07-01,45,99510252,"78","99510252","P1M","http://aido.bsvgateway.org/api/locations/99510252/","Lebanon","Lebanon","Country","http://aido.bsvgateway.org/api/locations/20359812/",33.9203588659134,35.879936376182,33.9203588659134,"Brucellosis"
"99510252.8",2009-09-01,2009-08-01,17,99510252,"78","99510252","P1M","http://aido.bsvgateway.org/api/locations/99510252/","Lebanon","Lebanon","Country","http://aido.bsvgateway.org/api/locations/20359812/",35.879936376182,35.879936376182,33.9203588659134,"Brucellosis"
"99510252.9",2009-10-01,2009-09-01,2,99510252,"78","99510252","P1M","http://aido.bsvgateway.org/api/locations/99510252/","Lebanon","Lebanon","Country","http://aido.bsvgateway.org/api/locations/20359812/",33.9203588659134,35.879936376182,33.9203588659134,"Brucellosis"
"99510252.10",2009-11-01,2009-10-01,2,99510252,"78","99510252","P1M","http://aido.bsvgateway.org/api/locations/99510252/","Lebanon","Lebanon","Country","http://aido.bsvgateway.org/api/locations/20359812/",35.879936376182,35.879936376182,33.9203588659134,"Brucellosis"
"99510252.11",2009-12-01,2009-11-01,0,99510252,"78","99510252","P1M","http://aido.bsvgateway.org/api/locations/99510252/","Lebanon","Lebanon","Country","http://aido.bsvgateway.org/api/locations/20359812/",33.9203588659134,35.879936376182,33.9203588659134,"Brucellosis"
"99510252.12",2010-01-01,2009-12-01,0,99510252,"78","99510252","P1M","http://aido.bsvgateway.org/api/locations/99510252/","Lebanon","Lebanon","Country","http://aido.bsvgateway.org/api/locations/20359812/",35.879936376182,35.879936376182,33.9203588659134,"Brucellosis"
